Item_No,Page,Source_File,Type,Text,Attributed_To,Date,Links_Given,Duplicate_Of_Item_ID,Newly_Added
1,Fake News / Media Ledger,src/lib/ledgers.ts,table row,"CLAIM: There is a client list. The government is sitting on the names. | TRUTH: Jeffrey Epstein’s crimes are real. He pleaded guilty in Florida in 2008. He was charged again in the Southern District of New York in 2019. Ghislaine Maxwell was convicted and sentenced to twenty years. A July 2025 memorandum from the Justice Department and the FBI said the review found no incriminating “client list,” no credible evidence he blackmailed prominent people, and no basis to investigate uncharged third parties. The department said he harmed more than a thousand victims. A flight log is not that list. A contact book is not that list. In February 2025 the Attorney General said the list was on her desk. The department later said she meant the file. The caption sold a document the investigation did not find.",The client list,,https://www.documentcloud.org/documents/25993306-doj-epstein-july-2025-memo,,
2,Fake News / Media Ledger,src/lib/ledgers.ts,table row,CLAIM: He was murdered to protect the names. The cameras prove a hit. | TRUTH: The New York City chief medical examiner ruled the death a suicide. The July 2025 Justice Department and FBI memorandum said the review found no evidence he was murdered. The guards falsified logs. Cameras failed. Those failures are real. A failed watch is not a homicide finding.,Murdered in the cell,,https://www.documentcloud.org/documents/25993306-doj-epstein-july-2025-memo,,
3,Fake News / Media Ledger,src/lib/ledgers.ts,table row,CLAIM: It is a Democratic scandal. Or it is a Republican scandal. The channel decides. | TRUTH: The flight logs and the photographs show people from both parties’ worlds. A log records a passenger. It is not a charge. Naming one side and cutting the other is how the outrage was manufactured. The victims are not a party’s property.,Only their party,,https://www.documentcloud.org/documents/25993306-doj-epstein-july-2025-memo,LT-130,
4,Fake News / Media Ledger,src/lib/ledgers.ts,table row,"CLAIM: Say Epstein, and you have proved you care about children. The other children are politics. | TRUTH: Maxwell’s conviction is the case about his victims. It is not a substitute for the children the government could not account for at the border. HHS said caseworkers could not reach sponsors on a follow-up call. CBP counted 10.83 million nationwide encounters in fiscal years 2021 through 2024. Using one set of victims as a slogan, and treating the other count as a party fight, is the manufacture. Both counts are children.","The slogan, not the children",,https://www.cbp.gov/newsroom/stats/cbp-enforcement-statistics,FT-3,
5,Fake News / Media Ledger,src/lib/ledgers.ts,table row,"CLAIM: He is a clear and present danger. Ordinary law is too slow. Break it to stop him. | TRUTH: The phrase is a speech test. Brandenburg v. Ohio, 395 U.S. 444, replaced Schenck: the state may punish speech only if it is meant to produce imminent lawless action and is likely to. It limits the government. It is not a finding, and it is not a license to break the law to stop an elected opponent.",Clear and present danger,,https://supreme.justia.com/cases/federal/us/395/444/,FT-36,
6,Fake News / Media Ledger,src/lib/ledgers.ts,table row,"CLAIM: Parents at school boards are a domestic-terror problem. | TRUTH: The National School Boards Association asked the White House. On October 4, 2021, Attorney General Merrick Garland ordered U.S. Attorneys and the FBI to coordinate. Parents speaking at a school board are not a terrorism case.",Domestic terrorists,,https://www.justice.gov/d9/press-releases/attachments/2021/10/04/ag_memo_1.pdf,FT-175,
7,Fake News / Media Ledger,src/lib/ledgers.ts,table row,"CLAIM: It is a reckless war of choice. Iran was not a nuclear problem. | TRUTH: Hakeem Jeffries used “war of choice.” Members repeated it on the House floor on March 4, 2026. The sentence leaves out the stockpile. IAEA GOV/2026/50 counted 440.9 kilograms of uranium enriched up to 60 percent as of June 13, 2025. A civilian reactor uses about 3 to 5 percent. Weapons-grade is about 90. Iran is the only non-weapon state at 60 percent. A power plant does not need that fuel. Omitting the number is how a half-truth is posted.",War of choice,,https://www.iaea.org/sites/default/files/gov2026-50.pdf,FT-81,
8,Fake News / Media Ledger,src/lib/ledgers.ts,table row,"CLAIM: It is Trump’s illegal war. One hundred days. The enrichment is not mentioned. | TRUTH: Chuck Schumer posted “100 days of Trump’s illegal war.” Ro Khanna called it immoral, illegal, and unstrategic. A fight over whether Congress authorized the force is a real constitutional argument. It is not a finding that the uranium was never there. The inspectors wrote 440.9 kilograms up to 60 percent before the June 2025 strikes, then lost access. Denying the enrichment is denying an inspection that already happened.",Illegal war,,https://www.iaea.org/sites/default/files/gov2026-50.pdf,FT-170,
9,Fake News / Media Ledger,src/lib/ledgers.ts,table row,"CLAIM: He called neo-Nazis very fine people. | TRUTH: Same news conference: “I’m not talking about the neo-Nazis and the white nationalists, because they should be condemned totally.”",Fine people,,https://trumpwhitehouse.archives.gov/briefings-statements/remarks-president-trump-infrastructure/,FT-1,
10,Fake News / Media Ledger,src/lib/ledgers.ts,table row,"CLAIM: If he loses, it will be a bloodbath. He wants another January 6. | TRUTH: He said the word twice, at 29:45, about Chinese cars built in Mexico and a 100 percent tariff. March 16, 2024, is the only occasion located.",Bloodbath,,https://www.youtube.com/watch?v=f57dRZMS0PQ&t=1785s,LT-31,
11,Fake News / Media Ledger,src/lib/ledgers.ts,table row,"CLAIM: He said he will be a dictator. | TRUTH: Close the border. Drill. “After that, I’m not a dictator.”",Dictator,,https://www.youtube.com/watch?v=7lB3bfVg8Z8,LT-32,
12,Fake News / Media Ledger,src/lib/ledgers.ts,table row,"CLAIM: He told Americans to inject bleach. | TRUTH: April 23, 2020. He asked the doctors whether light and disinfectant were “interesting to check.” It was not an instruction to drink Clorox.",Bleach,,https://trumpwhitehouse.archives.gov/briefings-statements/remarks-president-trump-vice-president-pence-members-coronavirus-task-force-press-briefing-31/,LT-24,
13,Fake News / Media Ledger,src/lib/ledgers.ts,table row,"CLAIM: He said the coronavirus was a hoax. | TRUTH: February 28, 2020, North Charleston. He called the Democrats’ politicizing of the virus “their new hoax.” He did not say the pathogen was fake.",The virus is a hoax,,https://www.c-span.org/program/campaign-2020/president-trump-campaign-event-in-north-charleston-south-carolina/541990,FT-56,
14,Fake News / Media Ledger,src/lib/ledgers.ts,table row,"CLAIM: He ordered the country to test less. | TRUTH: At Tulsa he said he told his people, “Slow the testing down, please.” The next day, asked if he was kidding, he said, “I don’t kid.” No order cutting tests was issued to the department. The order was added.",Slow the testing,,https://www.c-span.org/clip/white-house-event/user-clip-trump-doesnt-kid-about-suggesting-we-stop-testing/4888561,LT-133,
15,Fake News / Media Ledger,src/lib/ledgers.ts,table row,"CLAIM: He said Mexicans are rapists. | TRUTH: June 16, 2015. The sentence was about people crossing illegally: drugs, crime, “they’re rapists. And some, I assume, are good people.” It was not a line about every Mexican.",All Mexicans are rapists,,https://www.c-span.org/clip/campaign-2016/user-clip-donald-trump-presidential-campaign-announcement/4710423,FT-57,
16,Fake News / Media Ledger,src/lib/ledgers.ts,table row,"CLAIM: He banned Muslims. | TRUTH: On December 7, 2015, he called for a shutdown of Muslim entry. That statement is real. The order the Court upheld, Proclamation 9645, named countries, not a faith, and did not apply to American Muslims. The caption treated the statement and the statute as the same act.",Muslim ban,,https://www.supremecourt.gov/opinions/17pdf/17-965_h315.pdf,LT-222,
17,Fake News / Media Ledger,src/lib/ledgers.ts,table row,"CLAIM: The courts killed the travel ban. | TRUTH: Early orders were enjoined. The third proclamation was upheld, 5–4.",The ban was struck down,,https://www.supremecourt.gov/opinions/17pdf/17-965_h315.pdf,FT-22,
18,Fake News / Media Ledger,src/lib/ledgers.ts,table row,"CLAIM: He built the cages in 2018. | TRUTH: AP’s own fact check: the viral photographs were taken in 2014, under the prior administration, and were posted as if they were new.",Kids in cages,,https://apnews.com/article/a98f26f7c9424b44b7fa927ea1acd4d4,,
19,Fake News / Media Ledger,src/lib/ledgers.ts,table row,"CLAIM: Park Police cleared Lafayette Square so he could hold a Bible. | TRUTH: Interior inspector general, June 2021: the fence plan was set before officials knew he would walk. The report did not find that the Park Police cleared the park for the church.",Bible photo op,,https://www.doioig.gov/reports/review/review-us-park-police-actions-lafayette-park,FT-14,
20,Fake News / Media Ledger,src/lib/ledgers.ts,table row,CLAIM: He held the Bible upside down. | TRUTH: The photograph shows the book right side up.,Bible upside down,,https://www.doioig.gov/reports/review/review-us-park-police-actions-lafayette-park,FT-14,
21,Fake News / Media Ledger,src/lib/ledgers.ts,table row,"CLAIM: The campaign colluded with Moscow. The evidence was more than circumstantial. The walls are closing in. | TRUTH: Schiff said “more than circumstantial” on March 20, 2017. Mueller Volume I: the investigation did not establish conspiracy or coordination. Durham: no actual evidence of collusion in the holdings when Crossfire Hurricane opened.",Russia collusion,,https://www.justice.gov/archives/sco/file/1373816/dl,FT-11,
22,Fake News / Media Ledger,src/lib/ledgers.ts,table row,"CLAIM: Seventeen intelligence agencies concluded he was Russia’s man. | TRUTH: The January 2017 assessment was three agencies: CIA, FBI, and NSA. The “seventeen” line did not survive.",Seventeen agencies,,https://www.dni.gov/files/documents/ICA_2017_01.pdf,FT-78,
23,Fake News / Media Ledger,src/lib/ledgers.ts,table row,CLAIM: The Steele dossier was the corroborated file. | TRUTH: It was opposition research. Horowitz: seventeen FISA inaccuracies and omissions on Carter Page. Clinesmith altered an email. That is 18 U.S.C. § 1001.,The dossier,,https://oig.justice.gov/node/1100,FT-39,
24,Fake News / Media Ledger,src/lib/ledgers.ts,table row,CLAIM: A tape exists. It is being held. | TRUTH: No tape has been produced in any court. A rumor is not an exhibit.,Pee tape,,https://www.justice.gov/storage/durhamreport.pdf,,
25,Fake News / Media Ledger,src/lib/ledgers.ts,table row,CLAIM: Carter Page was a Russian agent. | TRUTH: He was a U.S. person under a FISA warrant the inspector general said was not scrupulously accurate. He was not charged as an agent.,Page was a spy,,https://oig.justice.gov/node/1100,,
26,Fake News / Media Ledger,src/lib/ledgers.ts,table row,CLAIM: A secret server tied the campaign to a Russian bank. | TRUTH: The allegation did not become a charge. Durham charged the lawyer who brought a related tip. A jury acquitted Sussmann.,Alfa Bank,,https://www.justice.gov/storage/durhamreport.pdf,FT-235,
27,Fake News / Media Ledger,src/lib/ledgers.ts,table row,"CLAIM: The United States kidnapped the president of Venezuela. | TRUTH: The Southern District of New York indicted Nicolás Maduro on March 26, 2020, for narco-terrorism conspiracy, 21 U.S.C. § 960a. Custody was January 3, 2026. He was arraigned in Brooklyn. Kidnapping, 18 U.S.C. § 1201, is an unlawful seizure. A warrant executed is not a kidnapping.",Kidnapped,,https://www.justice.gov/usao-sdny/pr/manhattan-us-attorney-announces-narco-terrorism-charges-against-nicolas-maduro-current,,
28,Fake News / Media Ledger,src/lib/ledgers.ts,table row,CLAIM: Russian disinformation. Do not look. | TRUTH: Fifty-one former officials signed a letter weeks before the 2020 vote. The letter said they had no evidence of Russian involvement. The laptop was real. Twitter blocked the story.,The laptop,,https://judiciary.house.gov/media/press-releases/new-judiciary-committee-website-highlights-activities-and-findings-select,FT-15,
29,Fake News / Media Ledger,src/lib/ledgers.ts,table row,"CLAIM: There is no evidence of Biden-family payments. | TRUTH: House bank records and the laptop messages are the file. “10 percent for the big guy” is a line in that file, not a caption invented later.",Nothing on the laptop,,https://oversight.house.gov/,FT-15,
30,Fake News / Media Ledger,src/lib/ledgers.ts,table row,"CLAIM: The floor reading was the call. | TRUTH: July 25, 2019 memo is public. The parody was not in it. He later called the performance parody.",Schiff’s transcript,,https://trumpwhitehouse.archives.gov/wp-content/uploads/2019/09/Unclassified09.2019.pdf,FT-250,
31,Fake News / Media Ledger,src/lib/ledgers.ts,table row,CLAIM: Ukraine’s president said he was pressured. | TRUTH: Zelensky said he felt no pressure. The Senate acquitted.,Zelensky confirmed the crime,,https://trumpwhitehouse.archives.gov/wp-content/uploads/2019/09/Unclassified09.2019.pdf,FT-20,
32,Fake News / Media Ledger,src/lib/ledgers.ts,table row,"CLAIM: January 6 was insurrection, charged as such. | TRUTH: 18 U.S.C. § 2383. USAO-DC: more than a thousand charged. Zero under that statute.",Insurrection,,https://www.justice.gov/usao-dc/48-months-jan-6-attack-us-capitol,,
33,Fake News / Media Ledger,src/lib/ledgers.ts,table row,CLAIM: The speech was only “fight like hell.” | TRUTH: C-SPAN has the Ellipse. “Peacefully and patriotically” is on the same tape. The BBC splice put two lines fifty-four minutes apart into one thought.,He never said peacefully,,https://www.c-span.org/video/?507744-1/president-trump-speaks-save-america-rally,FT-248,
34,Fake News / Media Ledger,src/lib/ledgers.ts,table row,"CLAIM: The hallway clip proved a peaceful tour. He was a political prisoner. The others were the same, and Congress still will not release the tapes. | TRUTH: ",The escort clip,,,FT-238,
35,Fake News / Media Ledger,src/lib/ledgers.ts,table row,CLAIM: A fire extinguisher beat Officer Sicknick to death that day. | TRUTH: The D.C. medical examiner found natural causes: strokes. The first story did not survive the autopsy.,Sicknick,,https://www.uscp.gov/media-center/press-releases/medical-examiner-finds-uscp-officer-brian-sicknick-died-natural-causes,FT-86,
36,Fake News / Media Ledger,src/lib/ledgers.ts,table row,"CLAIM: He called immigrants animals. | TRUTH: The May 16, 2018, roundtable was MS-13. The White House transcript is the gang, not every person who crosses. Later speeches used the word about people accused of crimes. Those later sentences are his. The 2018 widening was the alteration.",Animals,,https://trumpwhitehouse.archives.gov/briefings-statements/remarks-president-trump-california-sanctuary-state-roundtable/,FT-13,
37,Fake News / Media Ledger,src/lib/ledgers.ts,table row,"CLAIM: Day one, a federal ban, and a ban on IVF. | TRUTH: He said abortion returns to the states after Dobbs, and that he supports IVF. A caption is not a bill.",National abortion ban,,https://www.supremecourt.gov/opinions/21pdf/19-1392_6j37.pdf,LT-47,
38,Fake News / Media Ledger,src/lib/ledgers.ts,table row,CLAIM: He secretly wrote Project 2025 and will enact it on day one. | TRUTH: Mandate for Leadership is a Heritage Foundation book. The editors are Paul Dans and Steven Groves. His name is not on the title page. People who worked in his government also worked on the book. Overlap is not authorship.,Project 2025,,https://archive.org/details/project-2025-mandate-for-leadership-heritage-foundation/,LT-42,
39,Fake News / Media Ledger,src/lib/ledgers.ts,table row,CLAIM: Border agents whipped Haitian migrants. | TRUTH: The photograph was split reins. Customs and Border Protection’s investigation found no evidence that migrants were struck by the reins. The president said they would pay before that file closed.,Whips,,https://www.cbp.gov/newsroom/national-media-release/cbp-releases-findings-investigation-horse-patrol-activity-del-rio,,
40,Fake News / Media Ledger,src/lib/ledgers.ts,table row,CLAIM: A lab origin is a racist conspiracy. | TRUTH: By 2021 the theory was a live intelligence question. The FBI later assessed a lab origin with moderate confidence. The ban on the question was the lie.,Lab leak,,https://www.dni.gov/files/ODNI/documents/assessments/Unclassified-Summary-of-Assessment-on-COVID-19-Origins.pdf,,
41,Fake News / Media Ledger,src/lib/ledgers.ts,table row,"CLAIM: The drug is a proven killer. The paper says so. | TRUTH: The Lancet published a paper in May 2020 and retracted it on June 4, 2020. The authors said they could no longer vouch for the data. A retracted paper is not a clinical finding.",Hydroxychloroquine kills,,https://www.thelancet.com/journals/lancet/article/PIIS0140-6736(20)31324-6/fulltext,,
42,Fake News / Media Ledger,src/lib/ledgers.ts,table row,"CLAIM: He has never condemned white supremacists. | TRUTH: Charlottesville, the debates, and later remarks contain the condemnation. The package cuts it.",No condemnation,,https://trumpwhitehouse.archives.gov/briefings-statements/remarks-president-trump-infrastructure/,FT-23,
43,Fake News / Media Ledger,src/lib/ledgers.ts,table row,"CLAIM: “Many sides” was his only comment on Charlottesville. | TRUTH: August 12, 2017, he said hatred and violence “on many sides.” On August 14 he named the KKK, neo-Nazis, and white supremacists and called them repugnant. The clip kept the first day and threw out the second.",Many sides,,https://trumpwhitehouse.archives.gov/briefings-statements/remarks-president-trump-infrastructure/,FT-25,
44,Fake News / Media Ledger,src/lib/ledgers.ts,table row,"CLAIM: He never disavowed David Duke. | TRUTH: On February 28, 2016, he dodged the question. That part is real. On March 1, 2016, at a news conference, he said he disavowed Duke. “Never” is the altered word.",David Duke,,https://www.c-span.org/clip/campaign-2016/user-clip-in-march-2016-trump-makes-clear-he-disavows-david-duke-and-the-kkk/4812332,,
45,Fake News / Media Ledger,src/lib/ledgers.ts,table row,"CLAIM: He deployed the Proud Boys to January 6. | TRUTH: “Stand back and stand by” is on the September 29, 2020, debate transcript. That is months before January 6. The words are his. No charging document shows a chain of command from that sentence to the Capitol.",Stand by,,https://www.debates.org/voter-education/debate-transcripts/september-29-2020-debate-transcript/,FT-5,
46,Fake News / Media Ledger,src/lib/ledgers.ts,table row,CLAIM: He told people to inject sunlight. | TRUTH: Same April 23 briefing. He asked whether bringing light “inside the body” was something to check. A question to a doctor is not a medical order.,Inject light,,https://trumpwhitehouse.archives.gov/briefings-statements/remarks-president-trump-vice-president-pence-members-coronavirus-task-force-press-briefing-31/,LT-24,
47,Fake News / Media Ledger,src/lib/ledgers.ts,table row,CLAIM: “The cure cannot be worse than the problem” meant he wanted the deaths. | TRUTH: The sentence was about lockdowns and the economy. The wish for deaths was added.,Let them die,,https://trumpwhitehouse.archives.gov/briefings-statements/remarks-president-trump-vice-president-pence-members-coronavirus-task-force-press-briefing-31/,,
48,Fake News / Media Ledger,src/lib/ledgers.ts,table row,"CLAIM: He had nothing to do with the vaccine. | TRUTH: Operation Warp Speed was his administration’s program. The first shots were authorized in December 2020, during his term.",No vaccine,,https://www.fda.gov/news-events/press-announcements/fda-approves-first-covid-19-vaccine,LT-116,
49,Fake News / Media Ledger,src/lib/ledgers.ts,table row,"CLAIM: Mueller did not exonerate him, so he was guilty. | TRUTH: Mueller did not make a traditional charging decision on a sitting president. “Did not exonerate” is not a guilty verdict. Volume I did not establish conspiracy.",No exoneration,,https://www.justice.gov/archives/sco/file/1373816/dl,,
50,Fake News / Media Ledger,src/lib/ledgers.ts,table row,CLAIM: Mueller found ten obstruction crimes. | TRUTH: The report listed possible acts and did not conclude they were crimes. A list of questions is not an indictment.,Ten crimes,,https://www.justice.gov/archives/sco/file/1373816/dl,,
51,Fake News / Media Ledger,src/lib/ledgers.ts,table row,"CLAIM: He confessed to obstruction on NBC. | TRUTH: The Lester Holt interview is him calling the Russia story made up, as a reason he fired Comey. That sentence is real. It is not a plea to a statute.",He confessed,,https://www.justice.gov/archives/sco/file/1373816/dl,,
52,Fake News / Media Ledger,src/lib/ledgers.ts,table row,CLAIM: The intelligence agencies found he was a Russian agent. | TRUTH: The January 2017 assessment said Putin ordered an influence campaign and preferred him. It did not find that Donald Trump was an agent of Russia.,Russian agent,,https://www.dni.gov/files/documents/ICA_2017_01.pdf,FT-5,
53,Fake News / Media Ledger,src/lib/ledgers.ts,table row,"CLAIM: Republicans funded the dossier. That is the whole story. | TRUTH: A Republican donor started opposition research. The Clinton campaign and the DNC then paid Fusion GPS, which paid Steele. The FEC fined them for reporting that spending as legal services.",Republicans paid Steele,,https://www.fec.gov/files/legal/murs/7291/7291_01.pdf,FT-39,
54,Fake News / Media Ledger,src/lib/ledgers.ts,table row,"CLAIM: The Trump Tower meeting was the collusion, and Don Jr. was indicted. | TRUTH: The June 9, 2016, meeting happened. No indictment of Donald Trump Jr. followed from it.",Don Jr. indicted,,https://www.justice.gov/archives/sco/file/1373816/dl,FT-11,
55,Fake News / Media Ledger,src/lib/ledgers.ts,table row,CLAIM: Michael Flynn was convicted as a Russian agent under the Logan Act. | TRUTH: He pleaded to a false statement. The Logan Act was not charged. The Justice Department moved to dismiss. A pardon followed. Agent and Logan Act were added.,Flynn the agent,,https://www.justice.gov/archives/sco/file/1373816/dl,FT-8,
56,Fake News / Media Ledger,src/lib/ledgers.ts,table row,CLAIM: Manafort was convicted of colluding with Russia. | TRUTH: Paul Manafort was convicted of tax and bank-fraud counts. Collusion was not the conviction.,Manafort colluded,,https://www.justice.gov/archives/sco/file/1373816/dl,FT-40,
57,Fake News / Media Ledger,src/lib/ledgers.ts,table row,"CLAIM: Roger Stone was convicted of conspiring with Russia. | TRUTH: Stone was convicted of lying to Congress, obstruction, and witness tampering. A Russia-conspiracy count was not the verdict. A pardon followed.",Stone and WikiLeaks,,https://www.justice.gov/usao-dc/pr/roger-stone-found-guilty-obstruction-false-statements-and-witness-tampering,FT-6,
58,Fake News / Media Ledger,src/lib/ledgers.ts,table row,CLAIM: They impeached him for treason. | TRUTH: Treason is Article III and 18 U.S.C. § 2381. The first articles were abuse of power and obstruction of Congress. The second was incitement of insurrection. Treason was not the article.,Impeached for treason,,https://www.congress.gov/bill/116th-congress/house-resolution/755,,
59,Fake News / Media Ledger,src/lib/ledgers.ts,table row,CLAIM: He was impeached and removed. | TRUTH: The House impeached him twice. The Senate acquitted him twice. Removal never happened.,Removed,,https://www.senate.gov/legislative/LIS/roll_call_votes/vote1162/vote_116_2_00033.htm,FT-37,
60,Fake News / Media Ledger,src/lib/ledgers.ts,table row,CLAIM: The Senate convicted him of insurrection. | TRUTH: The second trial ended 57–43. Conviction required two-thirds. He was acquitted.,The Senate convicted,,https://www.senate.gov/legislative/LIS/roll_call_votes/vote1171/vote_117_1_00059.htm,FT-195,
61,Fake News / Media Ledger,src/lib/ledgers.ts,table row,CLAIM: The Fourteenth Amendment already knocked him off the ballot. | TRUTH: Trump v. Anderson: states have no power to enforce Section 3 against a candidate for federal office. Congress holds that enforcement.,Already disqualified,,https://supreme.justia.com/cases/federal/us/601/100/,FT-72,
62,Fake News / Media Ledger,src/lib/ledgers.ts,table row,CLAIM: He told the crowd to hang Mike Pence. | TRUTH: The crowd chanted it. His public sentence that afternoon was that Pence “didn’t have the courage.” The chant and the tweet are not the same words.,Hang Mike Pence,,https://www.c-span.org/video/?507744-1/president-trump-speaks-save-america-rally,FT-92,
63,Fake News / Media Ledger,src/lib/ledgers.ts,table row,"CLAIM: He watched television for 187 minutes and said nothing. | TRUTH: He tweeted at 2:38 p.m. to stay peaceful and support the Capitol Police, and again at 3:13 p.m. to remain peaceful. The 4:17 p.m. video said go home. Silence is the altered word.",187 minutes,,https://www.c-span.org/video/?507744-1/president-trump-speaks-save-america-rally,FT-108,
64,Fake News / Media Ledger,src/lib/ledgers.ts,table row,CLAIM: The video was only “we love you.” | TRUTH: The same video told them to go home in peace. One clause was kept. The other was cut.,We love you,,https://www.c-span.org/video/?507744-1/president-trump-speaks-save-america-rally,FT-67,
65,Fake News / Media Ledger,src/lib/ledgers.ts,table row,CLAIM: He never called the National Guard. | TRUTH: The Defense Department’s timeline has a request and a deployment that afternoon. It was not instant. “Never” is the word that does not survive the timeline.,Never called the Guard,,https://www.documentcloud.org/documents/20500984-planning-and-execution-timeline-for-the-national-guards-involvement-in-the-january-6-2021-violent-attack-at-the-us-capitol/,LT-146,
66,Fake News / Media Ledger,src/lib/ledgers.ts,table row,CLAIM: He grabbed the steering wheel and lunged at a Secret Service agent. | TRUTH: That is hearing testimony. There is no video. Agents were reported ready to dispute it. Testimony is not a played tape.,He grabbed the wheel,,https://www.govinfo.gov/content/pkg/GPO-J6-REPORT/pdf/GPO-J6-REPORT.pdf,,
67,Fake News / Media Ledger,src/lib/ledgers.ts,table row,"CLAIM: He quoted Hitler on blood. | TRUTH: On December 16, 2023, in Durham, New Hampshire, he said illegal immigrants are “poisoning the blood of our country.” That sentence is his, and it is ugly. He did not read a line of Hitler on that tape. The phrase and a citation are not the same exhibit.",He quoted Hitler,,https://www.c-span.org/clip/campaign-2024/donald-trump-on-illegal-immigrants-poisoning-the-blood-of-our-country/5098439,LT-182,
68,Fake News / Media Ledger,src/lib/ledgers.ts,table row,"CLAIM: Five police officers were killed by the mob that afternoon. | TRUTH: Officer Sicknick died the next day of strokes, natural causes. Other deaths cited later were not killings on the Capitol steps that afternoon. The count was built by moving the clock.",Five officers,,https://www.uscp.gov/media-center/press-releases/medical-examiner-finds-uscp-officer-brian-sicknick-died-natural-causes,LT-148,
69,Fake News / Media Ledger,src/lib/ledgers.ts,table row,CLAIM: The child on the Time cover was ripped from her mother. | TRUTH: The June 2018 cover used a photograph of a girl who was not separated from her mother. Time corrected the reporting. The father said they stayed together.,The crying girl,,https://www.npr.org/2018/06/22/622611182/crying-toddler-on-widely-shared-time-cover-was-not-separated-from-mother,FT-68,
70,Fake News / Media Ledger,src/lib/ledgers.ts,table row,"CLAIM: He lost 1,475 children. | TRUTH: On April 26, 2018, HHS told a Senate subcommittee that caseworkers could not reach sponsors for 1,475 children on a follow-up call. The children had been released to sponsors. The agency said they were not lost. The number was printed as if it were family separation.",Lost children,,https://www.hsgac.senate.gov/subcommittees/investigations/hearings/oversight-of-hhs-and-dhs-efforts-to-protect-unaccompanied-alien-children-from-human-trafficking-and-abuse/,FT-3,
71,Fake News / Media Ledger,src/lib/ledgers.ts,table row,"CLAIM: No child was separated before he invented it in 2018. | TRUTH: Zero tolerance, May 2018, formalized prosecutions of adults who crossed. Separations happened before that policy. The Flores settlement is 1997. “Invented” is the false word. The 2018 policy is real.",He invented separation,,https://www.justice.gov/archives/opa/pr/attorney-general-announces-zero-tolerance-policy-criminal-illegal-entry,FT-36,
72,Fake News / Media Ledger,src/lib/ledgers.ts,table row,CLAIM: The border facilities were concentration camps. | TRUTH: The word is a specific historical crime. The places were CBP holding rooms. The word did the work the charge sheet did not.,Concentration camps,,https://www.justice.gov/archives/opa/pr/attorney-general-announces-zero-tolerance-policy-criminal-illegal-entry,,
73,Fake News / Media Ledger,src/lib/ledgers.ts,table row,"CLAIM: They tear-gassed a peaceful crowd so he could hold a Bible. | TRUTH: The inspector general found the clearing was for a fence, planned before the walk. Violence the two nights before had injured Park Police. The motive in the caption did not survive the report.",Tear gas,,https://www.doioig.gov/reports/review/review-us-park-police-actions-lafayette-park,,
74,Fake News / Media Ledger,src/lib/ledgers.ts,table row,CLAIM: He staged a photo at a church he had burned. | TRUTH: St. John’s was damaged in a fire the night before the walk. He did not set it.,He burned the church,,https://www.doioig.gov/reports/review/review-us-park-police-actions-lafayette-park,,
75,Fake News / Media Ledger,src/lib/ledgers.ts,table row,"CLAIM: He built nothing on the border. | TRUTH: CBP records hundreds of miles of barrier in the first term, much of it replacement of older fence. Not zero. Not the full border he promised. “Nothing” is the lie.",Not one mile,,https://www.cbp.gov/border-security/along-us-borders/border-wall-system,,
76,Fake News / Media Ledger,src/lib/ledgers.ts,table row,CLAIM: A jury found him liable for rape. | TRUTH: In the Carroll case the verdict form was sexual abuse. The judge later said the conduct met a common meaning of rape. The form and the headline were not the same word.,Liable for rape,,https://www.courtlistener.com/docket/65895581/carroll-v-trump/,LT-16,
77,Fake News / Media Ledger,src/lib/ledgers.ts,table row,CLAIM: He was convicted of stealing nuclear secrets. | TRUTH: The classified-documents indictment was dismissed. There was no conviction.,Nuclear secrets,,https://storage.courtlistener.com/recap/gov.uscourts.flsd.651411/gov.uscourts.flsd.651411.672.0.pdf,LT-122,
78,Fake News / Media Ledger,src/lib/ledgers.ts,table row,"CLAIM: The 34 counts were insurrection, espionage, and rape. | TRUTH: The Manhattan indictment is 34 counts of falsifying business records in the first degree, New York Penal Law § 175.10. A jury convicted on those counts. It is not a conviction for insurrection, espionage, or rape.",Convicted of all of it,,https://www.manhattanda.org/wp-content/uploads/2023/04/Donald-J.-Trump-Indictment.pdf,,
79,Fake News / Media Ledger,src/lib/ledgers.ts,table row,"CLAIM: He was criminally convicted of fraud at Trump University. | TRUTH: On November 18, 2016, the New York Attorney General announced a $25 million civil settlement. He did not admit the claim. There was no criminal conviction.",Trump University,,https://web.archive.org/web/20190819000652/https://ag.ny.gov/press-release/statement-ag-schneiderman-25-million-settlement-agreement-reached-trump-university,FT-227,
80,Fake News / Media Ledger,src/lib/ledgers.ts,table row,"CLAIM: The Trump Foundation sent him to jail. | TRUTH: On November 7, 2019, the New York Attorney General announced a court order dissolving the charity and a $2 million civil payment. He was not jailed.",The foundation,,https://ag.ny.gov/press-release/2019/ag-james-secures-court-order-against-donald-j-trump-trump-children-and-trump,FT-10,
81,Fake News / Media Ledger,src/lib/ledgers.ts,table row,"CLAIM: The leaked returns prove he pays no income tax. He is a cheat. | TRUTH: Charles Littlejohn stole the returns while an IRS contractor, to influence the election. He pleaded guilty to unauthorized disclosure, 26 U.S.C. § 7213. He was sentenced to five years. The returns Ways and Means released in December 2022 show federal income tax paid: $641,931 in 2015, $750 in 2016, $750 in 2017, $999,466 in 2018, $133,445 in 2019, and $0 in 2020 on a reported loss. A low bill after losses and credits is not a charge that tax due went unpaid. No criminal tax-evasion case was brought on those returns. The man who went to jail is the man who leaked them.",He pays no taxes,,https://www.justice.gov/opa/pr/former-irs-contractor-sentenced-disclosing-tax-return-information-news-organizations,FT-166,
82,Fake News / Media Ledger,src/lib/ledgers.ts,table row,"CLAIM: He is the most corrupt president in American history. | TRUTH: The caption ran for years. It was not a charge. His criminal conviction is 34 counts of falsifying business records in New York. It is not bribery, and it is not unpaid income tax. The comparison they would not run: House Oversight bank records show millions from foreign sources to Biden family members and associates. Hunter Biden sat on Burisma’s board while his father was vice president and the point man on Ukraine. A May 13, 2017 message on the laptop says “10 percent for the big guy.” Joe Biden said he never discussed the overseas business. The messages do not match that denial. Hunter was convicted on a gun count, pleaded guilty to tax counts, and was pardoned on December 1, 2024. Joe Biden was not convicted of bribery. One later FBI source who alleged a cash bribe was himself charged with lying. That charge does not erase the bank records or the board seat. Republicans opened an inquiry and did not make the country sit with this file the way the other side made the country sit with a caption.",Most corrupt ever,,https://oversight.house.gov/,,
83,Fake News / Media Ledger,src/lib/ledgers.ts,table row,"CLAIM: He called dead Marines suckers and losers. It is on tape. | TRUTH: The Atlantic, September 3, 2020, used unnamed sources for a 2018 visit to a military cemetery. There is no recording. Trump denied it. Officials who were there denied it at the time. John Kelly later said he heard the words. A later recollection is not a tape. “On tape” is the added claim.",Suckers and losers,,https://www.theatlantic.com/politics/archive/2020/09/trump-americans-who-died-at-war-are-losers-and-suckers/615997/,,
84,Fake News / Media Ledger,src/lib/ledgers.ts,table row,CLAIM: Russia paid the Taliban to kill American troops. It is confirmed. | TRUTH: The New York Times printed it in June 2020 as a finding the president had been briefed on. Later intelligence assessments did not confirm a directed bounty program. A headline that outran the assessment is not a confirmed order.,Russian bounties,,https://www.nytimes.com/2020/06/26/us/politics/russia-afghanistan-bounties.html,FT-5,
85,Fake News / Media Ledger,src/lib/ledgers.ts,table row,"CLAIM: He called for Liz Cheney to be put in front of a firing squad. | TRUTH: On October 31, 2024, in Glendale, he called her a radical war hawk and said to put her with a rifle, nine barrels shooting at her, so she would know what war is. That sentence is his, and it is ugly. It is a taunt about hawks and combat. It is not an order to execute a member of Congress.",Liz Cheney,,https://www.theatlantic.com/politics/archive/2024/11/trump-liz-cheney-war/680485/,,
86,Fake News / Media Ledger,src/lib/ledgers.ts,table row,CLAIM: The protests were mostly peaceful. | TRUTH: In the summer of 2020 a caption ran in front of fire. The Minneapolis Third Precinct burned. Kenosha burned. Insured losses from the unrest were about $1 billion to $2 billion. Peaceful assembly is a right. A police station on fire is not peaceful.,Mostly peaceful,,https://www.justice.gov/opa/pr/attorney-general-william-p-barrs-statement-riots-and-domestic-terrorism,FT-14,
87,Fake News / Media Ledger,src/lib/ledgers.ts,table row,"CLAIM: He fired the entire pandemic response team in 2018. That is why the country was unready. | TRUTH: In 2018 the National Security Council folded a global-health directorate into another directorate. That is a reorganization. It is not the abolition of the CDC, the stockpile, or pandemic science. The motive was added later.",He fired the pandemic team,,https://trumpwhitehouse.archives.gov/nsc/,FT-95,
88,Fake News / Media Ledger,src/lib/ledgers.ts,table row,CLAIM: He ordered troops to shoot protesters in the legs. | TRUTH: The claim is in a memoir by a former defense secretary. There is no recording and no order in the file. A book is not a played tape.,Shoot them in the legs,,https://www.fda.gov/drugs/postmarket-drug-safety-information-patients-and-providers/information-about-mifepristone-medical-termination-pregnancy-through-ten-weeks-gestation,LT-141,
89,Fake News / Media Ledger,src/lib/ledgers.ts,table row,"CLAIM: Day one, he will ban the abortion pill. | TRUTH: He said he would not ban mifepristone. A caption is not a statute, and it is not his sentence.",Ban the pill,,https://www.fda.gov/drugs/postmarket-drug-safety-information-patients-and-providers/information-about-mifepristone-medical-termination-pregnancy-through-ten-weeks-gestation,,
90,Fake News / Media Ledger,src/lib/ledgers.ts,table row,"CLAIM: He ordered the military to open fire on Americans on election day. | TRUTH: In an October 2024 interview he used the phrase “the enemy from within” about political opponents, and he mentioned the National Guard if there was unrest. The phrase is his. No order to fire was issued. The order was added.",Enemy within,,https://www.justice.gov/sites/default/files/opa/press-releases/attachments/2015/03/04/doj_report_on_shooting_of_michael_brown_1.pdf,FT-108,
91,Fake News / Media Ledger,src/lib/ledgers.ts,table row,"CLAIM: Hands up, don’t shoot. That is what happened. | TRUTH: The Justice Department’s March 4, 2015 report on the shooting of Michael Brown found the credible evidence did not support that he had his hands up in surrender when he was shot. The slogan outlived the report.",Hands up,,https://www.justice.gov/sites/default/files/opa/press-releases/attachments/2015/03/04/doj_report_on_shooting_of_michael_brown_1.pdf,FT-76,
92,Fake News / Media Ledger,src/lib/ledgers.ts,table row,CLAIM: A boy in a MAGA hat smirked down a Native elder. That is the whole story. | TRUTH: The short clip in January 2019 cut the longer video. The students had been taunted before the stare. Nicholas Sandmann sued. CNN and the Washington Post settled. The first caption was the one that traveled.,Covington,,https://www.cnn.com/2019/01/19/us/covington-kentucky-catholic-school-video,FT-4,
93,Fake News / Media Ledger,src/lib/ledgers.ts,table row,"CLAIM: He crossed state lines with a rifle and murdered two Black men. A white supremacist. | TRUTH: He lived in Illinois. The rifle was already in Wisconsin. The three people he shot were white. A jury acquitted him on November 19, 2021. “Crossed with the gun” and “killed Black people” were added. The verdict is the file.",Rittenhouse,,https://www.wicourts.gov/,,
94,Fake News / Media Ledger,src/lib/ledgers.ts,table row,"CLAIM: Ivermectin is horse paste. Only a fool would take it. | TRUTH: On August 21, 2021 the FDA posted “You are not a horse.” Ivermectin is an FDA-approved drug for people. It was not approved for COVID-19. The caption erased the human drug and left the veterinary one. In 2024 the FDA settled a lawsuit and removed those posts. It did not change its view that the COVID trials had not shown a benefit.",Horse paste,,https://www.fda.gov/consumers/consumer-updates/ivermectin-and-covid-19,,
95,Fake News / Media Ledger,src/lib/ledgers.ts,table row,"CLAIM: The president is sharp as a tack. The age talk is a smear. | TRUTH: That caption ran until the June 27, 2024 debate. Special Counsel Robert Hur’s February 2024 report described “a sympathetic, well-meaning, elderly man with a poor memory.” The report was public for months while the caption said the opposite.",Sharp as a tack,,https://www.justice.gov/storage/20240208aggarlandletter.pdf,,
96,Fake News / Media Ledger,src/lib/ledgers.ts,table row,CLAIM: Florida banned the word gay. | TRUTH: The 2022 law limited classroom instruction on sexual orientation and gender identity in the early grades. It did not ban a word. The nickname replaced the statute.,Don’t say gay,,https://www.flsenate.gov/Session/Bill/2022/1557,,
97,Fake News / Media Ledger,src/lib/ledgers.ts,table row,"CLAIM: A noose was hung in Bubba Wallace’s garage to threaten him. | TRUTH: On June 23, 2020, the U.S. Attorney and the FBI said no federal crime was committed. The rope had been in that garage since October 2019. Wallace was assigned the stall the week it was found. Nobody could have known he would get that stall. A hate crime was the first caption. The timeline did not support it.",The noose,,https://www.justice.gov/usao-ndal/pr/joint-statement-us-attorney-jay-e-town-and-fbi-special-agent-charge-johnnie-sharp-jr,,
98,Fake News / Media Ledger,src/lib/ledgers.ts,table row,"CLAIM: Inflation is zero. Prices are down. | TRUTH: In the summer of 2022 a month with little change was sold as inflation at zero. The yearly Consumer Price Index was still near 8 percent, after a 9.1 percent peak in June 2022. A flat month is not prices going back.",Zero inflation,,https://www.bls.gov/cpi/,,
99,Fake News / Media Ledger,src/lib/ledgers.ts,table row,"CLAIM: If you are vaccinated, you do not carry the virus and you cannot give it to anyone. | TRUTH: That sentence was said in 2021, including by the CDC director. Later infections in vaccinated people showed it was false when it was said. A wish was reported as a finding.",Vaccinated don’t carry,,https://www.cdc.gov/mmwr/volumes/70/wr/mm7031e2.htm,LT-141,
100,Fake News / Media Ledger,src/lib/ledgers.ts,table row,"CLAIM: She was in the Capitol chamber, in the mob, on January 6. | TRUTH: Representative Alexandria Ocasio-Cortez was in the Cannon House Office Building, which is connected by tunnel and was evacuated. She was not in the Senate or House chamber with the crowd that breached the Capitol. Fear can be real. The map in the caption was not.",She was in the chamber,,https://www.congress.gov/,,
101,Fake News / Media Ledger,src/lib/ledgers.ts,table row,CLAIM: The accusation was corroborated. The hearing proved it. | TRUTH: No witness at the September 2018 hearing corroborated the event as charged. The FBI’s supplemental background check did not produce a criminal charge. He was confirmed. Corroborated was the word the file did not earn.,Kavanaugh,,https://www.congress.gov/nomination/115th-congress/2259,,
102,Fake News / Media Ledger,src/lib/ledgers.ts,table row,"CLAIM: A Trump-inspired hate crime. The attackers were his supporters. | TRUTH: A jury later convicted him of disorderly conduct for filing a false report. On November 21, 2024 the Illinois Supreme Court overturned that conviction, because he had already taken a deal. The court did not find that the attack was real. The first caption used Trump’s name for a hoax.",Smollett,,https://www.illinoiscourts.gov/supreme-court/courts-supreme-court-high-profile-cases,FT-20,
103,Fake News / Media Ledger,src/lib/ledgers.ts,table row,"CLAIM: Today he will bend the knee to the Chinese Communist Party and hand China the chips. | TRUTH: On September 23, 2026, Senator Chuck Schumer said that in a few hours the president would be dining with President Xi, and that the choice was to bend the knee to the Chinese Communist Party or block China’s access to American AI chips. A dinner is not a statute. The export-control law is still the Export Control Reform Act, 50 U.S.C. § 4811. No bill repealing it was signed that day. The sentence was spoken before the meeting. A prediction is not a record of what the meeting did.",Bend the knee,,https://www.law.cornell.edu/uscode/text/50/4811,,
104,Fake News / Media Ledger,src/lib/ledgers.ts,table row,"CLAIM: Seventy-two days in session. The laziest Congress in American history. | TRUTH: House Democrats said on September 21, 2026, that Republicans had canceled 63 voting days and that this is the laziest and most ineffective Congress in history. Representative Jim McGovern had already posted that the House had only 72 days in session this year and that it was the laziest Congress in American history. The Resume of Congressional Activity, printed in the Congressional Record of September 14, 2026, covers January 3 through August 31, 2026. It says the House was in session 113 days, for 377 hours and 45 minutes. The Senate was in session 128 days. Seventy-two is not the session count in that resume. Laziest in history is not a line in that resume.",Laziest Congress,,https://www.congress.gov/congressional-record/volume-172/issue-144,FT-9,
105,Fake News / Media Ledger,src/lib/ledgers.ts,table row,"CLAIM: ICE is out of control. They are terrorizing communities. | TRUTH: House Democrats posted that on September 21, 2026. Immigration and Customs Enforcement enforces the immigration statutes. The word terror is in a different official paper. On June 23, 2026, the Justice Department announced sentences for eight people in an attack on the Prairieland Detention Center. One sentence was 100 years, for attempted murder of a police officer. The department called them an Antifa cell. The official use of that word is on the attack, not on the agency.",ICE is terror,,https://www.justice.gov/opa/pr/leader-antifa-cell-members-north-texas-sentenced-100-years-prison-terrorist-attack-ice,FT-175,
106,Fake News / Media Ledger,src/lib/ledgers.ts,table row,"CLAIM: ICE refused to take the bullet out of the man shot in Austin. | TRUTH: The Department of Homeland Security’s statement of September 22, 2026 says ICE does not decide a hospital procedure. That page does not say how the shots were fired.",Left the bullet in,,https://www.dhs.gov/news/2026/09/22/correct-record-dhs-debunks-false-narratives-about-shooting-illegal-alien-austin,,
107,Fake News / Media Ledger,src/lib/ledgers.ts,table row,"CLAIM: The man shot in Austin had a valid work permit and was here legally. | TRUTH: The same September 22, 2026 statement says the permit expired in 2025, a permit is not legal status, he entered illegally, and an immigration judge had issued a final removal order.",Valid work permit,,https://www.dhs.gov/news/2026/09/22/correct-record-dhs-debunks-false-narratives-about-shooting-illegal-alien-austin,FT-10,
108,Fake News / Media Ledger,src/lib/ledgers.ts,table row,"CLAIM: He got no pain medicine and was made to sleep on the floor. | TRUTH: The September 22, 2026 statement says he is receiving pain medicine, he was released from the hospital, and he slept on a bed at the detention facility.",No pain medicine,,https://www.dhs.gov/news/2026/09/22/correct-record-dhs-debunks-false-narratives-about-shooting-illegal-alien-austin,,
109,Fake News / Media Ledger,src/lib/ledgers.ts,table row,"CLAIM: ICE picked him at random in Austin. | TRUTH: The September 22, 2026 statement says it was a targeted vehicle stop of a person in the country illegally, with a final removal order.",A random stop,,https://www.dhs.gov/news/2026/09/22/correct-record-dhs-debunks-false-narratives-about-shooting-illegal-alien-austin,,
110,Fake News / Media Ledger,src/lib/ledgers.ts,table row,"CLAIM: He was not evading arrest. | TRUTH: The September 22, 2026 statement from Secretary Markwayne Mullin says it was a dangerous attempt to evade arrest. Resisting an officer and evading arrest is a federal felony. That page does not describe the shots.",He was not fleeing,,https://www.dhs.gov/news/2026/09/22/correct-record-dhs-debunks-false-narratives-about-shooting-illegal-alien-austin,LT-149,
111,Fake News / Media Ledger,src/lib/ledgers.ts,table row,"CLAIM: ICE needs to get out of Austin. | TRUTH: The same statement says ICE is not leaving Austin. The department said it enforces the statutes Congress passed, and it does not pick the city.",ICE out of Austin,,https://www.dhs.gov/news/2026/09/22/correct-record-dhs-debunks-false-narratives-about-shooting-illegal-alien-austin,,
112,Fake News / Media Ledger,src/lib/ledgers.ts,table row,"CLAIM: The Iran war is driving up prices. It has cost $38 billion and the family is paying it at the pump. | TRUTH: On September 16, 2026, Senator Chuck Schumer called it a $38 billion war that is driving up what Americans pay. Thirty-eight billion is his sentence. It is not an Energy Information Administration table. The Administration’s weekly series: the highest week for regular gasoline in this term, so far, is $4.500, the week of May 11, 2026. The highest week under the prior president was $5.006, the week of June 13, 2022. A war can cost money. This table does not show the gallon above the 2022 peak.",The war raised the gallon,,https://www.eia.gov/petroleum/gasdiesel/,FT-23,
113,Fake News / Media Ledger,src/lib/ledgers.ts,table row,CLAIM: It is a party room. The security talk is the excuse. | TRUTH: ,Just a ballroom,,,LT-114,
114,Fake News / Media Ledger,src/lib/ledgers.ts,table row,CLAIM: A gilded vanity. A party room. Americans do not need a ballroom. The design is the real security threat. | TRUTH: ,They made it necessary,,,,
115,Fake News / Media Ledger,src/lib/ledgers.ts,table row,"CLAIM: He begged for another chance. He admitted the work had failed. | TRUTH: September 15, 2026, on the All-In Podcast. Chamath Palihapitiya asked what message voters should hear before November. Vance listed tax cuts on overtime, Social Security, and tips, the border, and H-1B reform. Then: “There’s a lot of good that’s been done, but there’s a lot of work left to do. Don’t give power to the people who cause the problems that we’re fixing. Give us another chance, or give us another couple of years, to continue to work on the amazing things that we’ve been doing for the past two years.” The headline kept four words and dropped the rest of the sentence. A separate video has him saying “things are bad,” “gas is expensive,” and “this stupid war in Iran.” That video is generated. Those sentences are not in the answer.",Another chance,,https://www.youtube.com/watch?v=PUcooQRy0PU,LT-31,
116,Democrats Ledger,src/lib/ledgers.ts,table row,CLAIM: The president never discussed his son’s business. | TRUTH: The messages and the later testimony do not match the denial.,I never spoke to him,,https://www.cbp.gov/newsroom/stats/cbp-enforcement-statistics,FT-248,
117,Democrats Ledger,src/lib/ledgers.ts,table row,CLAIM: I will not pardon my son. | TRUTH: He pardoned him.,No pardon,,https://www.cbp.gov/newsroom/stats/cbp-enforcement-statistics,,
118,Democrats Ledger,src/lib/ledgers.ts,table row,CLAIM: No one is above the law. | TRUTH: The sentence was for the other family. The pardon was for his.,No one is above the law,,https://www.cbp.gov/newsroom/stats/cbp-enforcement-statistics,,
119,Democrats Ledger,src/lib/ledgers.ts,table row,"CLAIM: The border is secure. The border is closed. | TRUTH: CBP nationwide encounters, FY2021–24: 10.83 million. A secure border does not print that number.",The border is secure,,https://www.cbp.gov/newsroom/stats/cbp-enforcement-statistics,FT-104,
120,Democrats Ledger,src/lib/ledgers.ts,table row,"CLAIM: Antifa is an idea, not an organization. | TRUTH: An idea does not throw a frozen bottle, publish an officer’s address, or fire on a detention center. On July 4, 2025, people attacked the Prairieland Detention Center. On June 23, 2026, a court sentenced eight of them. One sentence was 100 years, for attempted murder of a police officer. The eight together were 450 years. The Justice Department called them an Antifa cell. The years are for the attack.",Antifa,,https://www.justice.gov/opa/pr/leader-antifa-cell-members-north-texas-sentenced-100-years-prison-terrorist-attack-ice,,
121,Democrats Ledger,src/lib/ledgers.ts,table row,"CLAIM: School-board parents may be domestic terrorists. | TRUTH: The National School Boards Association letter, then the Attorney General’s October 4, 2021 memo. The apology did not pull the memo.",Parents,,https://www.justice.gov/d9/press-releases/attachments/2021/10/04/ag_memo_1.pdf,FT-175,
122,Democrats Ledger,src/lib/ledgers.ts,table row,"CLAIM: If you like your doctor, you can keep your doctor. | TRUTH: The promise did not survive the statute. PolitiFact later called it the lie of the year. The bill still passed.",If you like your plan,,https://www.bls.gov/cpi/,,
123,Democrats Ledger,src/lib/ledgers.ts,table row,CLAIM: It was a video. | TRUTH: The talking point did not survive the attack. Four Americans were dead. The video was the cover.,Benghazi,,https://www.bls.gov/cpi/,,
124,Democrats Ledger,src/lib/ledgers.ts,table row,"CLAIM: We have to pass the bill so you can find out what is in it. | TRUTH: Pelosi, 2010. That is not oversight. That is a dare.",Pass it to see it,,https://www.bls.gov/cpi/,,
125,Democrats Ledger,src/lib/ledgers.ts,table row,CLAIM: Inflation is transitory. Then it is Putin. Then it is greed. | TRUTH: CPI-U peaked at 9.1 percent in June 2022. The cart rose 21.4 percent from January 2021 to January 2025. The cause kept changing. The price did not.,Transitory,,https://www.bls.gov/cpi/,,
126,Democrats Ledger,src/lib/ledgers.ts,table row,CLAIM: The Inflation Reduction Act reduces inflation. | TRUTH: The name is not the score. Independent scores did not find a meaningful drop in prices from the title.,Inflation Reduction,,https://apnews.com/article/biden-garbage-transcript-puerto-rico-trump-326e2f516a94a470a423011a946b6252,,
127,Democrats Ledger,src/lib/ledgers.ts,table row,"CLAIM: If you are vaccinated, you are not going to get COVID. | TRUTH: Biden, July 2021, CNN town hall. The sentence was false when he said it.",You will not get it,,https://apnews.com/article/biden-garbage-transcript-puerto-rico-trump-326e2f516a94a470a423011a946b6252,,
128,Democrats Ledger,src/lib/ledgers.ts,table row,"CLAIM: Half of his supporters are a basket of deplorables. | TRUTH: Hillary Clinton, September 9, 2016. A candidate named the voters the enemy.",Deplorables,,https://apnews.com/article/biden-garbage-transcript-puerto-rico-trump-326e2f516a94a470a423011a946b6252,,
129,Democrats Ledger,src/lib/ledgers.ts,table row,CLAIM: The only garbage is his supporters. Then an apostrophe. | TRUTH: The stenographer heard “supporters.” The press office added the apostrophe after. AP recorded the change.,Garbage,,https://apnews.com/article/biden-garbage-transcript-puerto-rico-trump-326e2f516a94a470a423011a946b6252,,
130,Democrats Ledger,src/lib/ledgers.ts,table row,CLAIM: The other half of the country is semi-fascism. | TRUTH: A president’s label is not a finding. It is permission to treat neighbors as the enemy.,Semi-fascism,,https://www.iaea.org/sites/default/files/gov2026-50.pdf,,
131,Democrats Ledger,src/lib/ledgers.ts,table row,"CLAIM: Voter identification is Jim Crow 2.0. | TRUTH: Identification is how a bank, an airport, and a pharmacy already work. The slogan was the argument.",Jim Crow,,https://www.iaea.org/sites/default/files/gov2026-50.pdf,,
132,Democrats Ledger,src/lib/ledgers.ts,table row,"CLAIM: We never said defund the police. | TRUTH: Members said it, city budgets cut it, and then the denial arrived with the crime numbers.",Defund,,https://www.iaea.org/sites/default/files/gov2026-50.pdf,FT-113,
133,Democrats Ledger,src/lib/ledgers.ts,table row,"CLAIM: If you see them in a restaurant, in a department store, get in their face. | TRUTH: Maxine Waters. That is not a debate. That is a direction.",Get in their face,,https://www.iaea.org/sites/default/files/gov2026-50.pdf,LT-130,
134,Democrats Ledger,src/lib/ledgers.ts,table row,"CLAIM: You have released the whirlwind and you will pay the price. | TRUTH: Chuck Schumer, on the Supreme Court steps, at justices by name.",You will pay,,https://www.iaea.org/sites/default/files/gov2026-50.pdf,,
135,Democrats Ledger,src/lib/ledgers.ts,table row,CLAIM: We will break them. Then we will break their spirit. | TRUTH: Hakeem Jeffries. Employees do not declare war on the people who hired them.,Maximum warfare,,https://www.iaea.org/sites/default/files/gov2026-50.pdf,,
136,Democrats Ledger,src/lib/ledgers.ts,table row,"CLAIM: It is a reckless war of choice. | TRUTH: Jeffries said it. The House floor said it on March 4, 2026. The post does not mention the fuel. IAEA GOV/2026/50: 440.9 kilograms of uranium enriched up to 60 percent, as of June 13, 2025. A civilian reactor uses 3 to 5 percent. Leaving that number out is the half-truth.",War of choice,,https://www.iaea.org/sites/default/files/gov2026-50.pdf,CP-7,
137,Democrats Ledger,src/lib/ledgers.ts,table row,"CLAIM: One hundred days of Trump’s illegal war. | TRUTH: Schumer posted that line. Khanna called the war immoral, illegal, and unstrategic. Whether Congress declared it is a separate argument under Article I. It does not erase the inspection. The 60 percent stockpile was already on the IAEA page.",Illegal war,,https://www.congress.gov/119/crec/2026/03/04/172/41/CREC-2026-03-04-house.pdf,CP-8,
138,Democrats Ledger,src/lib/ledgers.ts,table row,CLAIM: We represent everyone. | TRUTH: State of the Union: he asked who would stand if the government should represent Americans over illegal aliens. The Democratic side stayed seated.,Stand up,,https://www.cbo.gov/system/files/2025-08/61367-SNAP.pdf,FT-5,
139,Democrats Ledger,src/lib/ledgers.ts,table row,"CLAIM: Republicans slashed SNAP to pay for tax breaks for billionaires. Millions of children do not know where the next meal is. | TRUTH: Public Law 119-21 changed a work rule. The Congressional Budget Office says able-bodied adults through age 64, and adults whose children are 14 or older, can draw benefits for three months in three years unless they work or train about 80 hours a month. The estimate is about 2.4 million fewer people in an average month. That is not a line that takes food from millions of children and hands it to billionaires. The work rule is the fact the post left out.",SNAP was slashed for billionaires,,https://www.cbo.gov/system/files/2025-08/61367-SNAP.pdf,FT-91,
140,Democrats Ledger,src/lib/ledgers.ts,table row,"CLAIM: The Supreme Court rebuked Trump’s election interference and blocked restrictions that would make it harder to vote. | TRUTH: The September order is an emergency stay, docket 26A305, on a Postal Service rule, issued before the midterms. It is not a judgment that the President committed election interference. On June 29, 2026, in Watson v. Republican National Committee, the Court read the election-day statutes, 2 U.S.C. §§ 1 and 7 and 3 U.S.C. § 1. Those statutes do not say when a mailed ballot must arrive. A reading of a statute is not a finding that the law was broken.",The Court found election interference,,https://www.supremecourt.gov/search.aspx?filename=/docket/docketfiles/html/public/24-1260.html,FT-10,
141,Democrats Ledger,src/lib/ledgers.ts,table row,"CLAIM: A gallon of diesel costs $6.52. That is the whole story. | TRUTH: The number is real. The Energy Information Administration national average for the week of September 21, 2026, was $6.529. The week of January 12 it was $3.459. A true price with the path cut out is still a half-telling.",Diesel is $6.52,,https://www.eia.gov/dnav/pet/pet_pri_gnd_a_epd2d_pte_dpgal_w.htm,,
142,Democrats Ledger,src/lib/ledgers.ts,table row,"CLAIM: The hallway clip was a lie. He was a political prisoner. Order the host to stop, and keep the rest of the tape in the House. | TRUTH: The hallway minute is real. The plea came in September 2021, before the broadcast. Judge Lamberth later called the aired videos decidedly not exculpatory. The U.S. Attorney’s tally at forty-eight months: about 1,583 charged, about 1,009 guilty pleas, about 667 sentenced to incarceration, about 608 charged with assaulting officers, zero charged under 18 U.S.C. § 2383. Those pleas were taken while the public did not have the archive. Speaker Johnson said about 5 percent of the hours would stay back for security. The uncensored hours were offered in a viewing room inside the Capitol. The country could not travel there. The website stayed a fraction. On March 7, 2023, Majority Leader Schumer told Rupert Murdoch, from the Senate floor, to stop a second segment. A pardon on January 20, 2025, is not a finding that the pleas were forced. The Speaker’s files: the House Administration Subcommittee channel on Rumble. www.stophate.com is a private site, not that archive.",Stop the second segment,,https://rumble.com/c/CHASubcommitteeOnOversightRepublicanMajority,FT-202,
143,Republicans Ledger,src/lib/ledgers.ts,table row,CLAIM: Mexico will pay for the wall. | TRUTH: Mexico did not pay. Congress appropriated American money. A chant is not a wire transfer.,Mexico pays,,https://www.justice.gov/opa/pr/former-irs-contractor-sentenced-disclosing-tax-return-information-news-organizations,FT-80,
144,Republicans Ledger,src/lib/ledgers.ts,table row,CLAIM: Repeal and replace on day one. | TRUTH: Full Republican control in 2017. The repeal failed on the Senate floor. The promise was the campaign.,Repeal,,https://www.justice.gov/opa/pr/former-irs-contractor-sentenced-disclosing-tax-return-information-news-organizations,FT-174,
145,Republicans Ledger,src/lib/ledgers.ts,table row,CLAIM: Lock her up. | TRUTH: No Clinton prosecution followed. The chant was a feeling. A charge sheet is a document.,Lock her up,,https://www.justice.gov/opa/pr/former-irs-contractor-sentenced-disclosing-tax-return-information-news-organizations,,
146,Republicans Ledger,src/lib/ledgers.ts,table row,"CLAIM: I will release my tax returns. | TRUTH: He did not release them. That broken promise is his. The 2020 publication was a theft. Charles Littlejohn pleaded guilty under 26 U.S.C. § 7213 and was sentenced to five years. The forms Ways and Means later released show income tax paid in 2015 through 2019, and $0 in 2020 on a reported loss. The leak is not a finding that tax due went unpaid.",The returns,,https://www.justice.gov/opa/pr/former-irs-contractor-sentenced-disclosing-tax-return-information-news-organizations,,
147,Republicans Ledger,src/lib/ledgers.ts,table row,CLAIM: We are the party of the balance sheet. | TRUTH: The debt rose by trillions in the first term. A party that will not pass twelve appropriations bills does not get the slogan.,Balance it,,https://fiscaldata.treasury.gov/datasets/debt-to-the-penny/debt-to-the-penny,,
148,Republicans Ledger,src/lib/ledgers.ts,table row,CLAIM: The 2020 election was proven stolen in court. | TRUTH: Dozens of cases were filed. The outcome-changing proof was not established. A loss in court is not a win that was later found.,Proven stolen,,,LT-150,
149,Republicans Ledger,src/lib/ledgers.ts,table row,CLAIM: The film proved the ballots. | TRUTH: A movie is not a verdict. State investigators did not adopt it as the reason the election flipped.,"2,000 Mules",,,,
150,Republicans Ledger,src/lib/ledgers.ts,table row,"CLAIM: January 6 was a normal tour. | TRUTH: Officers were assaulted. The building was breached. People died. Calling it a tour is the same clipping, from the other thumb.",A tour,,,,
151,Republicans Ledger,src/lib/ledgers.ts,table row,CLAIM: No one was armed. It was a protest. | TRUTH: Weapons cases were charged. Most defendants were not charged with firearms inside the chamber. “None” is the lie. “All of them” is the other lie.,No one was armed,,,,
152,Republicans Ledger,src/lib/ledgers.ts,table row,CLAIM: Antifa staged January 6. | TRUTH: The FBI’s case list is not an Antifa list. A theory that moves the blame off the people on the tape is a caption.,Antifa did it,,,,
153,Republicans Ledger,src/lib/ledgers.ts,table row,"CLAIM: The vice president can reject the electoral votes. | TRUTH: The Twelfth Amendment makes him the presiding officer, not a second electorate. The theory was rejected. The pressure on him was real.",Pence can flip it,,,FT-92,
154,Republicans Ledger,src/lib/ledgers.ts,table row,"CLAIM: It was only about legitimate ballots. | TRUTH: The Georgia call is on tape. “I just want to find 11,780 votes” is in it. The sentence stays. It is not sanded.","Find 11,780",,,,
155,Republicans Ledger,src/lib/ledgers.ts,table row,CLAIM: A perfect call. Nothing to see. | TRUTH: The memo contains the ask about the Bidens. Looking at corruption can be the job. Calling the memo empty is not.,Perfect call,,,,
156,Republicans Ledger,src/lib/ledgers.ts,table row,CLAIM: He only said peacefully. | TRUTH: He said both. “Peacefully and patriotically” and “fight like hell” are on one Ellipse tape. Owning only the soft line is clipping.,Fight like hell,,,LT-58,
157,Republicans Ledger,src/lib/ledgers.ts,table row,CLAIM: We are the adults who read the bill. | TRUTH: Continuing resolutions and thousand-page omnibus bills passed with hours to read. Both parties. The claim of innocence is the lie.,We read the bills,,,LT-128,
158,Republicans Ledger,src/lib/ledgers.ts,table row,CLAIM: We support term limits. | TRUTH: The members who say it keep the seat. A pledge that never reaches a vote is a brochure.,Term limits,,,,
159,Republicans Ledger,src/lib/ledgers.ts,table row,CLAIM: The New York case is fake. Ignore the verdict. | TRUTH: A jury convicted on 34 counts of falsifying business records. The novel predicate is why it is on appeal. “Fake” erases the jury. That is not the file.,The 34 counts,,,FT-81,
160,Republicans Ledger,src/lib/ledgers.ts,table row,CLAIM: I alone can fix it. | TRUTH: Article I still holds the purse. One man does not appropriate. The sentence was a campaign. The charter did not move.,I alone,,,LT-212,
161,Republicans Ledger,src/lib/ledgers.ts,table row,CLAIM: Infrastructure week. It is coming. | TRUTH: The week was announced and announced. The major bill did not pass in that term.,Infrastructure week,,,,
162,Republicans Ledger,src/lib/ledgers.ts,table row,"CLAIM: Read my lips. No new taxes. | TRUTH: George H. W. Bush, 1988. The 1990 budget deal raised them. The mouth and the statute did not match.",No new taxes,,,FT-166,
163,Republicans Ledger,src/lib/ledgers.ts,table row,CLAIM: The weapons of mass destruction are there. It is a certainty. | TRUTH: The Iraq Survey Group did not find the stockpiles the country was promised. A war sold on a certainty that was not in the ground is a betrayal.,The weapons,,,,
164,Republicans Ledger,src/lib/ledgers.ts,table row,"CLAIM: Major combat operations in Iraq have ended. | TRUTH: May 1, 2003. The war had not ended. The banner was early.",Mission accomplished,,,,
165,Republicans Ledger,src/lib/ledgers.ts,table row,CLAIM: The health bill creates death panels. | TRUTH: The phrase was a caption for end-of-life counseling language. It was not a board that voted on who dies.,Death panels,,,FT-164,
166,Republicans Ledger,src/lib/ledgers.ts,table row,CLAIM: Reagan proved deficits don’t matter. | TRUTH: The debt is the matter. The grandchildren pay the interest. A shrug is not a budget.,Deficits don’t matter,,,FT-84,
167,Republicans Ledger,src/lib/ledgers.ts,table row,"CLAIM: We back the blue. | TRUTH: Then a faction called the beaten officers actors, and called the breach a tour. Backing an officer and refusing to name the assault are not the same act.",We back the blue,,,,
168,Republicans Ledger,src/lib/ledgers.ts,table row,"CLAIM: The party defends him. The record is in good hands. | TRUTH: The caption was that he is the most corrupt president in history. It ran every week. The answer was short enough to say on the floor: the tax forms were stolen, 26 U.S.C. § 7213, and the man who stole them got five years; the income-tax bills are on the Ways and Means release; the 34 counts are false records, not bribery. The comparison is the Biden bank records, the Burisma seat, and a pardon. The House opened an inquiry and did not make the country sit with that file. A party that will not read its own exhibits out loud is not a defense.",We have his back,,,,
169,Scorecard · Fake News,src/lib/scorecard.ts,table row,CLAIM: If he loses it will be a bloodbath. He wants another January 6. | TRUTH: Chinese car plants in Mexico. A 100 percent tariff. “They’re not going to sell those cars.”,Bloodbath,,https://www.youtube.com/watch?v=f57dRZMS0PQ,CP-10,
170,Scorecard · Fake News,src/lib/scorecard.ts,table row,"CLAIM: He said he will be a dictator on day one. | TRUTH: Close the border. Drill, drill, drill. “After that, I’m not a dictator.”",Dictator,,https://www.youtube.com/watch?v=7lB3bfVg8Z8,CP-11,
171,Scorecard · Fake News,src/lib/scorecard.ts,table row,CLAIM: He called neo-Nazis very fine people. | TRUTH: Same remarks: neo-Nazis and white nationalists “should be condemned totally.”,Fine people,,https://www.politico.com/story/2017/08/15/full-text-trump-comments-white-supremacists-alt-left-transcript-241662,CP-9,
172,Scorecard · Fake News,src/lib/scorecard.ts,table row,"CLAIM: Walk to the Capitol and fight like hell, as one order. | TRUTH: “Peacefully and patriotically.” The BBC splice stuck two lines fifty-four minutes apart.",January 6 speech,,https://www.npr.org/2021/02/10/966396848/read-trumps-jan-6-speech-a-key-part-of-impeachment-trial,LT-58,
173,Scorecard · Fake News,src/lib/scorecard.ts,table row,CLAIM: He told Americans to inject bleach. | TRUTH: He asked doctors if ultraviolet light and disinfectant research was “interesting to check.”,Bleach,,https://trumpwhitehouse.archives.gov/briefings-statements/remarks-president-trump-vice-president-pence-members-coronavirus-task-force-press-briefing-31/,CP-12,
174,Scorecard · Fake News,src/lib/scorecard.ts,table row,CLAIM: He called immigrants animals. | TRUTH: The roundtable was MS-13. Outlets that widened it had to walk it back.,Animals,,,CP-36,
175,Scorecard · Fake News,src/lib/scorecard.ts,table row,"CLAIM: He called veterans suckers and losers. | TRUTH: No recording. The Atlantic, anonymous. This journal does not invent audio.",Suckers / losers,,,,
176,Scorecard · Frames,src/lib/scorecard.ts,table row,"CLAIM: The United States kidnapped the president of Venezuela. | TRUTH: Southern District of New York indictment, March 26, 2020. Custody January 3, 2026. Arraigned in Brooklyn. A warrant executed is not a kidnapping.",Kidnapped,,https://www.justice.gov/usao-sdny/pr/manhattan-us-attorney-announces-narco-terrorism-charges-against-nicolas-maduro-current,CP-27,
177,Scorecard · Frames,src/lib/scorecard.ts,table row,"CLAIM: The campaign colluded with Russia. | TRUTH: Durham: the FBI opened a full investigation on raw, uncorroborated intelligence. It did not have actual evidence of collusion in its holdings when the case began.",Collusion,,https://www.justice.gov/storage/durhamreport.pdf,FT-11,
178,Scorecard · Frames,src/lib/scorecard.ts,table row,"CLAIM: January 6 was insurrection. | TRUTH: 18 U.S.C. § 2383. About 1,583 federally charged. Zero under the insurrection statute.",Insurrection,,https://www.justice.gov/usao-dc/48-months-jan-6-attack-us-capitol,CP-32,
179,Scorecard · Frames,src/lib/scorecard.ts,table row,CLAIM: Mostly peaceful protests. | TRUTH: A precinct burned. The word peaceful did the work the picture would not.,Mostly peaceful,,https://www.supremecourt.gov/opinions/17pdf/17-965_h315.pdf,CP-86,
180,Scorecard · Frames,src/lib/scorecard.ts,table row,"CLAIM: He banned Muslims. | TRUTH: Proclamation 9645. The Supreme Court upheld it in Trump v. Hawaii. Countries, not a faith test.",Muslim ban,,https://www.supremecourt.gov/opinions/17pdf/17-965_h315.pdf,CP-16,
181,Scorecard · Frames,src/lib/scorecard.ts,table row,CLAIM: He put children in cages. | TRUTH: The chain-link rooms were photographed in 2014. The Flores settlement is 1997. The pictures were not a 2018 invention.,Kids in cages,,https://www.justice.gov/d9/press-releases/attachments/2021/10/04/ag_memo_1.pdf,CP-18,
182,Scorecard · Frames,src/lib/scorecard.ts,table row,CLAIM: Parents at school boards are a domestic-terror problem. | TRUTH: The National School Boards Association asked the White House. Five days later the Attorney General ordered U.S. Attorneys and the FBI to coordinate.,Domestic terrorists,,https://www.justice.gov/d9/press-releases/attachments/2021/10/04/ag_memo_1.pdf,CP-6,
183,Scorecard · Frames,src/lib/scorecard.ts,table row,CLAIM: The laptop is a Russian trick. | TRUTH: Fifty-one former intelligence officials signed a letter weeks before the 2020 vote. The House published the file.,Russian disinfo,,https://judiciary.house.gov/media/press-releases/new-judiciary-committee-website-highlights-activities-and-findings-select,FT-15,
184,Scorecard · Hoaxes,src/lib/scorecard.ts,table row,"Taxpayer-funded hoaxes: Caption, evidence they used, where it came from, what the official file later showed. Russia: Durham said no actual evidence of collusion when the case opened. Mueller did not establish a conspiracy. First impeachment: a phone call about corruption in a country receiving aid — the executive’s job. Senate acquitted. Second impeachment: a speech they clipped. Zero charged under 18 U.S.C. § 2383. The public paid.",Taxpayer-funded hoaxes,,https://www.justice.gov/storage/durhamreport.pdf,FT-236,
185,Scorecard · Hoaxes,src/lib/scorecard.ts,table row,"They called it protest: EO 14252 restores monuments, takes graffiti off the marble, and enforces the capital. FBI 2025: murder 4.1, tied with 1955–56. The 2020 caption was mostly peaceful. The 2020 bar was 6.6. The cleanup is hated because it is a verdict on that caption.",They called it protest,,https://www.federalregister.gov/documents/2025/03/31/2025-05630/making-the-district-of-columbia-safe-and-beautiful,FT-1,
186,Scorecard · Hoaxes,src/lib/scorecard.ts,table row,Crossfire Hurricane: Durham: no actual evidence of collusion in the holdings when the FBI opened a full investigation. Ranking members told the country it was more than circumstantial. Networks ran that sentence for the entire first term. Mueller did not establish a conspiracy. They ran it anyway. That is how a presidency is poisoned and a nation is divided.,Crossfire Hurricane,,https://www.justice.gov/storage/durhamreport.pdf,FT-11,
187,Scorecard · Hoaxes,src/lib/scorecard.ts,table row,"Parents as a federal problem: The National School Boards Association, September 29, 2021, asked the White House to treat threats around school boards as possibly ‘the equivalent to a form of domestic terrorism.’ Five days later the Attorney General ordered U.S. Attorneys and the FBI to coordinate. The FBI opened an EDUOFFICIALS tag. NSBA later apologized for the language. The memo stayed.",Parents as a federal problem,,https://www.justice.gov/d9/press-releases/attachments/2021/10/04/ag_memo_1.pdf,FT-49,
188,Scorecard · Hoaxes,src/lib/scorecard.ts,table row,"The J6 panel was stacked: H.Res. 503 gave the Speaker the appointments. She named Liz Cheney and Adam Kinzinger. She rejected the minority leader’s picks, Jim Jordan and Jim Banks. A select committee that chooses its own opposition is not a jury. It is a production.",The J6 panel was stacked,,https://www.congress.gov/bill/117th-congress/house-resolution/503,LT-115,
189,Scorecard · Hoaxes,src/lib/scorecard.ts,table row,"The charge was not insurrection: The country was told insurrection. 18 U.S.C. § 2383 is the insurrection statute. The U.S. Attorney for D.C. published the tally: about 1,583 federally charged. Assault, trespass, civil disorder, about 18 charged with seditious conspiracy under § 2384. Zero charged under § 2383. The caption did work the statute did not.",The charge was not insurrection,,https://www.justice.gov/usao-dc/48-months-jan-6-attack-us-capitol,,
190,Scorecard · Hoaxes,src/lib/scorecard.ts,table row,The tape sat in the House: The Capitol’s cameras recorded thousands of hours. The select committee showed clips. The full archive was not put in the public’s hands while the hearings ran. Later Speakers opened more of it. A hearing that holds the tape and plays the minutes it prefers is the same method as a six-second caption.,The tape sat in the House,,https://www.congress.gov/committee/house-administration/hsha00,FT-36,
191,Scorecard · Hoaxes,src/lib/scorecard.ts,table row,"A board to govern ‘disinformation’: DHS stood up a Disinformation Governance Board in 2022. The Secretary told Congress it would combat a threat to homeland security. The department terminated the board and rescinded its charter on August 24, 2022. A cabinet department had named a board to police the information the public would receive.",A board to govern ‘disinformation’,,https://www.dhs.gov/archive/news/2022/08/24/following-hsac-recommendation-dhs-terminates-disinformation-governance-board,FT-38,
192,Scorecard · Hoaxes,src/lib/scorecard.ts,table row,The FISA file was not scrupulously accurate: Inspector General Horowitz: seventeen inaccuracies and omissions across the Carter Page FISA applications used to surveil a U.S. person tied to a presidential campaign. The caption was Russia. The applications were not scrupulously accurate.,The FISA file was not scrupulously accurate,,https://oig.justice.gov/reports/2019/o1912.pdf,,
193,Scorecard · Hoaxes,src/lib/scorecard.ts,table row,"Two impeachments. Four dockets. Taxpayer-funded.: First: a July 25, 2019 call the White House released. He asked about corruption involving the Bidens. The House called it abuse of power. The Senate acquitted February 5, 2020. Second: a January 6 speech. C-SPAN recorded peacefully and patriotically on the same tape as fight like hell. The House put a clipped version on the floor. H.Res. 24 named insurrection. USAO-DC: zero under § 2383. Senate acquitted February 13, 2021. Then four criminal dockets at once, a special counsel on appropriated funds. Process as punishment against the hire is process against the people who hired him.",Two impeachments. Four dockets. Taxpayer-funded.,,https://trumpwhitehouse.archives.gov/wp-content/uploads/2019/09/Unclassified09.2019.pdf,FT-236,
194,Scorecard · Hoaxes,src/lib/scorecard.ts,table row,The House record on the machine: H.Res. 12 created the Select Subcommittee on the Weaponization of the Federal Government. The committee published that the executive had pressured platforms and that fifty-one former intelligence officials had signed a letter treating the Hunter Biden laptop as a Russian trick weeks before the 2020 vote. Read the House file. A panel is not a court. It is the other ledger.,The House record on the machine,,https://judiciary.house.gov/media/press-releases/new-judiciary-committee-website-highlights-activities-and-findings-select,FT-36,
195,Lawfare / Mechanics essay,src/lib/content.ts,table row,"CAPTION: Russia collusion — Crossfire Hurricane | SOLD: Sold as a finding: the campaign had coordinated with Moscow. “More than circumstantial” was said in the voice of a person who had seen the file. It ran for years as the fact of the presidency, not as an investigation. | FILE: Durham: neither law enforcement nor the Intelligence Community possessed any actual evidence of collusion in their holdings when Crossfire Hurricane opened. Mueller: the investigation did not establish a conspiracy. Horowitz: seventeen FISA inaccuracies and omissions. They ran it anyway. A neighbor was taught the other neighbor had hired a foreign asset. That is the split.",Russia collusion — Crossfire Hurricane,,https://www.justice.gov/storage/durhamreport.pdf,FT-11,
196,Lawfare / Mechanics essay,src/lib/content.ts,table row,"CAPTION: First impeachment — abuse of power | SOLD: Sold as a finding: he committed a crime on the call. The article was reported as the fact. An impeachment article is a charge. It was not sold as a charge. | FILE: The memo is public. The President asked about corruption involving the Bidens in a country receiving American aid. Looking into corruption in a foreign aid relationship is the job of the executive under Article II. The House called it an impeachable plot. The Senate acquitted on February 5, 2020. The country had already been split on a verdict the Senate did not return.",First impeachment — abuse of power,,https://trumpwhitehouse.archives.gov/wp-content/uploads/2019/09/Unclassified09.2019.pdf,FT-96,
197,Lawfare / Mechanics essay,src/lib/content.ts,table row,"CAPTION: Second impeachment — incitement of insurrection | SOLD: Sold as a finding: he ordered an attack, and the day was an insurrection. The clip was the exhibit. The statute was not. | FILE: The C-SPAN recording of the speech includes the line to protest peacefully and patriotically. The U.S. Attorney for D.C. later published the tally: about 1,583 federally charged. Assault, trespass, civil disorder. About 18 charged with seditious conspiracy under 18 U.S.C. § 2384. Zero charged under 18 U.S.C. § 2383 — the insurrection statute. The Senate acquitted on February 13, 2021. Insurrection was sold as the fact. Insurrection was never the ",Second impeachment — incitement of insurrection,,https://www.justice.gov/usao-dc/48-months-jan-6-attack-us-capitol,FT-202,
198,Lawfare / Mechanics essay,src/lib/content.ts,table row,"CAPTION: Four criminal dockets at once | SOLD: Sold as four findings at once, in an election year: documents, racketeering, election crime, and business-record felonies, each spoken as if the jury had already sat. A charge is not a verdict. It was not sold as a charge. | FILE: Florida was dismissed as to him. Georgia was abandoned. The District of Columbia was dismissed without prejudice, which is not an acquittal. Manhattan is a records conviction, still on appeal, sentenced to no jail and no fine. The country was split on four verdicts. Three of the cases never reached one.",Four criminal dockets at once,,https://www.courtlistener.com/docket/67656595/united-states-v-trump/,FT-10,
199,Lawfare / Docket essay,src/lib/content.ts,table row,"CAPTION: The judge stayed on the case | SOLD: Sold two ways, both as fact. One side: the judge was compromised and the verdict was fixed, because of his daughter’s firm. The other side: the conviction closed the question, a felon, full stop. Neither sentence was sold as an argument. | FILE: Opinion 23-54, May 4, 2023, said his impartiality could not reasonably be questioned, and that he did not have to step aside or disclose the facts. The opinion assumed his daughter had no interest the case could substantially affect. The defense said that premise was wrong, because clients of the firm raised money off the prosecution. He denied recusal three times. Authentic told the House Judiciary Committee it had no Biden contract after 2020, ",The judge stayed on the case,,https://www.nycourts.gov/ipjudicialethicsopinions/23-54.htm,FT-229,
200,Lawfare / Docket essay,src/lib/content.ts,table row,"CAPTION: Bragg · 34 counts | SOLD: Sold as a finding: thirty-four felonies, election fraud, proved. After the verdict a second caption ran, also as fact: the judge told the jury the verdict did not have to be unanimous. The written charge does not say that. | FILE: The charge says the verdict on each count, guilty or not guilty, must be unanimous. It also says the People need not prove the other crime was in fact committed, only an intent to commit it or to hide it. The other crime he named for the jury was Election Law § 17-152. Then this sentence: although the jury must unanimously conclude he conspired to promote or prevent an election by unlawful means, “you need not be unanimous as to what those unlawf",Bragg · 34 counts,,https://www.nycourts.gov/LegacyPDFS/press/PDFs/People%20v.%20DJT%20Jury%20Instructions%20and%20Charges%20FINAL%205-23-24.pdf,FT-81,
201,Lawfare / Docket essay,src/lib/content.ts,table row,"CAPTION: She was ordered to pay him | SOLD: Sold as a finding: she beat him in court, and the only money in the story is the one he paid her to stay quiet. The fee order ran the other way, and then dropped out of the telling. | FILE: Who paid her lawyers: a public CrowdJustice page. By June 2018 that page had taken in more than half a million dollars. The donations were mostly small, and the donors were not named in a judgment. Her lawyer, Michael Avenatti, said the fees were hers or that page, and that he had not looked at who gave. No court finding identifies a party committee as the source. The tweet called a sketch a con. On December 11, 2018, Judge Otero ordered her to p",She was ordered to pay him,,https://www.courtlistener.com/docket/7649164/stephanie-clifford-v-donald-j-trump/,FT-229,
202,Lawfare / Docket essay,src/lib/content.ts,table row,"CAPTION: Carroll — she filed the day the window opened | SOLD: Sold as a finding: a rape conviction, a credible case with the evidence a criminal trial would require, and a governor who rewrote the clock by herself so this one plaintiff could sue. Also sold as a finished fact on both dollar amounts. | FILE: The window opened November 24, 2022. She filed that day. It closed November 24, 2023. November 4, 2019, was a different suit, defamation over his 2019 denial, and that one did not need the new statute. Who paid the later case: Reid Hoffman, a major Democratic donor, has said he supported it. American Future Republic, a nonprofit he backs, helped pay the legal bills. A 2023 tax filing for that nonprofit has been described as about $7 million to he",Carroll — she filed the day the window opened,,https://www.courtlistener.com/docket/65895581/carroll-v-trump/,LT-16,
203,Lawfare / Docket essay,src/lib/content.ts,table row,"CAPTION: Letitia James · civil fraud | SOLD: Sold as a finding: he inflated Mar-a-Lago, the banks were cheated, and he owed about $464 million. It was a civil case. The money was thrown out. | FILE: This is the Letitia James case. It is not the 34 counts. The statements of financial condition priced Mar-a-Lago between $347 million and $739 million. The figure placed next to that was Palm Beach County’s tax valuation, about $18 million to $27 million. The appeals court said neither the Attorney General nor the trial judge appraised the club at $18 million. They used the tax office’s number, a number the owner had accepted for a tax bill. A ta",Letitia James · civil fraud,,https://www.nycourts.gov/reporter/3dseries/2025/2025_04756.htm,FT-60,
204,Lawfare / Docket essay,src/lib/content.ts,table row,"CAPTION: Florida — the documents case | SOLD: Sold as a finding before a trial: he stole the country’s secrets. The indictment was the exhibit. A charge was spoken as the crime. | FILE: She dismissed the case against him on July 15, 2024. The special counsel dropped the appeal as to him after the election. There is no jury verdict. The caption outlived the docket.",Florida — the documents case,,https://www.courtlistener.com/docket/67490071/united-states-v-trump/,FT-6,
205,Lawfare / Docket essay,src/lib/content.ts,table row,"CAPTION: The District of Columbia | SOLD: Sold as a finding: insurrection, and a proved attempt to overturn an election. The word insurrection was not the statute on the indictment. | FILE: The counts were conspiracy to defraud the United States, obstruction of an official proceeding, and conspiracy against rights. Not 18 U.S.C. § 2383. Dismissed without prejudice on November 25, 2024, because a sitting president is not prosecuted. Without prejudice is not a verdict of innocence. It is also not the conviction the country had already been told was a fact.",The District of Columbia,,https://www.courtlistener.com/docket/67656595/united-states-v-trump/,,
206,Lawfare / Docket essay,src/lib/content.ts,table row,"CAPTION: Georgia — the case was abandoned | SOLD: Sold as a finding: a criminal enterprise, racketeering, proved by the press conference. The indictment was treated as the conviction. | FILE: The Georgia Court of Appeals disqualified District Attorney Fani Willis and her office. Prosecutor Peter Skandalakis then moved to abandon the case. On November 26, 2025 the judge entered a nolle prosequi. He wrote there was no realistic prospect of trying a sitting president before January 20, 2029. The split was made at the announcement. The file ends with the case dropped.",Georgia — the case was abandoned,,https://www.fultonclerk.org/,FT-60,
207,Lawfare / Docket essay,src/lib/content.ts,table row,"CAPTION: The White House briefing — August 3, 2016 | SOLD: Sold as a finding, in both directions. One side: the FBI caught a Russian agent and the White House was only told. The other side: the White House ordered the frame. The paper is a briefing, not an order, and not a clean hands story. | FILE: Durham records the August 3 briefing and the referral. The FBI had already opened Crossfire Hurricane as a full investigation. It did not open on the Clinton-plan intelligence the way it opened on the campaign. The same director who sat in that briefing later signed applications to the secret court. Horowitz found seventeen errors and omissions in the Carter Page warrants. One FBI lawyer, Kevin Clinesmith, altered a CIA email and pleaded guilty. ","The White House briefing — August 3, 2016",,https://www.justice.gov/storage/durhamreport.pdf,FT-36,
208,Lawfare / Docket essay,src/lib/content.ts,table row,"CAPTION: The Oval Office — January 5, 2017 | SOLD: Sold as a finding: the investigation of the incoming administration was walled off from the White House, done by the book, and about Russia. The memo of the meeting is about the incoming national security advisor. | FILE: Obama said he was not asking about, initiating, or instructing anything from a law-enforcement perspective, and that it should be handled by the book. Comey said he was proceeding by the book, and then said he had concerns about Michael Flynn’s talks with the Russian ambassador and that sensitive Russia information might not be passed to Flynn. Comey said he had no indication Flynn had passed classified information. The White House, the FBI, and ","The Oval Office — January 5, 2017",,https://en.wikisource.org/wiki/Susan_Rice_January_20%2C_2017_E-mail_to_Self,FT-9,
209,Lawfare / Docket essay,src/lib/content.ts,table row,"CAPTION: One lawyer, three offices | SOLD: Sold as a finding: the Justice Department dispatched a prosecutor to the Manhattan district attorney to bring the state case, on White House orders. Also sold the other way: the state case had nothing to do with Washington. | FILE: The path connects the civil case, the Department, and the criminal case in one résumé. No judgment in the criminal case finds that the White House or the Department ordered him there. A job is not a dispatch order. It is also not a coincidence the paper has explained. The New York case is the state case. The lawyer who helped try it had just left the Department that was investigating the same man.","One lawyer, three offices",,https://www.nycourts.gov/LegacyPDFS/press/PDFs/People%20v.%20DJT%20Jury%20Instructions%20and%20Charges%20FINAL%205-23-24.pdf,FT-174,
210,Lawfare / Docket essay,src/lib/content.ts,table row,"CAPTION: The Georgia invoices | SOLD: Sold as a finding: the Biden White House ran the Fulton County case. Also sold as a finding: the state case was sealed off from Washington. | FILE: The invoices are a billing entry, not a transcript. They do not record what was said. They do record that the special prosecutor on the state election case charged the county for time with the White House and with the congressional committee, before the indictment. The case was later abandoned after the Georgia Court of Appeals disqualified Willis and her office over the relationship and the money, not over these meetings. A meeting on an invoice",The Georgia invoices,,https://www.congress.gov/118/meeting/house/117301/documents/HHRG-118-FD00-20240515-SD027-U27.pdf,FT-60,
211,Lawfare / Docket essay,src/lib/content.ts,table row,"CAPTION: One special counsel, both federal cases | SOLD: Sold as a finding: the White House appointed Jack Smith. Also sold as a finding: the appointment put the cases outside politics. | FILE: The order is the Attorney General’s. It does not recite a White House directive. Garland named the political calendar as the reason a special counsel was required. Judge Cannon later dismissed the documents case against Trump because the appointment was unlawful. The District of Columbia case was dismissed without prejudice after the election, on the government’s motion. Two federal cases, one prosecutor, appointed because both candidates were ru","One special counsel, both federal cases",,https://www.justice.gov/archives/opa/speech/attorney-general-merrick-b-garland-delivers-remarks-appointment-special-counsel,FT-67,
212,Lawfare / Docket essay,src/lib/content.ts,table row,"CAPTION: The family subpoenas | SOLD: Sold as a finding: the family was under constant subpoena because the crimes were endless. No one gave a count. The paper has one. | FILE: The testimony count is four people, one investigation. The New York Attorney General was asking whether asset values were misstated on financial statements, loan applications, and tax papers to get better loans, insurance, and tax treatment. Eric Trump had already sat. The February 17, 2022 order says he took the Fifth to more than 500 questions. On December 1, 2021 the office subpoenaed Donald J. Trump for documents and testimony, and Ivanka Tru",The family subpoenas,,https://www.nycourts.gov/Reporter/pdfs/2022/2022_30538.pdf,FT-67,
213,Lawfare / Docket essay,src/lib/content.ts,table row,"CAPTION: The dark money | SOLD: Sold two ways, both as fact. One side: the fight was spontaneous, just neighbors who woke up angry. The other side: one man bought the country. The ledger is neither. | FILE: The war had a caption. It also had a pipe. Congress votes an appropriation. An agency writes a grant. A private nonprofit cashes it. In fiscal 2023 the United States disbursed about $71.9 billion in foreign aid. The U.S. Agency for International Development moved about $43.8 billion of that. The Federal Emergency Management Agency awarded nearly $1.4 billion in fiscal 2023 and 2024 through shelter programs to states, cities, and nonprofits. The I",The dark money,,https://www.law.cornell.edu/uscode/text/26/6104,FT-104,
214,Scorecard · Border,src/lib/scorecard.ts,statistic,"export const ENCOUNTERS = { k: ""What an encounter is"", line: ""An encounter is a person CBP met who was not making a lawful entry."", v: ""Customs and Border Protection counts an encounter when its officers meet a person who is not making a lawful entry. That is Border Patrol between the ports of entry, and officers at land ports, airports, and seaports. It is people stopped, turned back, expelled, or processed. It is not a visa. It is not a gotaway — those are the people CBP did not meet. Nationwide means every door CBP counts, not only the southwest river. Obama uses southwest Border Patrol, the long official table. Trump 1, Biden, and Trump 2 use CBP nationwide when that dashboard exists."", href: ""https://www.cbp.gov/newsroom/stats/nationwide-encounters"", };",ENCOUNTERS,,https://www.cbp.gov/newsroom/stats/southwest-land-border-encounters,,
215,Scorecard · Debt,src/lib/scorecard.ts,statistic,export const DEBT_NOW = {,DEBT_NOW,,https://fiscaldata.treasury.gov/datasets/debt-to-the-penny/,,
216,Scorecard · Prices,src/lib/scorecard.ts,statistic,export const CPI_PEAK = {,CPI_PEAK,,https://www.bls.gov/cpi/,,
217,Fake News / Media Ledger,src/lib/ledgers.ts,statistic,MEDIA_LEAD tally claim: 108 captions; tape=21; word=78; standard=9; extracted mediaFrames=115,MEDIA_TALLY,,,LT-135,
218,Dispatch · division-is-the-product,src/lib/content.ts,statistic,"None of that required liking his manners. It required noticing that the people attacking him were not offering a better statute. They were offering a feeling. ABC, CBS, and NBC ran evaluative coverage of his 2025 term that the Media Research Center counted as 92 percent negative in the first hundred days https://www.newsbusters.org/blogs/nb/rich-noyes/2025/04/28/tv-news-assaults-2nd-trump-admin-92-negative-coverage A conservative scorekeeper can be discounted. Then watch a week of those broadcasts. Gallup, in the same season, found trust in mass media at 28 percent, a record low https://news.gallup.com/poll/695762/trust-media-new-low.aspx Independent researchers showed that ranking a feed by likes and shares pumps anger at the other side https://www.science.org/doi/10.1126/science.adu5584 This is not a basement plot. It is a business. Outrage is cheap to make and expensive to unwind. A law takes twenty minutes to read. A clip takes six seconds. The person on a clock loses to the person on a cut.",How did we get here,,https://www.newsbusters.org/blogs/nb/rich-noyes/2025/04/28/tv-news-assaults-2nd-trump-admin-92-negative-coverage | https://news.gallup.com/poll/695762/trust-media-new-low.aspx | https://www.science.org/doi/10.1126/science.adu5584,,
219,Dispatch · the-7-billion-machine,src/lib/content.ts,statistic,"A member of Congress makes $174,500 a year. The Speaker makes $223,500. Majority and minority leaders make $193,400. CRS publishes the table https://www.congress.gov/crs-product/RL30064 That is not the bill the country is paying. That number is the decoy. The bill is $7.258 billion — Public Law 119-37, FY2026 — for a part-time floor sitting on a full-time payroll. https://www.congress.gov/crs-product/R48612",The $7 billion machine,,https://www.congress.gov/crs-product/RL30064 | https://www.congress.gov/crs-product/R48612,FT-46,
220,Dispatch · the-7-billion-machine,src/lib/content.ts,statistic,Self-dealing is not levying war. A part-time floor on a $7.258 billion payroll is not adhering to an enemy. A STOCK Act that does not bite is not aid and comfort. Calling it treason when the elements are not there is the same cheat they use when they say insurrection and file no § 2383 charge. This journal will not fake a capital crime to win an argument.,The $7 billion machine,,,CP-219,
221,Dispatch · the-7-billion-machine,src/lib/content.ts,statistic,"They did swear. Article VI binds every Senator and Representative by oath or affirmation to support this Constitution https://constitution.congress.gov/constitution/article-6/ The statute they recite is 5 U.S.C. § 3331: support and defend the Constitution against all enemies, foreign and domestic; bear true faith and allegiance; and well and faithfully discharge the duties of the office https://www.law.cornell.edu/uscode/text/5/3331 There is no separate felony titled 'oath violation.' The oath is the job description they put their hand on. 'Faithfully discharge the duties' is the line they are on.",The $7 billion machine,,https://constitution.congress.gov/constitution/article-6/ | https://www.law.cornell.edu/uscode/text/5/3331,CP-219,
222,Dispatch · the-7-billion-machine,src/lib/content.ts,statistic,"What the Constitution actually requires of the money: Article I, Section 9 — no money shall be drawn from the Treasury but in consequence of appropriations made by law https://constitution.congress.gov/constitution/article-1/ A continuing resolution and a giant unread bill are still appropriations made by law. Ugly is not the same as void. The 1974 Budget Act's twelve bills by October 1 is a statute, not a clause. They can break that statute for thirty years and still have 'passed a law.' That is the letter. The spirit of Article I is a legislature that debates spending in the open. They have not done that work. That is a failure of the duty they swore to discharge.",The $7 billion machine,,https://constitution.congress.gov/constitution/article-1/,CP-219,
223,Dispatch · the-7-billion-machine,src/lib/content.ts,statistic,"The Framers already saw the perk problem. The 27th Amendment: no law varying the compensation of Senators and Representatives shall take effect until after an election of Representatives has intervened https://constitution.congress.gov/constitution/amendment-27/ They may still raise their own pay. They may not pocket it before the people get a vote. Self-dealing was the fear. Delay was the fence. They have learned to live inside the fence and still write their own pension, their own ethics office, and the twin law never shown.",The $7 billion machine,,https://constitution.congress.gov/constitution/amendment-27/,CP-219,
224,Dispatch · the-7-billion-machine,src/lib/content.ts,statistic,"The constitutional remedies are the ones written down. Article I, Section 5: each House may punish its members and expel with two-thirds. The ballot. An amendment they do not get to grade. Not a street. Not a word reserved for war. What it is: employees who swore to faithfully discharge the duties, took $7.258 billion, and did not. That is how a government stops serving the people and starts serving the syndicate it has become.",The $7 billion machine,,,CP-219,
225,Dispatch · the-word-that-never-made-the-docket,src/lib/content.ts,statistic,"StopHate and a stack of independent films catalog footage the networks would not run as a sequence https://stophate.com/j6-documentaries We do not treat a documentary as a verdict. We pull what the tape and the government file both show, because that is the method of this journal and because a swamp protects itself first by controlling the pictures.",The word that never made the docket,,https://stophate.com/j6-documentaries,FT-248,
226,Dispatch · the-word-that-never-made-the-docket,src/lib/content.ts,legal fact,"Ashli Babbitt, an Air Force veteran, was shot once while climbing through broken glass into the Speaker's Lobby. The video of that moment shows her unarmed. Lieutenant Michael Byrd fired. The Justice Department declined to charge him https://www.justice.gov/usao-dc/pr/department-justice-closes-investigation-death-ashli-babbitt Capitol Police later called the shot within policy. Byrd told NBC he thought he was defending the chamber and did not know whether she had a weapon. He may have been afraid. The shot may have been lawful. The clip and the later testimony are not the same sentence. They are not. That mismatch is why we exist.",The word that never made the docket,,https://www.justice.gov/usao-dc/pr/department-justice-closes-investigation-death-ashli-babbitt,CP-225,
227,Dispatch · the-word-that-never-made-the-docket,src/lib/content.ts,statistic,"Trump's speech that day included the words peacefully and patriotically. Splices ran anyway. A building was still breached. A woman was still shot. A journal that only runs one of those facts is wearing a jersey. How we got here is not a secret council. It is a caste that fired on a crowd, charged a crowd, clipped a crowd, and then, in 2026, wrote bills to make sure even a pardon could not make a defendant whole. Exposure is the threat. The mute is the defense. The docket is still the docket, and insurrection is still the word they chose not to file.",The word that never made the docket,,,CP-225,
228,Dispatch · who-got-paid,src/lib/content.ts,statistic,"Somebody collected. That is the whole second file. A child does not walk a thousand miles on a vibe. A fee is paid, a route is sold, a sponsor is a customer, and a government that opens the door is the marketing department. DHS's own estimate, cited by House Homeland Security and by InSight Crime: human smuggling into the United States was generating as much as $13 billion a year by 2021 — Biden's first year. The Washington Post, November 2024: $4 billion to $12 billion a year as a top income stream. ILO's global trafficking number — about $150 billion worldwide — is a different ledger. Those numbers stay on different ledgers. The border product is the fee and the child as inventory.",Who got paid.,2026-08-31,,,yes
229,Dispatch · who-got-paid,src/lib/content.ts,statistic,"CBP recorded 546,255 unaccompanied children at the southwest border since FY2021, on top of 8.72 million southwest encounters and about 2 million known gotaways. Somebody collected on every one of those bodies. Fentanyl rode the same lanes. That is not a metaphor. Former CBP officers in San Diego sold the shift: Jesse Clark Garcia, nine years, admitted since at least 2021 he fed the Sinaloa Cartel his duty schedule so cocaine, meth, and fentanyl could roll his lane. Diego Bonillo, 15 years. Leonard Darnell George, 23 years, bribes to pass drugs and people. The cartels did not need a senator in a movie. They needed a roster and a lane.",Who got paid.,2026-08-31,,,yes
230,Dispatch · who-got-paid,src/lib/content.ts,statistic,"The political tie that does not need a secret meeting is the term in office. The Democratic Party ran the border from 2021 to 2025. Encounters exploded. Cartel revenue exploded. 65,000 child-welfare reports sat in a drawer. Then the same party told the country to defund the only force that knocks on the sponsor's door. Who got paid: the cartel, the bought lane, the bank that needed a congressman, the contractor who processed the child like freight. Who got the child: too often, nobody who will say where she is. Part three is the tell — the vote to abolish the search. Part one is still the child. The child stays first. The math is the second file.",Who got paid.,2026-08-31,,,yes
231,Dispatch · defund-ice-is-the-tell,src/lib/content.ts,statistic,"Defund ICE is all the proof any American needs that this party is unfit to hold power. Not a vibe. A tell. The Democratic Party ran the border from 2021 to 2025, lost hundreds of thousands of children inside a federal program, and now treats the only federal force that does the door-to-door as the villain. A Democrat who will not speak against abolishing ICE, against clearing the driveway, against keeping HSI off the sponsor's porch, is a Democrat who has chosen the traffic over the child. That compass does not get a chair in this country. Out of the office. Off the next ballot. By the voters, the party that still has a spine, and the statute. Not a riot. A refusal.",Defund ICE is the tell.,2026-08-31,,,yes
232,Dispatch · defund-ice-is-the-tell,src/lib/content.ts,statistic,"They use Epstein survivors as a costume. Epstein is a real file — play it, every name. Using those survivors as a caption while the same party obstructs the locating of open-border children is not solidarity. It is theft of the room. Labor trafficking is trafficking. Sex trafficking is trafficking. A sponsor who is a gang cutout is trafficking. The 7,300 reports in the ignored pile are not a subplot. They are the plot. A politician who screams about a billionaire's island and then votes, marches, or mayors-orders ICE out of the search has named which children count.",Defund ICE is the tell.,2026-08-31,,,yes
233,Dispatch · defund-ice-is-the-tell,src/lib/content.ts,statistic,"When a mayor forbids cooperation, when a campus rings a building, when a member of Congress calls ICE the villain and the cartel the weather, they are not protecting a child. They are protecting the adult who has the child. If the knock is stopped, the report dies in the drawer. This journal will not pretend a protest sign is a warrant. 18 U.S.C. 1591 and 1589 already exist. Harboring and obstruction already exist. Where the statute fits a person who hid a child or sold a lane, use it. Where the person held a gavel and voted to starve the search, remove the gavel. Call the first a crime because it is. Call the second a firing because the people still own the chair.",Defund ICE is the tell.,2026-08-31,,,yes
234,Dispatch · the-noise,src/lib/content.ts,statistic,"They do not fail at talking. That is the only muscle they kept. Hearings that are not hearings. Floor speeches that never become a vote. A Sunday show that names a villain and never names a line in a statute. Gallup, April 2026: ten percent approve of Congress. Eighty-six percent disapprove. That is not a branding problem. That is a shop that stopped delivering the thing it was hired to deliver.",The noise.,2026-09-02,,,yes
235,Dispatch · the-noise,src/lib/content.ts,statistic,The 118th Congress sat among the least productive modern sessions. The 119th still owes twelve money bills by October 1 — a deadline they have not met on time since the Clinton years. They will say the other jersey did it. Both jerseys took the oath. Both jerseys took the $7.258 billion. The country still does not get a budget it can read.,The noise.,2026-09-02,,,yes
236,Dispatch · they-sold-the-split,src/lib/content.ts,statistic,A country with a real argument argues over a bill. A country being managed argues over a jersey. The panel discovered that a six-second clip outruns a thousand-page stack. MRC logged 92 percent negative coverage of the 2025 term in the first hundred days on the big three. That is not weather. That is a business model: keep the temperature up so nobody asks where the money is.,They sold the split.,2026-09-02,,,yes
237,Dispatch · they-sold-the-split,src/lib/content.ts,quote,Stop selling the split. Debate the statute. The jersey is not the job.,They sold the split.,2026-09-02,,,yes
238,Dispatch · they-sold-the-split,src/lib/content.ts,legal fact,"This journal will not answer division with a street. The Supreme Court already draws the line on incitement. The rest of the poison is still speech — and still a firing offense for an employee who took an oath to the country, not to a network. Vow it on camera with the slides. Then go to work. ",They sold the split.,2026-09-02,,,yes
239,Dispatch · full-time-or-go-home,src/lib/content.ts,statistic,"The country pays the legislative branch $7.258 billion this year. Public Law 119-37. The House takes $2.083 billion. The Senate $1.467 billion. Capitol Police nearly $882 million. The Library, the Architect, GAO, CBO, the publishing office — the rest of the campus that never goes home. A member’s $174,500 is the decoy. The machine is the bill. The floor still sits fewer days than a school year.",Full time or go home.,2026-09-02,,,yes
240,Dispatch · full-time-or-go-home,src/lib/content.ts,statistic,"No other job in this country pays that, plus a pension after five years, plus health coverage, plus a million-dollar office allowance, and then treats call time with donors as the real session. They lecture the country about essential workers from a chamber that keeps banker’s hours. Faithfully discharge the duties of the office is the oath they recited. 5 U.S.C. § 3331. Part-time is not faithful.",Full time or go home.,2026-09-02,,,yes
241,Dispatch · the-whole-bill,src/lib/content.ts,statistic,They show a paragraph. They vote on a thousand pages. That is the whole cheat. A reconciliation bill is not a vibe. It is a stack that changes what the Treasury may pay. A budget is not a speech. It is twelve money bills the 1974 Budget Act already required by October 1 — a clock they have not beaten on time since FY1997. The American people cannot ‘approve’ a file they are not given.,The whole bill.,2026-09-02,,,yes
242,Dispatch · the-whole-bill,src/lib/content.ts,statistic,"Same night, prime time, GOP / Democrats / DSA: a deck. Medicare for all names the money — Urban Institute already put extra federal cost near $32–34 trillion over ten years. If the number is different, show the arithmetic. GOP names, line by line, how it will not block the agenda the country voted. Anyone who will not show the slides agrees, on camera, to go home.",The whole bill.,2026-09-02,,,yes
243,Dispatch · the-whole-bill,src/lib/content.ts,statistic,"Statute they already wrote: Congressional Budget Act of 1974. Twelve bills by October 1. Treat a miss as a firing offense in the next primary, not a weather report.",The whole bill.,2026-09-02,,,yes
244,Dispatch · the-whole-bill,src/lib/content.ts,statistic,"This is not a street. It is not a new speech crime. It is the job they swore: well and faithfully discharge the duties of the office. They have been discharging a narrative. The country is 300 million people, not a panel.",The whole bill.,2026-09-02,,,yes
245,Dispatch · it-does-not-fit,src/lib/content.ts,statistic,"They say the word and wait for the applause. Medicare for all. As if a chant were a score. Congress has never scored the bill. Think tanks have. The left-of-center Urban Institute already did the arithmetic they will not put on a slide: taking private insurance off the table and writing every hospital check from Washington adds about $32 trillion to $34 trillion in extra federal spending over ten years. Charles Blahous at Mercatus, using Sanders’s own bill, put the floor at $32.6 trillion even if every promised ‘saving’ comes true. The Committee for a Responsible Federal Budget put the range at $25 trillion to $35 trillion. Those are studies. Congress never sent a scored Medicare-for-all bill to the President. That is the record.",It does not fit.,2026-09-04,,,yes
246,Dispatch · it-does-not-fit,src/lib/content.ts,statistic,"CBO, March 2026. Fiscal year 2026: the Treasury takes in $5.6 trillion. It spends $7.4 trillion. The hole is $1.9 trillion — 5.8 percent of GDP — in a year they project unemployment under 5 percent. Debt held by the public is already 101 percent of GDP and heads to 120 percent by 2036. Net interest is $1.0 trillion this year and $2.1 trillion in 2036. Bipartisan Policy Center, August 2026: gross federal debt is in sight of $40 trillion. Medicare, the program they want to clone onto every American, already spent about $1.2 trillion in 2025 covering the old. That is the machine before they hand it the whole country.",It does not fit.,2026-09-04,,,yes
247,Dispatch · it-does-not-fit,src/lib/content.ts,statistic,$34 trillion extra federal / 10 years is $3.4 trillion every year — on top of the $7.4 trillion they already cannot pay.,It does not fit.,2026-09-04,,,yes
248,Dispatch · it-does-not-fit,src/lib/content.ts,statistic,$34 trillion is six years of every tax dollar CBO says the Treasury will collect in 2026 ($5.6T × 6 = $33.6T).,It does not fit.,2026-09-04,,,yes
249,Dispatch · it-does-not-fit,src/lib/content.ts,statistic,$34 trillion is more than one full year of U.S. GDP (~$32 trillion). They are proposing to put a second entire economy through the IRS.,It does not fit.,2026-09-04,,,yes
250,Dispatch · it-does-not-fit,src/lib/content.ts,statistic,"The talking point is always the same: ‘we already spend it in premiums.’ Urban already netted the private dollars. The $32–34 trillion is the extra load on the federal books after that move. Households do not get a holiday. They get a tax. Employers do not get a holiday. They get a payroll line Washington writes. The hospital does not get a holiday. It gets a government price and a waiting list. The ‘savings’ are a transfer of pain, not a free lunch.",It does not fit.,2026-09-04,,,yes
251,Dispatch · it-does-not-fit,src/lib/content.ts,statistic,"CRFB asked the only adult question: if the midpoint is $30 trillion extra federal in ten years, what does the pay-for look like. One of these, or a stack of them:",It does not fit.,2026-09-04,,,yes
252,Dispatch · it-does-not-fit,src/lib/content.ts,statistic,A 32 percent payroll tax — on top of Social Security and Medicare FICA already paid.,It does not fit.,2026-09-04,,,yes
253,Dispatch · it-does-not-fit,src/lib/content.ts,statistic,A 25 percent income surtax.,It does not fit.,2026-09-04,,,yes
254,Dispatch · it-does-not-fit,src/lib/content.ts,statistic,"A 42 percent value-added tax, European-style, on what is bought.",It does not fit.,2026-09-04,,,yes
255,Dispatch · it-does-not-fit,src/lib/content.ts,statistic,"Cut 80 percent of all non-health federal spending — Defense, veterans, borders, courts, interest. They will not. So they borrow.",It does not fit.,2026-09-04,,,yes
256,Dispatch · it-does-not-fit,src/lib/content.ts,statistic,Or add 105 percent of GDP to the debt on top of the 101 percent already there. That is not a country. That is a junk credit with a flag.,It does not fit.,2026-09-04,,,yes
257,Dispatch · it-does-not-fit,src/lib/content.ts,legal fact,"CRFB was explicit: taxes on high earners and corporations alone cannot finance it. The slogan that ‘billionaires will pay’ is a caption. The bill lands on payrolls, prices, and the bond market. Anyone who will not pick a row from that list and put a dollar sign on a slide is not offering health care. They are offering insolvency and calling it compassion.",It does not fit.,2026-09-04,,,yes
258,Dispatch · it-does-not-fit,src/lib/content.ts,statistic,"Not with a speech. With arithmetic that is already in motion. Interest is the tell. CBO has net interest doubling in a decade under current law — before Medicare for All. Add $3 trillion-plus a year in new federal outlays and the Treasury is not ‘covering health care.’ It is bidding against every mortgage, every factory, every payroll in the market for dollars. Crowded capital is not a theory. It is how a reserve currency becomes a warning label. Hospitals that cannot hire because the reimbursement is a political number. Drugs that do not get made because the price is a press conference. A generation that inherits a 120-percent-of-GDP debt plus a new entitlement that cannot be unwound without a riot in the caption. That is destruction. Slow, official, and on letterhead.",It does not fit.,2026-09-04,,,yes
259,Dispatch · it-does-not-fit,src/lib/content.ts,statistic,"Democrats who run on this without a CBO score, a Joint Committee on Taxation table, and a named pay-for are not confused. They are counting on the annex never being read. DSA puts it on the same poster as reparations and a jobs guarantee. Cato stacked that program at $71 trillion to $212 trillion in ten years. There are only ten years in the window. That is not a platform. That is a confession that the private economy is the target.",It does not fit.,2026-09-04,,,yes
260,Dispatch · it-does-not-fit,src/lib/content.ts,statistic,"The Hearing’s demand does not change. Prime time. GOP, Democrats, DSA. Medicare for all names the money — Urban’s $32–34 trillion extra federal, or another number with the table attached, with the table attached. Anyone who will not, agrees on camera to go home. The country is 300 million people. It is not a slush fund for a slogan.",It does not fit.,2026-09-04,,,yes
261,Dispatch · the-check-they-will-not-write,src/lib/content.ts,statistic,"It comes back every cycle for the same reason a bad check comes back: it never cleared. Reparations is the slogan shouted in a primary without putting a CBO score on a slide. H.R. 40 has been introduced since 1989. It does not pay anyone. It studies. John Conyers ran it for thirty years. Ayanna Pressley ran it again on January 3, 2025, with ninety-six cosponsors. In thirty-seven years the bill has never become a number the Treasury has to print. That is not a failure of the activists. That is the design. A commission is a halo. A check is a tax.",The check they will not write.,2026-09-04,,,yes
262,Dispatch · the-check-they-will-not-write,src/lib/content.ts,statistic,"Because it is cheap as politics and impossible as math. In a Democratic primary it is a loyalty test: say the word or be called a denier of history. In a general election it is quietly dropped, because the country is not 13 percent of the electorate and does not write blank checks by race. Washington State Democrats put ‘implementation’ into a platform in June 2026 — after Juneteenth, on a weekend, in a room of delegates. That is the calendar. Not budget week. Not the Budget Committee. The weekend the cameras want a moral. California proved the rest. Gavin Newsom signed a task force, took the applause, and when the economists put $1.2 million per person on the table he would not write it. The 2024 budget set aside $12 million for ‘reparations legislation.’ Twelve million is a press release. It is not a program. The pattern is the product: commission, headline, no check.",The check they will not write.,2026-09-04,,,yes
263,Dispatch · the-check-they-will-not-write,src/lib/content.ts,statistic,"William Darity is the economist they cite when they want a scholar instead of a chant. Brookings, 2020: $10 to $12 trillion in federal expenditures to close the Black–White wealth gap — about $800,000 per eligible household. By 2022 the same framework, on later Survey of Consumer Finances data, was being quoted near $14 trillion. Juneteenth 2026: Darity told Forbes the floor is $16 trillion — roughly $400,000 per person times about 40 million Black Americans descended from U.S. slavery. He said do not expect a comprehensive plan this decade. Translate that: the people who want the check know the bank is closed.",The check they will not write.,2026-09-04,,,yes
264,Dispatch · the-check-they-will-not-write,src/lib/content.ts,statistic,$16 trillion is almost three years of every federal tax dollar CBO says the Treasury will collect in 2026 ($5.6T).,The check they will not write.,2026-09-04,,,yes
265,Dispatch · the-check-they-will-not-write,src/lib/content.ts,statistic,$16 trillion is half of one year of U.S. GDP (~$32T).,The check they will not write.,2026-09-04,,,yes
266,Dispatch · the-check-they-will-not-write,src/lib/content.ts,statistic,"Stack it on Urban’s Medicare for All extra-federal $32–34T and the stack is north of $48 trillion in one decade against $56 trillion of ten years of current receipts — before interest, before a jobs guarantee, before the DSA housing line.",The check they will not write.,2026-09-04,,,yes
267,Dispatch · the-check-they-will-not-write,src/lib/content.ts,statistic,Cato’s read of the DSA platform puts reparations itself at $13.5 trillion to $28 trillion. High end is five years of the entire IRS.,The check they will not write.,2026-09-04,,,yes
268,Dispatch · the-check-they-will-not-write,src/lib/content.ts,statistic,California’s unofficial working number hit about $800 billion for one state that never had chattel slavery in its statehood. Newsom still would not sign a payment bill.,The check they will not write.,2026-09-04,,,yes
269,Dispatch · the-check-they-will-not-write,src/lib/content.ts,statistic,"An honest comparison exists, and they do not use it. The Civil Liberties Act of 1988 paid about $20,000 to living Japanese Americans who had been interned — a documented class, a finite roll, a bill of roughly $1.6 billion. That is how a republic pays a specific wrong to living people. A wealth-gap formula billed to people who were not born, drawn on people who did not own slaves, administered by race, is not that. It is a new spoils system with a museum caption.",The check they will not write.,2026-09-04,,,yes
270,Dispatch · the-check-they-will-not-write,src/lib/content.ts,statistic,"The 14th Amendment equal-protection clause is not a vibe. A Treasury payment whose only ticket is race is the fact pattern already in court in Evanston, Illinois — a $25,000 housing program the Justice Department moved to halt in 2026 as unconstitutional. History can be taught. The IRS cannot be run as a racial trust without shredding the amendment that ended slavery as law. The living cannot be taxed for the dead by skin color in a country whose Constitution forbids titles of nobility and bills of attainder for a reason: punishment and reward do not travel in the blood.",The check they will not write.,2026-09-04,,,yes
271,Dispatch · the-check-they-will-not-write,src/lib/content.ts,statistic,"Even if a court pretended otherwise, the money is not there. CBO: $5.6 trillion in, $7.4 trillion out, $1.9 trillion hole, debt in sight of $40 trillion. Confiscating the net worth of the 400 richest Americans — about $6.6 trillion in 2025, per Cato — does not cover Darity’s floor. It does not cover Cato’s low DSA reparations line. The check, if written, lands on payrolls, prices, and the bond market. That is every other Democrat slogan in this series. Billionaires are the caption. The middle is the account.",The check they will not write.,2026-09-04,,,yes
272,Dispatch · the-check-they-will-not-write,src/lib/content.ts,quote,A wrong in 1865 is not paid by bankrupting 2026. History is a record. It is not a blank on the Treasury.,The check they will not write.,2026-09-04,,,yes
273,Dispatch · the-check-they-will-not-write,src/lib/content.ts,statistic,"This journal will not deny slavery, Jim Crow, or redlining. The record is the record. The 13th, 14th, and 15th Amendments were the legal end of the slave power. The Civil Rights Act and the Voting Rights Act were the legal end of Jim Crow. A country can teach that without lighting a race line under the income tax. What it cannot do is add a $16 trillion racial outlay on top of a $34 trillion health outlay and call the sum justice. That is how the currency is destroyed, the courts, and the idea that the law is the same for the man in the next pew.",The check they will not write.,2026-09-04,,,yes
274,Dispatch · the-check-they-will-not-write,src/lib/content.ts,legal fact,"The Hearing’s demand is the same as it was for Medicare for All. Prime time. Name the pay-for. Name the eligible class without a racial test that dies in court. No pay-for, no slogan. The check was never on the table.",The check they will not write.,2026-09-04,,,yes
275,Dispatch · a-barcode-is-not-a-lock,src/lib/content.ts,statistic,"Write the two sentences on the same chalkboard. August 2020: Democrats told the country Louis DeJoy was dismantling the Postal Service so a ballot would die in a bin. Letitia James said the changes ‘made a mockery of the right to vote.’ They sued. They held hearings. They said the trucks were slow, the machines were gone, the overtime was cut, the election was in danger because the mail could not be trusted. November 12, 2020: CISA, the same federal security shop, declared the contest ‘the most secure in American history.’ Those two captions cannot both be adult. Either the post office was a crime scene or it was a vault. They used both, three months apart, on the same ballots.",A barcode is not a lock.,2026-09-04,,,yes
276,Dispatch · a-barcode-is-not-a-lock,src/lib/content.ts,statistic,"Read Krebs on 60 Minutes, not the caption. The sentence about ‘most secure’ was about voting systems: paper backups so a hacked tally can be checked. Ninety-five percent of 2020 ballots had a paper record. That is a claim about machines. The panel translated it into a claim about the mail. Those are different rooms. A scanner in a county warehouse is not a letter that sat in a kitchen, a porch box, a carrier bag, a plant, and a regional facility with nobody watching the flap. CISA did not audit the kitchen. It issued a press release about the tabulator.",A barcode is not a lock.,2026-09-04,,,yes
277,Dispatch · a-barcode-is-not-a-lock,src/lib/content.ts,statistic,"The Washington Post, November 5, 2020: the Postal Service processed about 150,000 ballots after Election Day. USPS later said 99.89 percent of ballots reached election officials within seven days. Both can be in the record. Neither is a chain of custody with a name on it. A percentage is not a witness.",A barcode is not a lock.,2026-09-04,,,yes
278,Dispatch · a-barcode-is-not-a-lock,src/lib/content.ts,statistic,"August 2026: USPS finalized a rule that would enroll each mail voter in a federal portal with name, address, and two unique barcodes — outbound and return. Return ballots, the rule itself says, do not get the same acceptance check as the outbound stack. Democrats called it illegal, chaotic, too close to the midterms. North Carolina started mailing today anyway. The switch is the tell. In 2020 the barcode-and-mail pipeline was so sacred it made history. In 2026 the same pipeline, with more barcode, is a plot. The envelope did not change. The jersey on the White House did.",A barcode is not a lock.,2026-09-04,,,yes
279,Dispatch · a-barcode-is-not-a-lock,src/lib/content.ts,statistic,"If USPS was too broken to deliver a ballot in August 2020, it was not the courier of the most secure election in November.",A barcode is not a lock.,2026-09-04,,,yes
280,Dispatch · a-barcode-is-not-a-lock,src/lib/content.ts,statistic,"If Democrats now say USPS has no business touching a ballot except to carry it, they have conceded the 2020 caption: the post office was a truck, not a poll worker with an oath.",A barcode is not a lock.,2026-09-04,,,yes
281,Dispatch · a-barcode-is-not-a-lock,src/lib/content.ts,statistic,"This journal will not invent a dumpster of ballots to win a paragraph. The tape is the tape. People voted by mail for decades before 2020 — mostly absentee, mostly with an excuse, mostly in numbers the plants could swallow. 2020 made the exception the system and then forbade asking how a letter becomes a vote. The honest design is in-person, with identification, or absentee with a reason and a chain a court can read. A sorting sticker on a pandemic envelope is not that. It is a caption that says ‘trust us’ in machine-readable ink.",A barcode is not a lock.,2026-09-04,,,yes
282,Dispatch · they-dont-debate-they-flag,src/lib/content.ts,legal fact,"That accusation is false. There is no such content here. There never was. The Dispatch is a political journal: statutes, C-SPAN, the uncut record. We do not publish the thing he named. He named it anyway, on a loop, under a paying account, after a political argument.",They don't debate. They flag.,2026-08-26,,,yes
283,Dispatch · they-dont-debate-they-flag,src/lib/content.ts,legal fact,"A republic only works if people can argue in the open. The First Amendment is not a vibe. It is the rule that speech answers speech — not a poison tag hoped a trust-and-safety queue will treat as gospel. Television already taught half the country that a six-second caption is a verdict. This is the same move on a reply thread: skip the Constitution, skip the clip, skip the statute. Attach the worst word in the language to a citizen and go to bed.",They don't debate. They flag.,2026-08-26,https://constitution.congress.gov/constitution/amendment-1/,,yes
284,Dispatch · division-is-the-product,src/lib/content.ts,legal fact,"What changed, slowly enough that a busy person could miss it, is who the political club thought those people were. Bureaucrats and career politicians stopped seeing a principal and started seeing a tap. Money came in. Rules went out. When the rules failed, the explanation was always that the public had not been patient enough, or educated enough, or kind enough. The people who wrote the rules graded their own ethics, exempted themselves from the statutes they passed, and sat for interviews about how dangerous it was that anyone had noticed.",How did we get here,2026-08-29,,,yes
285,Dispatch · division-is-the-product,src/lib/content.ts,legal fact,"Part of the trick was never teaching how the machine actually runs. Most Americans can name a party. Far fewer can say how a bill becomes a statute, who writes the regulation after the vote, or where the money is authorized versus spent. That ignorance is not a personality flaw. It was convenient. A six-second clip is easier than Article I. A caption is easier than a rider. For every law they advertised as best for the nation, there was often a quiet twin — a giant unread bill, a notwithstanding clause, an agency rewrite — that took back what the camera had just celebrated. The name of the bill made the news. The catch lived in the annex.",How did we get here,2026-08-29,,,yes
286,Dispatch · division-is-the-product,src/lib/content.ts,legal fact,"Hannah Arendt saw the method before the present caption. In The Origins of Totalitarianism she wrote that the ideal subject is not the convinced partisan — it is the person for whom the distinction between fact and fiction, true and false, no longer exists. Love of Congress is not required. Inability to read a statute is. In Eichmann in Jerusalem she named the other half: evil as thoughtlessness, a career, a man who was only doing his job. The neighbor in the other jersey is not that. The functionary who files the unread pile is. Power, she argued, is people acting in concert. Isolation is how a republic is lost. The record is how concert comes back.",How did we get here,2026-08-29,,,yes
287,Dispatch · the-republic-not-the-caption,src/lib/content.ts,legal fact,"The United States is a constitutional republic. The people are sovereign. The Constitution is the operating manual. Congress, the President, and the courts are employees with listed powers in Article I, Article II, and Article III. They do not own the country. They work here.","The republic, not the caption",2026-08-26,https://constitution.congress.gov/ | https://constitution.congress.gov/constitution/article-1/ | https://constitution.congress.gov/constitution/article-2/ | https://constitution.congress.gov/constitution/article-3/,,yes
288,Dispatch · one-word,src/lib/content.ts,legal fact,"Once the word sticks, process is the punishment. The House impeached twice. Then four criminal dockets ran at once against the same man. The cases are on Taxpayer-funded hoaxes. Neighbors were taught that the people who hired him were a threat to the country.",One word,2026-09-21,,,yes
289,Dispatch · they-ran-it-anyway,src/lib/content.ts,statistic,"The file is on Fake News, in the Russia collusion row. Crossfire Hurricane opened with no actual evidence of collusion in the holdings. Schiff said the evidence was more than circumstantial on March 20, 2017. Mueller did not establish a conspiracy. They ran the caption for the whole first term anyway.",They ran it anyway,2026-09-21,,FT-11,yes
290,Dispatch · they-work-for-us,src/lib/content.ts,statistic,"April 22, 2026. House Minority Leader Hakeem Jeffries, at a news conference about Virginia maps. C-SPAN, the sentence. C-SPAN, the full conference.",They work for us,2026-08-24,https://www.c-span.org/clip/news-conference/user-clip-jeffries-maximum-warfare/5199623 | https://www.c-span.org/program/news-conference/house-democrats-hold-news-conference-on-virginia-redistricting-vote/677945,,yes
291,Dispatch · they-work-for-us,src/lib/content.ts,statistic,"May 19, 2026. A separate room. Fox News has the speech. He named an election in the second sentence. He still said the goal is to break them, then to break their spirit.",They work for us,2026-08-24,https://www.foxnews.com/video/6396075535112,,yes
292,Dispatch · they-work-for-us,src/lib/content.ts,statistic,"Chuck Schumer, March 4, 2020, on the Supreme Court steps, to Justices Gorsuch and Kavanaugh: “You have released the whirlwind, and you will pay the price. You won’t know what hit you.” He later said he misspoke. The tape.",They work for us,2026-08-24,https://www.youtube.com/watch?v=yu-7L5W6Rew,,yes
293,Dispatch · they-work-for-us,src/lib/content.ts,statistic,"Maxine Waters, June 2018: “you get out and you create a crowd and you push back on them.” The tape. April 2021: “We’ve got to get more confrontational.” The tape.",They work for us,2026-08-24,https://www.youtube.com/watch?v=-1Fu3g1MGHY | https://www.youtube.com/watch?v=tnNBvN4ZXms,,yes
294,Dispatch · they-work-for-us,src/lib/content.ts,statistic,"Kamala Harris, June 1, 2020: “chip in now to the @MNFreedomFund to help post bail for those protesting on the ground in Minnesota.” The post.",They work for us,2026-08-24,https://x.com/KamalaHarris/status/1267555018128965643,,yes
295,Dispatch · they-work-for-us,src/lib/content.ts,statistic,"Joe Biden, July 8, 2024, to donors, later on camera to Lester Holt: “time to put Trump in the bull’s-eye.” He later called the word a mistake. NBC.",They work for us,2026-08-24,https://www.nbcnews.com/video/biden-says-it-was-a-mistake-to-use-bullseye-in-remarks-about-trump-214895685978,,yes
296,Dispatch · they-hold-it-by-the-blade,src/lib/content.ts,statistic,"Speech or Debate, Article I, Section 6, covers the floor. Hutchinson v. Proxmire said a press release is not the floor.",They hold it by the blade,2026-08-30,https://constitution.congress.gov/constitution/article-1/ | https://www.oyez.org/cases/1978/78-680,,yes
297,Dispatch · they-hold-it-by-the-blade,src/lib/content.ts,legal fact,"The First Amendment is the fence. Brandenburg v. Ohio is the line: imminent lawless action, and likely to produce it.",They hold it by the blade,2026-08-30,https://constitution.congress.gov/constitution/amendment-1/ | https://supreme.justia.com/cases/federal/us/395/444/,,yes
298,Dispatch · they-hold-it-by-the-blade,src/lib/content.ts,statistic,Insurrection was the word. 18 U.S.C. § 2383 is the statute that was not filed.,They hold it by the blade,2026-08-30,https://www.law.cornell.edu/uscode/text/18/2383,,yes
299,Dispatch · they-hold-it-by-the-blade,src/lib/content.ts,statistic,"Article I, Section 9 says money is drawn only by law. The clause does not require them to read the law.",They hold it by the blade,2026-08-30,https://constitution.congress.gov/constitution/article-1/,,yes
300,Dispatch · they-hold-it-by-the-blade,src/lib/content.ts,statistic,"The oath, Article VI and 5 U.S.C. § 3331, is still recited. Twelve appropriations bills have not been passed on time since fiscal year 1997.",They hold it by the blade,2026-08-30,https://constitution.congress.gov/constitution/article-6/ | https://www.law.cornell.edu/uscode/text/5/3331,,yes
301,Dispatch · they-published-the-replacement,src/lib/content.ts,statistic,"18 U.S.C. § 2384, seditious conspiracy, is a felony when two or more people conspire to overthrow the United States by force, levy war against it, or by force hinder federal law. 18 U.S.C. § 2385, the Smith Act, reaches advocating overthrow by force or violence. Abstract politics is not the crime. Force is.",They published the replacement,2026-08-24,https://www.law.cornell.edu/uscode/text/18/2384 | https://www.law.cornell.edu/uscode/text/18/2385,,yes
302,Dispatch · they-published-the-replacement,src/lib/content.ts,statistic,"In 2026 the Democratic Socialists of America published Workers Deserve More. Their words: “draft a new constitution, and create a democratic socialist republic.” Abolish the Senate. Replace the President and the Supreme Court with an executive and judiciary chosen by and subordinate to Congress. Public ownership of the largest corporations and essential industries. Abolish ICE. Amnesty regardless of status. Complete victory, they write, requires “building a new society from the ground up.”",They published the replacement,2026-08-24,https://program.dsausa.org/,,yes
303,Dispatch · they-published-the-replacement,src/lib/content.ts,legal fact,A prosecutor still has to prove an agreement to use force. The paper does not recite rifles. Article V is how the Constitution is changed. A draft of a socialist republic is not Article V.,They published the replacement,2026-08-24,https://constitution.congress.gov/constitution/article-5/,,yes
304,Dispatch · the-recess-blockade,src/lib/content.ts,statistic,"Clinton: 139 recess appointments. Bush: 171. Obama: 32 until the Court stripped the tactic. Trump first term: 0. Biden: 0 — the Senate was aligned. Trump now: 0, because someone still walks into an empty chamber every few days, bangs a gavel, and leaves.",The recess blockade,2026-08-23,,,yes
305,Dispatch · the-recess-blockade,src/lib/content.ts,statistic,"NLRB v. Noel Canning (2014) said a valid recess lasts at least ten consecutive days, and the Senate decides when it is in session. Armed with that, a faction invented fake sessions — no business, one politician, a few seconds. Fiction with a gavel. It turns off Article II, Section 2, Clause 3 on purpose so a president the country just elected cannot staff the government.",The recess blockade,2026-08-23,https://supreme.justia.com/cases/federal/us/573/12-1281/ | https://constitution.congress.gov/constitution/article-2/,,yes
306,Dispatch · the-recess-blockade,src/lib/content.ts,statistic,The Framers wrote the Recess Appointments Clause as a check against a Senate that would not act. Fake sessions are a check against the voters. That is the 2024 mandate dying in an empty room. Track the calendar. Count the days between gavels. The numbers are the argument.,The recess blockade,2026-08-23,,,yes
307,Dispatch · the-7-billion-machine,src/lib/content.ts,statistic,"House of Representatives: $2.083 billion. The Members' Representational Allowance alone ran about $1.85 million to $2.09 million per House office in 2025 — staff, travel, district rent. Eighteen full-time aides plus part-time is allowed. https://www.congress.gov/crs-product/R40962",The $7 billion machine,2026-08-22,https://www.congress.gov/crs-product/R40962,,yes
308,Dispatch · the-7-billion-machine,src/lib/content.ts,statistic,Senate: $1.467 billion. Office budgets scale with state population. The chamber that sits fewer days than a school year still draws a year-round payroll.,The $7 billion machine,2026-08-22,,,yes
309,Dispatch · the-7-billion-machine,src/lib/content.ts,statistic,"U.S. Capitol Police: $852 million, plus $30 million in mutual-aid reimbursements in the same law.",The $7 billion machine,2026-08-22,,,yes
310,Dispatch · the-7-billion-machine,src/lib/content.ts,statistic,"Library of Congress, including CRS: $852 million (CRS itself about $136 million). The research shop that writes the tables they hope go unread.",The $7 billion machine,2026-08-22,,,yes
311,Dispatch · the-7-billion-machine,src/lib/content.ts,statistic,Architect of the Capitol: $812 million. The buildings. The grounds. The campus that never goes home.,The $7 billion machine,2026-08-22,,,yes
312,Dispatch · the-7-billion-machine,src/lib/content.ts,statistic,"Government Accountability Office: $812 million. The auditor of everyone except, in practice, the people who fund it.",The $7 billion machine,2026-08-22,,,yes
313,Dispatch · the-7-billion-machine,src/lib/content.ts,statistic,"Government Publishing Office: $132 million. Congressional Budget Office: $75 million. Joint items: $25 million. A $522,000 line for widows and heirs of deceased members.",The $7 billion machine,2026-08-22,,,yes
314,Dispatch · the-7-billion-machine,src/lib/content.ts,statistic,"On top of the salary: FEHB health coverage paid in part by taxpayers; a FERS pension that can start after five years and outlive the member; House and Senate gym and parking; an outside earned-income cap they wrote themselves ($33,285 in 2025).",The $7 billion machine,2026-08-22,,,yes
315,Dispatch · the-7-billion-machine,src/lib/content.ts,statistic,"Call time is the real session. Donors get the hours. The statute gets the leftover. The country already paid $174,500 so they would not have to work the phones. They work the phones anyway.",The $7 billion machine,2026-08-22,,,yes
316,Dispatch · the-7-billion-machine,src/lib/content.ts,statistic,"They set their own pay, their own pension, their own ethics office, then investigate themselves. The STOCK Act of 2012 was a press conference. The trades continued.",The $7 billion machine,2026-08-22,,,yes
317,Dispatch · the-7-billion-machine,src/lib/content.ts,statistic,"When the people notice, the caption becomes the weapon. The $7.258 billion buys the building in which the caption is written.",The $7 billion machine,2026-08-22,,,yes
318,Dispatch · the-line-in-the-sand,src/lib/content.ts,statistic,"Swamp Force exists because a uniparty that will not require proof of citizenship to vote in a federal election is not confused. It is protecting a system. The Safeguard American Voter Eligibility Act — H.R. 22, Senate companion S. 128 — is documentary proof of U.S. citizenship to register, and a purge of non-citizens from the rolls. It does not take the vote from a single citizen. Read the text on Congress.gov.",The line in the sand,2026-08-21,https://www.congress.gov/bill/119th-congress/house-bill/22 | https://www.congress.gov/bill/119th-congress/senate-bill/128,,yes
319,Dispatch · the-line-in-the-sand,src/lib/content.ts,statistic,"They still killed it. Pew, August 2025: 83% and Gallup, October 2024: 84% wanted voter ID. The machine did not. Until the rolls are secured, verified, and sealed, federal elections rest on a system that cannot be audited. That is the demand. Not a riot. A list, a statute, a roll.",The line in the sand,2026-08-21,https://www.pewresearch.org/politics/2025/08/13/views-of-the-2024-election-and-voting/ | https://news.gallup.com/poll/651905/solid-majority-supports-voter-identification-laws.aspx,,yes
320,Dispatch · the-line-in-the-sand,src/lib/content.ts,statistic,The split in this country is not Left vs. Right. It is the Syndicate vs. The public. 535 people do not outrank 300 million. They work here. They do not own it.,The line in the sand,2026-08-21,,,yes
321,Dispatch · the-uniparty-mirror,src/lib/content.ts,statistic,"Omnibus packages — thousand-page spending nobody debates as single bills — pass with enough members of both parties to keep the machine fed. Debt-ceiling increases have been a bipartisan ritual for a generation; the Fiscal Responsibility Act of 2023 was only the latest handshake. FISA Section 702, the warrantless-surveillance authority, was reauthorized April 20, 2024 as the Reforming Intelligence and Securing America Act. The Senate vote was 60–34. Both parties were in the 60. A warrant requirement for queries on Americans was rejected. The sunset is April 20, 2026 — they will try it again.",The uniparty mirror,2026-08-20,https://www.congress.gov/bill/118th-congress/house-bill/3746 | https://www.congress.gov/bill/118th-congress/house-bill/7888,,yes
322,Dispatch · what-the-democratic-party-became,src/lib/content.ts,statistic,"This is not a hate page. It is a history class. Jefferson’s party talked limited government. Jackson’s party talked the common man and still built a spoils machine. The 20th century added unions, the New Deal, and Jim Crow in the same tent. The 1960s split it: civil-rights votes that were right, and a new class of staffers who never left campus.",What the Democrats became,2026-08-29,https://www.congress.gov/bill/88th-congress/house-bill/7152,,yes
323,Dispatch · what-the-democratic-party-became,src/lib/content.ts,statistic,"By the 2020s the brand was agencies, identity memos, and a newsroom that treated the party as weather. Working counties left. The clip stayed. Later lessons: the machines, the 1964–68 break, the donor shift, and what the 2024 loss actually was. We will give them the wins too — Social Security’s passage, the 1964 Act — or this is a caption with our flag on it.",What the Democrats became,2026-08-29,,,yes
324,Dispatch · what-the-republican-party-became,src/lib/content.ts,statistic,"Same rule. Not a hate page. A history class. Lincoln’s party ended slavery and occupied the South. Then it made a deal and left. The 20th century: tariffs, business, Nixon’s map, Reagan’s tax cuts and the debt that came with the talk. Read Treasury’s debt to the penny. The donor class learned to say Founders and fund the same committees the other jersey funded.",What the GOP became,2026-08-29,https://fiscaldata.treasury.gov/datasets/debt-to-the-penny/,,yes
325,Dispatch · what-the-republican-party-became,src/lib/content.ts,statistic,"2016 was a revolt inside that club. Some of the club joined. Some of it called the voters names. Later lessons: the southern realignment, the never-ending war caucus, K Street Republicans, and why a majority still cannot close a border they campaign on. If we only whip one party we are a Super Bowl. We are a journal.",What the GOP became,2026-08-29,,,yes
326,Dispatch · why-the-lobby-should-be-illegal,src/lib/content.ts,statistic,"Why it is not banned: the First Amendment covers petition, and the Court has treated money as speech in campaigns. Why it still should be fenced: disclosure is not a fence. The Lobbying Disclosure Act of 1995 is a form. Forms do not stop the door from revolving. Later lessons: FARA (foreign money), the cooling-off period that is not cool, and a simple rule we will argue — if they write the law, they cannot sell it for a set number of years.",Why the lobby should be illegal,2026-08-29,,,yes
327,Dispatch · why-he-became-the-enemy,src/lib/content.ts,legal fact,"They do not hate him because he is a saint. This journal has already printed the ugly sentences that are on tape, and it will print them again when they belong. They loved him when he was a donor — a businessman writing checks to the political club. That man was useful. That man was invited. Then he stopped being a donor and became a pragmatist about to solve the problems the club had created and lived on. The invitations ended. The plots began. Taxpayer money went into hoax after hoax: a Russia file the Durham report later gutted https://www.justice.gov/storage/durhamreport.pdf two impeachments, overlapping cases that ate a campaign, a caption that never had to survive the recording. He was not supposed to get the job. Once he had it, they could not let the country conclude that the political club had never been magic.",Why they hate Trump,2026-08-30,https://www.justice.gov/storage/durhamreport.pdf,,yes
328,Dispatch · why-he-became-the-enemy,src/lib/content.ts,statistic,"Hate, in this case, is a product. ABC, CBS, and NBC ran evaluative coverage of his 2025 term that the Media Research Center counted as 92 percent negative in the first hundred days https://www.newsbusters.org/blogs/nb/rich-noyes/2025/04/28/tv-news-assaults-2nd-trump-admin-92-negative-coverage A newscast that never quite describes a statute still has a plot: he is the plot. Politicians who cannot pass a bill can always pass a monster. Platforms are paid when the feed stays mad. The people who cashed his checks when he was a donor did not become moralists overnight. They became a clientele whose business model was the problem he was trying to close. They are not primarily afraid of his manners. They are afraid of a public that stops needing them.",Why they hate Trump,2026-08-30,https://www.newsbusters.org/blogs/nb/rich-noyes/2025/04/28/tv-news-assaults-2nd-trump-admin-92-negative-coverage,,yes
329,Dispatch · why-he-became-the-enemy,src/lib/content.ts,statistic,"Oil: On August 28–29, 2026 he announced a deal with Venezuela he called the biggest oil deal in world history — majority U.S. control of more than 65 billion barrels of proven reserves, he said, at no cost to the taxpayer, negotiated with Rubio, Hegseth, and Venezuela's interim president Delcy Rodríguez. The announcement is here. The structure, the fields, and the companies were not in the first paper. Venezuelan officials were described as preparing to sign. This journal will update when the contract is public. Until then it is a score he put on the board.",Why they hate Trump,2026-08-30,https://www.aljazeera.com/news/2026/8/29/trump-announces-biggest-oil-deal-in-world-history-with-venezuela,,yes
330,Dispatch · why-he-became-the-enemy,src/lib/content.ts,statistic,"Oil, the table they already have: EIA's August 2026 outlook has U.S. crude production at a record 13.8 million barrels a day this year — Lower 48, Gulf, Alaska all up versus 2025 — about 18 percent of expected world output. That is not a tweet. It is the government's own energy shop. https://www.eia.gov/outlooks/steo/",Why they hate Trump,2026-08-30,https://www.eia.gov/outlooks/steo/,,yes
331,Dispatch · why-he-became-the-enemy,src/lib/content.ts,legal fact,The border as a border: southwest encounters at a fifty-year low this term; Remain in Mexico in the first; catch-and-release treated as finished rather than as policy.,Why they hate Trump,2026-08-30,,,yes
332,Dispatch · why-he-became-the-enemy,src/lib/content.ts,statistic,"Laken Riley Act, Public Law 119-1 — signed January 29, 2025. Congress put its name on it. https://www.congress.gov/bill/119th-congress/senate-bill/5",Why they hate Trump,2026-08-30,https://www.congress.gov/bill/119th-congress/senate-bill/5,,yes
333,Dispatch · why-he-became-the-enemy,src/lib/content.ts,legal fact,Three justices. The court is not a personality. It is a generation of cases.,Why they hate Trump,2026-08-30,,,yes
334,Dispatch · why-he-became-the-enemy,src/lib/content.ts,statistic,"Qasem Soleimani, January 2020, Baghdad. A named Iranian commander paid a price the prior decade did not collect.",Why they hate Trump,2026-08-30,,,yes
335,Dispatch · why-he-became-the-enemy,src/lib/content.ts,statistic,"If a network spent a week on those ten lines the way it spends a week on a clipped sentence, the hate would have to compete with a file. That is the point of the hate. The next pages are the cases, the UN and the Taliban in his own words, and the January 6 docket versus the word that never made the indictment. We will not wash fight like hell. We will not pretend a caption is a conviction. They hate him because the list exists.",Why they hate Trump,2026-08-30,,,yes
336,Dispatch · the-file-on-the-man,src/lib/content.ts,legal fact,"A caption is lying when it is not the same sentence as the recording. Bloodbath, in the full answer, was about car plants and a tariff, not a promise of civil war. Fine people, in the same remarks, included a total condemnation of neo-Nazis. Those examples are laid out in the clipped-tape lesson. The pattern is older than this presidency. Durham later described a Russia investigation that should not have been opened the way it was https://www.justice.gov/storage/durhamreport.pdf This site, for holding a camera, was tagged with a child-sex smear in fourteen replies. When they cannot beat the tape, they smear the person holding it. That is not a theory. It is a method we have already lived.",The gauntlet,2026-08-29,https://www.justice.gov/storage/durhamreport.pdf,FT-1,yes
337,Dispatch · the-file-on-the-man,src/lib/content.ts,legal fact,"What they put him through was not one case. It was a calendar. Two impeachments. A special counsel. Civil and criminal matters in New York. Documents in Florida. Georgia. Gag orders. More than ninety felony counts, overlapping, eating the campaign. A rifle in Butler. Another on a golf course. Children under threat. Members of Congress talking about maximum warfare and breaking a spirit — language we have already logged, on their mics, aimed at the people who pay them. Delay was the point. Court was the venue. Television was the choir. The job of that machine was to make a revolt look like a fever so the political club could say the fever had passed.",The gauntlet,2026-08-29,,,yes
338,Dispatch · the-file-on-the-man,src/lib/content.ts,statistic,"This is not a chant. The next two lessons are the docket. They are what he told other governments in public, and what the January 6 docket actually contains versus the word that ran all day on the air. Read them slowly. The gauntlet is not proof that he is always right. It is proof that the people who wanted him gone were willing to use every instrument except a better statute.",The gauntlet,2026-08-29,,,yes
339,Dispatch · what-he-told-them,src/lib/content.ts,statistic,"At the United Nations in 2018 he said, in the hall that exists to bless global arrangements, that America rejects the ideology of globalism and embraces the doctrine of patriotism https://news.un.org/en/story/2018/09/1020472 A year later he said the future does not belong to globalists; it belongs to patriots https://trumpwhitehouse.archives.gov/briefings-statements/remarks-president-trump-74th-session-united-nations-general-assembly/ The tone can be disliked. The people in that room still heard a claim about where sovereignty sits: in nations, not in a committee above nations. That is the agenda they have been answering ever since, often by calling the speaker names instead of answering the claim.",What he told them,2026-08-29,https://news.un.org/en/story/2018/09/1020472 | https://trumpwhitehouse.archives.gov/briefings-statements/remarks-president-trump-74th-session-united-nations-general-assembly/,,yes
340,Dispatch · what-he-told-them,src/lib/content.ts,statistic,"Iran is the other public conversation. In January 2020 Qasem Soleimani was killed in Baghdad by an American strike, the first time in a generation a named Iranian commander paid that price. Trump told Tehran, in public, that more would follow if they hit Americans. Later he said that if they assassinated him the response would be obliteration. That is not a staff memo. In the same years the uniformed force got Space Force, and in this term recruiting has been treated as a mission rather than a branding problem. He did not do any of it as a fairy tale of one man against the world. He did it against a leaky building, a hostile caption, and a party that wanted him housebroken. The point of putting the words here is so the other side can be heard — and why the caption tried to bury it.",What he told them,2026-08-29,,,yes
341,Dispatch · the-word-that-never-made-the-docket,src/lib/content.ts,legal fact,"On the West Plaza, people in the crowd were hit with less-lethal munitions, chemical spray, and flash devices. Body-worn cameras released by the Justice Department also show officers being beaten, crushed in a tunnel, and doused. Both are on tape. A broadcast that only shows one of those facts is not a report. It is a side. Officer Brian Sicknick was first sold to the country as having been beaten to death with a fire extinguisher. The medical file later described strokes; two men were convicted of assaulting him with spray. The first caption did the political work. The correction did not travel.",The word that never made the docket,2026-08-29,,FT-86,yes
342,Dispatch · this-congress-cannot-police-itself,src/lib/content.ts,legal fact,"A suspect does not write the criminal code. Congress writes its pay, its pension, its ethics office, and the exceptions that keep the political club comfortable. Then it investigates itself. That is not oversight. That is a club with a gavel. The people who work for us have become a class that cannot be fired except in theory, every two or six years, by a map they drew and a pile of money they raised from the lobby named above.",This Congress cannot police itself,2026-08-29,,,yes
343,Dispatch · this-congress-cannot-police-itself,src/lib/content.ts,statistic,"Term limits cannot be passed as a regular bill. The Supreme Court said so in 1995 — U.S. Term Limits v. Thornton. States may not add extra qualifications to get into Congress. So it takes an amendment. Article V: two-thirds of both houses, or two-thirds of the states call a convention; three-fourths of the states must say yes. There is no other lawful door. There is no extra-constitutional door. This journal does not preach one.",This Congress cannot police itself,2026-08-29,,,yes
344,Dispatch · this-congress-cannot-police-itself,src/lib/content.ts,statistic,"What the amendment should do, in plain words. One: every seat turns over on a clock — House and Senate — no career. Two: they do not set their own pay, stock rules, or ethics. Those go to a citizen oversight board. The board is term-limited too. No one on it may run for Congress later. If the watchers can become the watched, that is another club. Three: the laws they pass bind them. No special healthcare, no special exemptions, no insider trades dressed as ‘timing.’ The STOCK Act of 2012 was a press conference. The trades continued.",This Congress cannot police itself,2026-08-29,,,yes
345,Dispatch · not-a-part-time-job,src/lib/content.ts,statistic,"We pay the legislative branch $7.258 billion a year. That is Public Law 119-37, FY2026. CRS lays the table out https://www.congress.gov/crs-product/R48612 People hear $174,500 and think they are cheap. The salary is the decoy. The bill is seven billion dollars for a floor that sits far fewer days than a school year, and a fundraising calendar that never stops.",Not a part-time job,2026-08-29,https://www.congress.gov/crs-product/R48612,,yes
346,Dispatch · not-a-part-time-job,src/lib/content.ts,statistic,"From 2001 to 2023 the House averaged about 150 days in session a year. The Senate averaged about 167. Ballotpedia, from the official calendars. https://ballotpedia.org/119th_Congress_legislative_calendar",Not a part-time job,2026-08-29,https://ballotpedia.org/119th_Congress_legislative_calendar,,yes
347,Dispatch · not-a-part-time-job,src/lib/content.ts,statistic,"For 2025 the House was scheduled for 135 days. The Senate, 179. A full-time job in this country is about 260 weekdays, minus holidays. A school year is about 180 days. They sit less than the school.",Not a part-time job,2026-08-29,,,yes
348,Dispatch · not-a-part-time-job,src/lib/content.ts,statistic,"USAFacts, 2025: 30 percent of House sessions lasted less than five minutes. 18 percent of Senate sessions, the same. A typical House session ran about four hours — half a civilian workday. https://usafacts.org/articles/congressional-time-in-session/",Not a part-time job,2026-08-29,https://usafacts.org/articles/congressional-time-in-session/,,yes
349,Dispatch · not-a-part-time-job,src/lib/content.ts,statistic,"No part-time job in America pays $174,500 plus a pension that outlives the seat, FEHB, a million-dollar office allowance, a gym, and $7.258 billion of machine around the chair. It must stop — or they work full time. If Congress is in session, they are in the building. Call time is not the job. The years they serve are years of work. While they hold the gavel it is the only job. No board. No book tour. No hotel ballroom as the main event. The country already paid them.",Not a part-time job,2026-08-29,,,yes
350,Dispatch · what-we-can-do,src/lib/content.ts,legal fact,"The record is on the table. Forty trillion. Seven billion for a part-time floor. Five billion in lobbying. Two hundred dollars if they file the trade late. Tens of millions into local prosecutors. They divided a nation so the public would fight the neighbor and never look at Congress. Politics — the jersey, the panel, the clip — is not going to fix a Congress that writes its own ethics. The people who would vote away their own perks will not. That is the whole problem in one sentence.",What we can do,2026-08-30,,,yes
351,Dispatch · what-we-can-do,src/lib/content.ts,statistic,"The First Amendment is the tool they cannot take without eating the document: speech, press, peaceful assembly, petition for a redress of grievances. https://constitution.congress.gov/constitution/amendment-1/ A protest that stays peaceful is the republic working. A riot is their caption. We do not give them the caption.",What we can do,2026-08-30,https://constitution.congress.gov/constitution/amendment-1/,,yes
352,Dispatch · what-we-can-do,src/lib/content.ts,legal fact,"Demand prosecutions where the elements are actually on the paper — STOCK Act, bribery, false statements, the statutes that already exist — not a jersey hunt, not a word the Constitution reserved for war. A caption is not an indictment. We have already refused to fake treason. We will not fake a roundup either. Apply the law. In court. On the record.",What we can do,2026-08-30,,,yes
353,Dispatch · what-we-can-do,src/lib/content.ts,statistic,"The midterms are the priority. November 3, 2026. Show up. Every American. Then we remove the swamp one seat at a time, as needed — primary, ballot, expulsion where the House will do it. DSA does not need a stronger foot in Congress. Two hundred eighty-two endorsed names is already a beachhead. Not a riot. A line.",What we can do,2026-08-30,,,yes
354,Dispatch · what-we-can-do,src/lib/content.ts,legal fact,"Show up with the file, not a costume. One number. One statute. One neighbor who used to be the enemy. That is how a nation is pulled back together.",What we can do,2026-08-30,,,yes
355,Dispatch · what-we-can-do,src/lib/content.ts,legal fact,"The leverage is already known. The country does not open because a committee gavels. It opens because people clock in — trucks, power, harvests, clinics, classrooms. Congress needs those people more than those people need Congress. That is why a donor who stopped writing checks and started closing problems terrified them. A week where the people who actually run it sat down would be felt in the building. It would also be felt first in a neighbor's refrigerator, in a hospital shift, in a paycheck. The syndicate has a pantry. The people who clock in do not. They would name the dark week the word they already ran without filing the statute. We would have given them the picture.",What we can do,2026-08-30,,,yes
356,Dispatch · what-we-can-do,src/lib/content.ts,legal fact,"This journal does not call a national sit-down. It does not tell anyone to walk off a public job, ground an airplane, or starve a town to punish a committee. Concert is not a blackout. The fact still stands: they are trying to take a country they do not know how to run. Remind them at work by doing the work and withholding the consent — the vote, the primary, the peaceful petition, the file in a stranger's hand — not by turning out the lights on the people who never sat in the chamber. Power is acting in concert. A republic that sits down on itself is their caption. A republic that stands together and demands the prosecutions the statutes support, and the full-time job they already billed us for, is the hilt. Use that.",What we can do,2026-08-30,,,yes
357,Dispatch · what-we-can-do,src/lib/content.ts,legal fact,"If politics could have done it, the calendar would already look like a job. It does not. So the people who still clock in — the ones who kept the country opening while the club got comfortable — stand together, peaceful, and demand the prosecutions the statutes support and the change the oath required. Not against each other. Against Congress. That is how this continues. That is how it stops being a clip.",What we can do,2026-08-30,,,yes
358,Dispatch · the-debt-they-will-not-close,src/lib/content.ts,statistic,The Treasury's daily table put total public debt outstanding over $40 trillion in August 2026. Debt to the Penny is the government's own meter. It cannot keep growing like this. Interest already eats the room that used to be for the things they campaign on. The people who write the checks are the same people who will not pass a budget.,The debt they will not close,2026-08-30,https://fiscaldata.treasury.gov/datasets/debt-to-the-penny/,,yes
359,Dispatch · the-debt-they-will-not-close,src/lib/content.ts,statistic,"Under the Congressional Budget Act of 1974 they are supposed to adopt a budget resolution, then pass twelve regular appropriations bills before October 1. Pew counted the years they actually did all of it on time: four. Fiscal 1977, 1989, 1995, and 1997. The last one was FY1997, signed the day before the year started, while Clinton was still in the building. CRS says the same: FY1997 was the last time all regular appropriations were enacted by October 1. Since then they have never passed more than five of the twelve on time. In most recent years they passed none. They live on continuing resolutions and giant unread bills.",The debt they will not close,2026-08-30,https://www.pewresearch.org/short-reads/2025/10/01/congress-has-long-struggled-to-pass-spending-bills-on-time/ | https://www.congress.gov/crs-product/IN12324,,yes
360,Dispatch · the-debt-they-will-not-close,src/lib/content.ts,statistic,"The $7.258 billion legislative machine is Congress, which produces those piles. They cannot police the country's books because they will not finish their own.",The debt they will not close,2026-08-30,,,yes
361,Dispatch · the-debt-they-will-not-close,src/lib/content.ts,statistic,"This is not a claim that every continuing resolution is a criminal count. Fraud, in the code, still needs a lie, a scheme, and a specific hand. A giant unread bill is still an appropriation made by law. Article I, Section 9 is satisfied on paper. The oath is not. They swore to well and faithfully discharge the duties of the office. 5 U.S.C. § 3331 is that oath. Twelve bills by October 1 is the duty. They have not done it since fiscal year 1997. Forty trillion is on the meter. The unread pile is the door. This is how the country has been running. It cannot continue.",The debt they will not close,2026-08-30,https://www.law.cornell.edu/uscode/text/5/3331,,yes
362,Dispatch · what-they-are-protecting,src/lib/content.ts,statistic,"The $7.258 billion legislative machine is not the prize. It is Congress that protects the prize. Show the USAID money, the lobbyist money, and the trades they will not ban, and the oath starts to look like a costume. They are not confused. They are standing in front of a business.",What they are protecting,2026-08-30,,,yes
363,Dispatch · what-they-are-protecting,src/lib/content.ts,statistic,"USAID contracts, FY2023: about $6.8 billion obligated. Three billion of that went to ten contractors. Chemonics, a D.C. for-profit, took the largest share — about 20 percent of the contract pile, more than $1 billion that year. Devex, from USASpending. https://www.devex.com/news/who-were-usaid-s-top-contractors-in-2023-107745",What they are protecting,2026-08-30,https://www.devex.com/news/who-were-usaid-s-top-contractors-in-2023-107745,,yes
364,Dispatch · what-they-are-protecting,src/lib/content.ts,statistic,"CRS's table of implementers puts Chemonics in the same neighborhood as the big faith and nonprofit shops — billions across the decade, U.S. firms on the receiving end of 'foreign' aid. https://www.congress.gov/crs-product/R48150",What they are protecting,2026-08-30,https://www.congress.gov/crs-product/R48150,,yes
365,Dispatch · what-they-are-protecting,src/lib/content.ts,statistic,"Federal lobbying: $4.4 billion in 2024, more than $5 billion in 2025. In 2025 the U.S. Chamber of Commerce led at $72.1 million. The National Association of Realtors had been first in 2024 at $86.4 million. Pharma and health products spent about $387 million in 2024 as an industry. OpenSecrets. https://www.opensecrets.org/news/2025/02/federal-lobbying-set-new-record-in-2024/",What they are protecting,2026-08-30,https://www.opensecrets.org/news/2025/02/federal-lobbying-set-new-record-in-2024/,,yes
366,Dispatch · what-they-are-protecting,src/lib/content.ts,statistic,"The revolving door is the product line. LegiStorm counted 866 members and staff who left the Hill for K Street in 2025 — up 60 percent from 2024. One hundred twenty-five lobbyists walked the other way, into Congress. That is not civic virtue. That is inventory.",What they are protecting,2026-08-30,,,yes
367,Dispatch · what-they-are-protecting,src/lib/content.ts,statistic,"Open Society Foundations, by their own count: $1.2 billion in expenditures in 2024, $24.2 billion over three decades. That is private money. It is not USAID. Keep the two piles separate.",What they are protecting,2026-08-30,https://www.opensocietyfoundations.org/,,yes
368,Dispatch · what-they-are-protecting,src/lib/content.ts,statistic,"The Washington Post, December 2025: George Soros has spent tens of millions of dollars swinging dozens of district attorney races — local and state officers who decide who gets charged in a county. https://www.washingtonpost.com/politics/2025/12/03/george-soros-prosecutors-campaign-finance/",What they are protecting,2026-08-30,https://www.washingtonpost.com/politics/2025/12/03/george-soros-prosecutors-campaign-finance/,,yes
369,Dispatch · what-they-are-protecting,src/lib/content.ts,statistic,"Politico documented the strategy as early as 2016: elect the prosecutor, change the justice system without passing a statute. Democracy PAC and related vehicles moved nine-figure sums into political groups around the 2022 cycle.",What they are protecting,2026-08-30,,,yes
370,Dispatch · what-they-are-protecting,src/lib/content.ts,statistic,"In fiscal 2023 the United States disbursed $71.9 billion in foreign aid. USAID moved about $43.8 billion of that — three of every five dollars. Pew, from ForeignAssistance.gov. https://www.pewresearch.org/short-reads/2025/02/06/what-the-data-says-about-us-foreign-aid/",What they are protecting,2026-08-30,https://www.pewresearch.org/short-reads/2025/02/06/what-the-data-says-about-us-foreign-aid/,,yes
371,Dispatch · what-they-are-protecting,src/lib/content.ts,legal fact,"That is not a sermon about every clinic. It is a fact about a tap: tens of billions moving through an unread appropriations stack, NGOs and contractors on the other end, and a legislature that will defund a border faster than it will defund itself.",What they are protecting,2026-08-30,,,yes
372,Dispatch · what-they-are-protecting,src/lib/content.ts,statistic,Federal lobbying hit a record $4.4 billion in 2024. OpenSecrets. https://www.opensecrets.org/news/2025/02/federal-lobbying-set-new-record-in-2024/,What they are protecting,2026-08-30,https://www.opensecrets.org/news/2025/02/federal-lobbying-set-new-record-in-2024/,,yes
373,Dispatch · what-they-are-protecting,src/lib/content.ts,statistic,In 2025 it crossed $5 billion. The people who write the twin law buy the hours. The salary was paid so those hours would belong to the country. They do not.,What they are protecting,2026-08-30,,,yes
374,Dispatch · what-they-are-protecting,src/lib/content.ts,statistic,The Lobbying Disclosure Act is a filing. It is not a wall. A $5 billion industry does not pay that to lose.,What they are protecting,2026-08-30,,,yes
375,Dispatch · what-they-are-protecting,src/lib/content.ts,statistic,"The STOCK Act of 2012 said members of Congress are not exempt from insider-trading law, and they must report trades on a short clock. Public Law 112-105. https://www.congress.gov/112/plaws/publ105/PLAW-112publ105.pdf",What they are protecting,2026-08-30,https://www.congress.gov/112/plaws/publ105/PLAW-112publ105.pdf,,yes
376,Dispatch · what-they-are-protecting,src/lib/content.ts,statistic,The civil penalty for a late report is $200. Campaign Legal Center: no member of Congress has been prosecuted for insider trading under that act. https://campaignlegal.org/update/congressional-stock-trading-and-stock-act,What they are protecting,2026-08-30,https://campaignlegal.org/update/congressional-stock-trading-and-stock-act,,yes
377,Dispatch · what-they-are-protecting,src/lib/content.ts,statistic,"Put the three next to the $7.258 billion Congress, the $40 trillion meter, and the oath they recited. They protect the tap, the lobby, and the ticker. They sold a jersey so the record would not be read. The villain is not the neighbor. The villain is Congress. That is not treason. That is not a caption. That is why a giant unread bill cannot continue. The record is how we pull it back together.",What they are protecting,2026-08-30,,,yes
378,Dispatch · a-caption-cannot-be-outlawed,src/lib/content.ts,statistic,The problem is real. Employees of the people get on a mic and talk like warlords. ‘Maximum warfare.’ ‘Get in their face.’ A six-second cut on the other side of the aisle. Networks run 92% negative and call it weather. That is emotion bait. It is how a nation is taught to hate its neighbor instead of firing its help. This journal exists because of that.,A caption cannot be outlawed,2026-08-29,,,yes
379,Dispatch · a-caption-cannot-be-outlawed,src/lib/content.ts,legal fact,"The trap is an ‘immediate law’ against anger, hate, and division. Who writes the definitions? The same Congress. Who enforces them? The same desks that already flag a file as radioactive. The next majority will name this site ‘hate’ and the neighbor ‘division.’ We have already been called the worst word in the language for playing a tape. Hand them a statute and they will not use it on themselves.",A caption cannot be outlawed,2026-08-29,,,yes
380,Dispatch · a-caption-cannot-be-outlawed,src/lib/content.ts,statistic,"What the Constitution already allows, today, without a Ministry of Truth: the Supreme Court's incitement test — speech that is meant to cause imminent lawless action and likely to cause it is not protected. The rest is ugly and still legal. Article I, Section 5 — each house may punish its members and expel them with two-thirds. Censure. Strip a committee. Primary them. Vote them out. Those are employee tools. They are not a new speech felony for the press.",A caption cannot be outlawed,2026-08-29,,,yes
381,Dispatch · a-caption-cannot-be-outlawed,src/lib/content.ts,statistic,"What we will argue in this series, as law that does not eat the First Amendment: official House and Senate video must stay up uncut when a member quotes it. No taxpayer office may release a clip without the link to the full file. Ethics rules that treat ‘warfare against the people who pay them’ as a firing offense inside the chamber — censure and expulsion — not a DOJ beat. Media propaganda is beaten by the rest of the sentence, not by a license they would revoke. Later lessons: Waters, Schumer, Jeffries, the 2020 summer, and the lines we will not wash on our own side. Same standard. Or it is a jersey.",A caption cannot be outlawed,2026-08-29,,,yes
382,Dispatch · the-floor-not-the-feed,src/lib/content.ts,statistic,"Members of Congress will wave ‘Speech or Debate’ as if the Constitution followed them onto a soundstage. It does not. Article I, Section 6: Senators and Representatives shall not be questioned in any other Place for any Speech or Debate in either House https://constitution.congress.gov/constitution/article-1/ The clause is a shield for the legislative act — the floor, the committee, the vote — so a majority cannot drag a member into court for doing the job inside the chamber. It is not a costume for a cable hit.","The floor, not the feed",2026-08-30,https://constitution.congress.gov/constitution/article-1/,,yes
383,Dispatch · the-floor-not-the-feed,src/lib/content.ts,statistic,"The Supreme Court already drew the line. Hutchinson v. Proxmire (1979): Senator Proxmire's ‘Golden Fleece’ awards, issued in press releases and newsletters, were not Speech or Debate. Only what he said on the Senate floor was. Gravel v. United States (1972): the protection is for legislative acts, not for every errand a member runs in public. A tweet is not a vote. A Sunday show is not a committee. A rally is not either House. Those words can be questioned in another place. The clause does not follow the motorcade.","The floor, not the feed",2026-08-30,,,yes
384,Dispatch · the-floor-not-the-feed,src/lib/content.ts,statistic,"The First Amendment does — the same one that covers the people. Political speech, even ugly speech, even speech that divides a nation, is protected unless it is a true threat or it meets the Supreme Court's incitement test: directed to inciting imminent lawless action, and likely to produce it https://www.oyez.org/cases/1968/492 Abstract advocacy is in. ‘Go do this tonight’ that is meant to happen and likely to happen is out. That is why the rants are written the way they are. Maximum warfare. Break their spirit. Get in their face. The temperature goes up. The verb stays just far enough from ‘imminent.’ Emotion is the product. The lawyer's job is to keep it inside the First Amendment. Speech or Debate is the decoy they hold up so it looks as if the Constitution blessed the performance. It did not.","The floor, not the feed",2026-08-30,https://www.oyez.org/cases/1968/492,,yes
385,Dispatch · the-law-they-dont-mention,src/lib/content.ts,legal fact,"Watch the trick when it is working. They pass a statute that sounds like it is best for the nation. Then they pass, or bury, another that voids it. A thousand-page unread bill. A line that begins notwithstanding any other provision. A continuing resolution that funds the opposite of last month's speech. Exceptions written for themselves. Sunsets that never sunset. The camera covers the name of the bill. The void is in the annex nobody was going to read because they were at work, which is the point.",The law they don't mention,2026-08-29,,,yes
386,Dispatch · the-law-they-dont-mention,src/lib/content.ts,legal fact,"This is not an insult aimed at people who were busy. It is a description of an incentive. A clip is easier than Article I. A caption is easier than a rider. If half the country can name a party and almost none can name who writes the regulation after the statute, the people who live in the political club will keep winning arguments that were never had. Swamp Force exists so that gap closes — not by calling anyone stupid, but by building a habit. When they cheer a bill, ask for the twin. The rider. The rule. The exemption. If they will not show it, they have already named who the statute was for.",The law they don't mention,2026-08-29,,,yes
387,Dispatch · the-caption-was-not-the-charge,src/lib/content.ts,legal fact,"A caption can convict a country before a statute is ever read. Russia collusion ran for years. Special Counsel John Durham’s report is the file: the FBI opened Crossfire Hurricane on raw, unanalyzed, uncorroborated intelligence. It did not have actual evidence of collusion in its holdings when the case began. https://www.justice.gov/storage/durhamreport.pdf The caption did not wait for that sentence. It ran anyway. That is the method.",The caption was not the charge,2026-09-21,https://www.justice.gov/storage/durhamreport.pdf,FT-11,yes
388,Dispatch · the-caption-was-not-the-charge,src/lib/content.ts,statistic,"Parents at a school-board microphone were the next caption. On September 29, 2021, the National School Boards Association asked the White House to treat threats around those meetings as possibly ‘the equivalent to a form of domestic terrorism.’ Five days later the Attorney General ordered every U.S. Attorney’s office and the FBI to coordinate. The Bureau opened an EDUOFFICIALS tag. NSBA later apologized for the language. The memo did not come off the table. A parent asking about a curriculum is not a combatant. Treating the microphone as a federal problem is lawfare against the people who hire the board.",The caption was not the charge,2026-09-21,,,yes
389,Dispatch · the-caption-was-not-the-charge,src/lib/content.ts,statistic,"January 6 was sold as insurrection. 18 U.S.C. § 2383 is the insurrection statute. https://www.law.cornell.edu/uscode/text/18/2383 The U.S. Attorney for the District of Columbia published the tally after four years: about 1,583 people federally charged in connection with that day — assault, trespass, civil disorder, destruction, about eighteen charged with seditious conspiracy under a different statute, § 2384. https://www.justice.gov/usao-dc/48-months-jan-6-attack-us-capitol Zero charged under § 2383. Some of those cases were violent. The journal does not wash a cop being hit. It names the gap: the country was told insurrection, and the charging document did not say that word. A caption that the prosecutor will not sign is a product.",The caption was not the charge,2026-09-21,https://www.law.cornell.edu/uscode/text/18/2383 | https://www.justice.gov/usao-dc/48-months-jan-6-attack-us-capitol,,yes
390,Dispatch · the-caption-was-not-the-charge,src/lib/content.ts,statistic,"The hearing that sold the caption was stacked. H.Res. 503 gave the Speaker the appointments. https://www.congress.gov/bill/117th-congress/house-resolution/503 Nancy Pelosi named Liz Cheney and Adam Kinzinger. She rejected the minority leader’s picks, Jim Jordan and Jim Banks. A select committee that chooses its own opposition is not an inquiry. It is a production. The Capitol cameras recorded thousands of hours. The committee showed clips. The House held the rest of the tape while the hearings ran. Later Speakers opened more of the archive. A body that holds the recording and plays the minutes it prefers is doing the same work as a six-second caption.",The caption was not the charge,2026-09-21,https://www.congress.gov/bill/117th-congress/house-resolution/503,,yes
391,Dispatch · the-caption-was-not-the-charge,src/lib/content.ts,statistic,"The former president was put on four criminal dockets at once. The House had already impeached twice. https://www.congress.gov/bill/116th-congress/house-resolution/755 The public paid for the committee. Defense is not free. Voters watched a years-long prosecution of the man they had hired, and of neighbors who had shown up at a school board, while the people who wrote the caption kept the gavel. DHS stood up a Disinformation Governance Board in 2022 and told Congress it would combat a threat to the homeland. The department terminated the board and rescinded the charter on August 24, 2022. https://www.dhs.gov/archive/news/2022/08/24/following-hsac-recommendation-dhs-terminates-disinformation-governance-board A cabinet had named a board to police the information the public would receive. Inspector General Horowitz had already found seventeen inaccuracies and omissions in the FISA applications used to surveil a campaign adviser. https://oig.justice.gov/reports/2019/o1912.pdf This journal’s rule does not change: the statute, the charge sheet, the tape. If the caption and the count do not match, print the count. The information war is not a mood. It is a method — keep the temperature up, keep the file closed, keep the other ledger from being heard.",The caption was not the charge,2026-09-21,https://www.congress.gov/bill/116th-congress/house-resolution/755 | https://www.dhs.gov/archive/news/2022/08/24/following-hsac-recommendation-dhs-terminates-disinformation-governance-board | https://oig.justice.gov/reports/2019/o1912.pdf,,yes
392,Ledger essay · the-media-ledger,src/lib/ledgers.ts,statistic,"The claim this week is the same claim as last fall. It is a gilded party room. Americans do not need it. On September 23, 2026, the caption flipped one more time: the design is the national security threat. The court file is older than that caption, and the caption does not quote it.",Fake News,2026-09-22,,,yes
393,Ledger essay · the-media-ledger,src/lib/ledgers.ts,statistic,"In National Trust for Historic Preservation v. National Park Service, No. 1:25-cv-04316, the judge’s order allows work that is strictly necessary for the safety and security of the White House and its grounds, including the ballroom site, and for the personal safety of the president and his staff. The government’s answer to the court says continued construction is necessary for that safety, consistent with the classified declarations and with what the president put on the record. He said the military part himself, six times, from late March through August 19, 2026. A hospital. Bomb shelters. A roof built for the military. A drone port. A shield for what is downstairs, for Washington, and for the people who would be in the room. That is a military complex. It is also a ballroom. Both sentences are in the file. The caption keeps one.",Fake News,2026-09-22,,,yes
394,Ledger essay · the-media-ledger,src/lib/ledgers.ts,statistic,"The papers are here. The court docket is National Trust v. National Park Service, No. 1:25-cv-04316. The National Trust’s complaint, filed December 12, 2025, is Document 1. Judge Leon’s preliminary-injunction order of March 31, 2026, the one that carves out safety and security, is Document 61. The government’s answer, that the construction is necessary for that safety, is Document 69. His clarifying opinion of April 16, 2026, is Document 72. The historic office is the National Trust for Historic Preservation. Its own copies, including the amended complaint, sit on its ballroom page. Its complaint. Its amended complaint. Its comments to the National Capital Planning Commission. Its comments to the Commission of Fine Arts. Its October 21, 2025 letter. Those historic-office papers argue size, review, and the East Wing. They do not erase the safety carve-out in Document 61. The caption quotes the historic office and skips the order.",Fake News,2026-09-22,https://www.courtlistener.com/docket/72028010/national-trust-for-historic-preservation-in-the-united-states-v-national/ | https://storage.courtlistener.com/recap/gov.uscourts.dcd.287645/gov.uscourts.dcd.287645.1.0_4.pdf | https://storage.courtlistener.com/recap/gov.uscourts.dcd.287645/gov.uscourts.dcd.287645.61.0.pdf | https://storage.courtlistener.com/recap/gov.uscourts.dcd.287645/gov.uscourts.dcd.287645.69.0.pdf | https://www.courtlistener.com/docket/72028010/72/national-trust-for-historic-preservation-in-the-united-states-v-national | https://savingplaces.org/white-house | https://savingplaces.org/nthp-complaint-20251212 | https://savingplaces.org/amended-complaint-12-29-2025 | https://savingplaces.org/national-trust-comments-to-ncpc | https://savingplaces.org/nthp-comments-to-cfa-2-18-2026 | https://savingplaces.org/national-trust-letter-regarding-proposed-construction-of-white-house-ballroom,,yes
395,Ledger essay · the-media-ledger,src/lib/ledgers.ts,statistic,"The omission is the lie. On October 23, 2025, a five-second answer about the grounds was posted as if a ballroom were the country’s main priority. On May 11, 2026, Senator Chuck Schumer called it a vanity ballroom and wrote, let them eat cake. On May 16, 2026, he called it a gilded palace. On August 13, 2026, he and other senators titled the audit a gilded ballroom boondoggle. None of those sentences names the court order. None of them names July 13, 2024, when Thomas Crooks shot him at Butler and Corey Comperatore was killed. None of them names September 15, 2024, when Ryan Wesley Routh waited with a rifle and later drew a life sentence. A tent was the room they had. After those two days, a tent is not a plan. Calling the shield a cake, after the filing is public, is not a missed fact. It is the fact taken out on purpose. They are taking it out again.",Fake News,2026-09-22,,,yes
396,Ledger essay · the-media-ledger,src/lib/ledgers.ts,statistic,"This is the one file. It is separated by who said it. Politicians. Networks. Journalists. Under each name the rows are the gaslighting, the lies, and the tape cut short. A row sits with the person or the newsroom the file names. A caption with no byline sits with the networks. The same caption is not printed again on another page. Five of these were said in September 2026, including September 23. The nation was divided along the caption. These lines are the captions in this file. They are not every line that aired.",Fake News,2026-09-22,,,yes
397,Ledger essay · the-media-ledger,src/lib/ledgers.ts,statistic,"The correction is long. The lie is six seconds, and it is repeated on the hour. That imbalance is the weapon. After enough repetitions, people defend the caption as if they watched the recording, and they sort a neighbor into an enemy without a statute. The length under each row is the point. That is how long the country was told to treat the caption as a fact.",Fake News,2026-09-22,,,yes
398,Ledger essay · the-media-ledger,src/lib/ledgers.ts,statistic,"Epstein is on this chart because the crimes are real and the outrage was built past the file. He pleaded guilty in Florida in 2008. He was indicted again in New York in 2019. Ghislaine Maxwell was convicted and sentenced to twenty years. Those sentences are not a caption. What was manufactured is the rest. A client list the Justice Department and the FBI said the investigation did not find. A murder finding the medical examiner did not make. A one-party scandal cut from logs that show both worlds. In February 2025 the Attorney General said the list was on her desk. The department’s July 2025 memorandum said there was no incriminating client list. The victims were then used as a slogan, while the children the government could not account for at the border were treated as a different argument. Both counts are children.",Fake News,2026-09-22,,,yes
399,Ledger essay · the-media-ledger,src/lib/ledgers.ts,statistic,"Clear and present danger is the cleanest case. Holmes wrote it in Schenck. Brandenburg v. Ohio, 395 U.S. 444 replaced it. The government may punish speech only if it is intended to produce imminent lawless action and is likely to produce it. That sentence limits the state. It was used as the opposite of itself. Repeat the phrase until the public hears a finding. Then the FISA footnotes do not matter. The uncut tape is called context. A parody can stand in for the memo. A docket can be timed to an election and called accountability. 5 U.S.C. § 3331 is an oath to the Constitution, without any mental reservation. The charter has no clause that lets an officer break it to save it.",Fake News,2026-09-22,https://supreme.justia.com/cases/federal/us/395/444/ | https://www.law.cornell.edu/uscode/text/5/3331,,yes
400,Ledger essay · the-media-ledger,src/lib/ledgers.ts,statistic,"The Speaker’s release is not a speech. In November 2023 Speaker Johnson said the House would post 40,000 of about 44,000 hours and hold about 5 percent back for security. The Committee on House Administration’s Subcommittee on Oversight put the public Capitol Police CCTV on Rumble. That channel is CHA Subcommittee on Oversight. The committee’s own notice of the releases is here. A public viewing room in the Capitol was what they offered while the website was still a fraction of the archive. The room was in Washington. The country was not. Calling a trip to the Capitol “public access” left the hours inaccessible to anyone who could not get there. On November 17, 2023, Speaker Johnson said the House would start posting video and that the room would let a citizen watch every minute uncensored in the meantime. He also said about 5 percent would stay back for security, and the online tapes were going to have faces blurred. The first post that day was about 90 hours, not 44,000. By March 22, 2024, the committee said almost 13,000 hours were online. On August 19, 2024, it posted another 6,000. A promise to release the tapes, followed by a room the country cannot travel to and a website that is still catching up, is not a release. www.stophate.com is a private site. It is not the House archive. The Epoch Times made two films, and a film is not the archive either. The Real Story of January 6 premiered July 22, 2022. The Real Story of January 6, Part 2: The Long Road Home followed in J",Fake News,2026-09-22,https://rumble.com/c/CHASubcommitteeOnOversightRepublicanMajority | https://cha.house.gov/2024/3/chairman-loudermilk-releases-additional-january-6-2021-uscp-cctv-footage | https://www.stophate.com | https://www.theepochtimes.com/epochtv/the-real-story-of-jan-6-documentary-4596670 | https://www.epochtv.shop/jan6,,yes
401,Ledger essay · the-media-ledger,src/lib/ledgers.ts,statistic,"These are not in the lie column, because he said them. “Fight like hell.” “Stand back and stand by.” “When the looting starts, the shooting starts.” The Access Hollywood tape. “I just want to find 11,780 votes.” The December 2022 post about terminating rules, regulations, and articles, “even those found in the Constitution.” “Poisoning the blood.” “Vermin.” He told Bob Woodward he wanted to downplay the virus. A journal that hides those is doing the same work as the package that hides “peacefully and patriotically.”",Fake News,2026-09-22,,,yes
402,Ledger essay · the-democrat-ledger,src/lib/ledgers.ts,statistic,"The betrayal is specific. They told parents they might be domestic terrorists. They told the public the border was secure while CBP counted more than ten million encounters. They told the public a laptop was Russian, then asked to be trusted on everything else. They named voters deplorables, garbage, and semi-fascists. A party that needs the neighbor to be a monster has already left the job of representing him.",The Democrat ledger,2026-09-22,,FT-15,yes
403,Ledger essay · the-republican-ledger,src/lib/ledgers.ts,statistic,"The same standard cuts this way. A party that sells itself as the correction does not get to clip the tape, skip the court, or promise a check it will not write. This page is the Republican ledger: the promise, the chant, and the statute that did not follow.",The Republican ledger,2026-09-22,,,yes
404,Ledger essay · the-republican-ledger,src/lib/ledgers.ts,statistic,Mexico did not pay for the wall. The repeal did not pass. The taxes were not released. The budget was not balanced. The 2020 cases did not prove an outcome-changing theft. January 6 was not a tour. The New York jury did return 34 counts. A party that will not say those sentences is asking for the same trust it says the other side forfeited.,The Republican ledger,2026-09-22,,,yes
405,Scorecard · FARM,src/lib/scorecard.ts,statistic,FARM: Net farm income. The check got $19.5 billion bigger. The bill got $21.2 billion bigger. Income still fell $4.3 billion.,FARM,,,,yes
406,Scorecard · FARM,src/lib/scorecard.ts,statistic,"FARM: The operating loan got 30 percent larger in 2025, after inflation. The fourth-quarter volume of new operating loans was up nearly 40 percent. Kansas City Fed, from the National Survey of Terms of Lending to Farmers.",FARM,,https://www.kansascityfed.org/agriculture/agfinance-updates/larger-operating-loans-boost-farm-lending-activity-in-2025/,,yes
407,Scorecard · FARM,src/lib/scorecard.ts,statistic,FARM: https://www.kansascityfed.org/agriculture/agfinance-updates/larger-operating-loans-boost-farm-lending-activity-in-2025/,FARM,,https://www.congress.gov/crs-product/RL30064 | https://www.kansascityfed.org/agriculture/agfinance-updates/larger-operating-loans-boost-farm-lending-activity-in-2025/,,yes
408,Scorecard · FARM,src/lib/scorecard.ts,statistic,"FARM: Most members are paid $174,000. The Speaker is paid $223,500. The leaders are paid $193,400. Those rates have not moved since 2009. They are paid out of the Treasury, under a statute Congress passes.",FARM,,https://www.congress.gov/crs-product/RL30064,,yes
409,Scorecard · FARM,src/lib/scorecard.ts,statistic,FARM: https://www.congress.gov/crs-product/RL30064,FARM,,https://www.congress.gov/crs-product/RL30631 | https://www.congress.gov/crs-product/RL30064,,yes
410,Scorecard · FARM,src/lib/scorecard.ts,statistic,"FARM: A member on the older congressional formula, twenty years at $174,000, draws about $59,160 a year. Members who entered after 2012 accrue less. As of October 1, 2022, 619 retired members were still drawing a pension tied to that service.",FARM,,https://www.congress.gov/crs-product/RL30631,,yes
411,Scorecard · FARM,src/lib/scorecard.ts,statistic,FARM: https://www.congress.gov/crs-product/RL30631,FARM,,https://www.congress.gov/112/plaws/publ105/PLAW-112publ105.pdf | https://www.congress.gov/crs-product/RL30631,,yes
412,Scorecard · FARM,src/lib/scorecard.ts,statistic,FARM: https://www.congress.gov/112/plaws/publ105/PLAW-112publ105.pdf,FARM,,https://www.congress.gov/112/plaws/publ105/PLAW-112publ105.pdf,,yes
413,Scorecard · FARM,src/lib/scorecard.ts,statistic,"FARM.y2025=471.6, :: …conomy/farm-sector-income-finances/farm-sector-income-forecast"", rows: [ { k: ""What it cost to farm"", y2025: 471.6, y2026: 492.8, note: ""Production expenses, including the operator’s dwelling. Fertilizer, fuel, and lives…",FARM,,,,yes
414,Scorecard · FARM,src/lib/scorecard.ts,statistic,"FARM.y2026=492.8, :: …ncome-finances/farm-sector-income-forecast"", rows: [ { k: ""What it cost to farm"", y2025: 471.6, y2026: 492.8, note: ""Production expenses, including the operator’s dwelling. Fertilizer, fuel, and livestock purchases are t…",FARM,,,,yes
415,Scorecard · FARM,src/lib/scorecard.ts,statistic,"FARM.y2025=27.9, :: …ling. Fertilizer, fuel, and livestock purchases are the increase."", }, { k: ""The government check"", y2025: 27.9, y2026: 47.4, note: ""Direct farm payments. USDA says the increase is commodity payments plus supplemental an…",FARM,,,,yes
416,Scorecard · FARM,src/lib/scorecard.ts,statistic,"FARM.y2026=47.4, :: …uel, and livestock purchases are the increase."", }, { k: ""The government check"", y2025: 27.9, y2026: 47.4, note: ""Direct farm payments. USDA says the increase is commodity payments plus supplemental and ad hoc aid Congre…",FARM,,,,yes
417,Scorecard · FARM,src/lib/scorecard.ts,statistic,"FARM.y2025=162.7, :: … Congress authorized. Crop insurance indemnities are not in this number."", }, { k: ""What was left"", y2025: 162.7, y2026: 158.4, note: ""Net farm income. The check got $19.5 billion bigger. The bill got $21.2 billion bigge…",FARM,,,,yes
418,Scorecard · FARM,src/lib/scorecard.ts,statistic,"FARM.y2026=158.4, :: …. Crop insurance indemnities are not in this number."", }, { k: ""What was left"", y2025: 162.7, y2026: 158.4, note: ""Net farm income. The check got $19.5 billion bigger. The bill got $21.2 billion bigger. Income still fell…",FARM,,,,yes
419,Scorecard · FARM,src/lib/scorecard.ts,statistic,"FARM.y2024=216, :: …$19.5 billion bigger. The bill got $21.2 billion bigger. Income still fell $4.3 billion."", }, ], filings: { y2024: 216, y2025: 315, href2024: ""https://www.uscourts.gov/sites/default/files/2025-01/bf_f2_1231.2024.pdf"", hr…",FARM,,,,yes
420,Scorecard · FARM,src/lib/scorecard.ts,statistic,"FARM.y2025=315, :: …gger. The bill got $21.2 billion bigger. Income still fell $4.3 billion."", }, ], filings: { y2024: 216, y2025: 315, href2024: ""https://www.uscourts.gov/sites/default/files/2025-01/bf_f2_1231.2024.pdf"", href2025: ""https:/…",FARM,,,,yes
421,Scorecard · DEBT_TALLY,src/lib/scorecard.ts,statistic,DEBT_TALLY: 1861–75 · 1881–83 · 1889–91 · 1895–1911 · 1919–31 · 1947–49 · 1953–55 · 1995–2001 · 2003–07 · 2015–19 · 2025–now,DEBT_TALLY,,https://fiscaldata.treasury.gov/datasets/historical-debt-outstanding/,,yes
422,Scorecard · DEBT_TALLY,src/lib/scorecard.ts,statistic,DEBT_TALLY: 1857–59 · 1875–81 · 1893–95 · 1913–19 · 1933–47 · 1949–53 · 1955–81 · 1987–95 · 2007–11 · 2021–23,DEBT_TALLY,,https://fiscaldata.treasury.gov/datasets/historical-debt-outstanding/,,yes
423,Scorecard · DEBT_TALLY,src/lib/scorecard.ts,statistic,DEBT_TALLY: Every other year since 1857 — one house each,DEBT_TALLY,,https://fiscaldata.treasury.gov/datasets/historical-debt-outstanding/,,yes
424,Scorecard · THE_LOSS,src/lib/scorecard.ts,statistic,"THE_LOSS: Congressional Budget Office, February 2026. Net interest was $970 billion in fiscal 2025. It is $1.039 trillion in fiscal 2026. Defense that year is $885 billion. The interest is larger than the military. That bill is what Americans pay because the books were not closed.",THE_LOSS,,https://www.cbo.gov/publication/62050,,yes
425,Scorecard · THE_LOSS,src/lib/scorecard.ts,statistic,THE_LOSS: https://www.cbo.gov/publication/62050,THE_LOSS,,https://www.cbo.gov/data/budget-economic-data | https://www.cbo.gov/publication/62050,,yes
426,Scorecard · THE_LOSS,src/lib/scorecard.ts,statistic,"THE_LOSS: The same office’s historical tables. The last surplus was fiscal year 2001. Every year since, a new layer went on the card. Both parties held the gavel in those years. Neither closed it.",THE_LOSS,,https://www.cbo.gov/data/budget-economic-data,,yes
427,Scorecard · THE_LOSS,src/lib/scorecard.ts,statistic,"THE_LOSS: Congressional Research Service. The last time all twelve regular appropriations were law by October 1 was fiscal year 1997. Since then they have not passed more than five of the twelve on time, and in most recent years they passed none. A continuing resolution copies last year and stuffs exceptions in after dark. The calendar they wrote is the calendar they refuse.",THE_LOSS,,https://www.congress.gov/crs-product/IN12324,,yes
428,Scorecard · THE_LOSS,src/lib/scorecard.ts,statistic,THE_LOSS: https://www.congress.gov/crs-product/IN12324,THE_LOSS,,https://www.gao.gov/products/gao-25-107753 | https://www.congress.gov/crs-product/IN12324,,yes
429,Scorecard · THE_LOSS,src/lib/scorecard.ts,statistic,THE_LOSS: Government Accountability Office. Fiscal 2024: about $162 billion in improper payments. About $135 billion of that was overpayments. Since fiscal 2003 the estimate is about $2.8 trillion. Oversight is the job that was supposed to check the payment before it left. Congress holds that job. The money left.,THE_LOSS,,https://www.gao.gov/products/gao-25-107753,,yes
430,Scorecard · THE_LOSS,src/lib/scorecard.ts,statistic,THE_LOSS: https://www.gao.gov/products/gao-25-107753,THE_LOSS,,https://www.gao.gov/products/gao-25-107753,,yes
431,Scorecard · OBAMA_TERMS,src/lib/scorecard.ts,statistic,OBAMA_TERMS: https://www.congress.gov/bill/111th-congress/senate-bill/181,OBAMA_TERMS,,https://www.congress.gov/bill/111th-congress/house-bill/2 | https://www.congress.gov/bill/111th-congress/senate-bill/181,,yes
432,Scorecard · OBAMA_TERMS,src/lib/scorecard.ts,statistic,OBAMA_TERMS: https://www.congress.gov/bill/111th-congress/house-bill/2,OBAMA_TERMS,,https://www.congress.gov/bill/111th-congress/house-bill/1 | https://www.congress.gov/bill/111th-congress/house-bill/2,,yes
433,Scorecard · OBAMA_TERMS,src/lib/scorecard.ts,statistic,OBAMA_TERMS: https://www.congress.gov/bill/111th-congress/house-bill/1,OBAMA_TERMS,,https://www.congress.gov/bill/111th-congress/house-bill/3590 | https://www.congress.gov/bill/111th-congress/house-bill/1,,yes
434,Scorecard · OBAMA_TERMS,src/lib/scorecard.ts,statistic,"OBAMA_TERMS: ObamaCare: new taxes and a mandate, Democratic majority, 2010.",OBAMA_TERMS,,https://www.congress.gov/bill/111th-congress/house-bill/3590,,yes
435,Scorecard · OBAMA_TERMS,src/lib/scorecard.ts,statistic,OBAMA_TERMS: https://www.congress.gov/bill/111th-congress/house-bill/3590,OBAMA_TERMS,,https://www.bls.gov/news.release/archives/cpi_10192011.htm | https://www.congress.gov/bill/111th-congress/house-bill/3590,,yes
436,Scorecard · OBAMA_TERMS,src/lib/scorecard.ts,statistic,"OBAMA_TERMS: CPI 3.9%, September 2011. Split Congress. Obama Oval.",OBAMA_TERMS,,https://www.bls.gov/news.release/archives/cpi_10192011.htm,,yes
437,Scorecard · OBAMA_TERMS,src/lib/scorecard.ts,statistic,OBAMA_TERMS: https://www.bls.gov/news.release/archives/cpi_10192011.htm,OBAMA_TERMS,,https://www.bls.gov/cpi/ | https://www.bls.gov/news.release/archives/cpi_10192011.htm,,yes
438,Scorecard · OBAMA_TERMS,src/lib/scorecard.ts,statistic,OBAMA_TERMS: CPI stayed low after 2011. No 9% spike in this term.,OBAMA_TERMS,,https://www.bls.gov/cpi/,,yes
439,Scorecard · OBAMA_TERMS,src/lib/scorecard.ts,statistic,"OBAMA_TERMS: DACA, June 15, 2012, carried through the second term. A memo. Not a vote.",OBAMA_TERMS,,https://www.uscis.gov/humanitarian/consideration-of-deferred-action-for-childhood-arrivals-daca,,yes
440,Scorecard · OBAMA_TERMS,src/lib/scorecard.ts,statistic,"OBAMA_TERMS: Southwest Border Patrol, eight fiscal years: 3.31 million. FY2014 unaccompanied-child spike sat in this Oval.",OBAMA_TERMS,,https://www.cbp.gov/document/stats/us-border-patrol-fiscal-year-southwest-border-sector-apprehensions-fy-1960-fy-2019,,yes
441,Scorecard · OBAMA_TERMS,src/lib/scorecard.ts,statistic,OBAMA_TERMS: https://www.cbp.gov/document/stats/us-border-patrol-fiscal-year-southwest-border-sector-apprehensions-fy-1960-fy-2019,OBAMA_TERMS,,https://fiscaldata.treasury.gov/datasets/historical-debt-outstanding/ | https://www.cbp.gov/document/stats/us-border-patrol-fiscal-year-southwest-border-sector-apprehensions-fy-1960-fy-2019,,yes
442,Scorecard · OBAMA_TERMS,src/lib/scorecard.ts,statistic,OBAMA_TERMS: Republican majority 2015–17 did not close October 1. Debt still climbed on a Republican purse and a Democratic Oval.,OBAMA_TERMS,,https://fiscaldata.treasury.gov/datasets/historical-debt-outstanding/,,yes
443,Scorecard · OBAMA_TERMS,src/lib/scorecard.ts,statistic,"OBAMA_TERMS.years=3.31 :: …ion-of-deferred-action-for-childhood-arrivals-daca"", }, { k: ""Southwest Border Patrol, eight fiscal years: 3.31 million. FY2014 unaccompanied-child spike sat in this Oval."", bill: ""CBP · FY1960–2019"", href: ""https:/…",OBAMA_TERMS,,,,yes
444,Scorecard · TRUMP_TERMS,src/lib/scorecard.ts,statistic,TRUMP_TERMS: https://www.congress.gov/bill/115th-congress/house-bill/1,TRUMP_TERMS,,https://www.bls.gov/charts/employment-situation/civilian-unemployment-rate.htm | https://www.congress.gov/bill/115th-congress/house-bill/1,,yes
445,Scorecard · TRUMP_TERMS,src/lib/scorecard.ts,statistic,"TRUMP_TERMS: Unemployment 3.5 percent, February 2020, before the virus. Lowest since 1969.",TRUMP_TERMS,,https://www.bls.gov/charts/employment-situation/civilian-unemployment-rate.htm,,yes
446,Scorecard · TRUMP_TERMS,src/lib/scorecard.ts,statistic,"TRUMP_TERMS: CPI peak in the term: 2.9 percent. EIA weekly regular peak: $2.962, May 28, 2018.",TRUMP_TERMS,,https://www.eia.gov/petroleum/gasdiesel/,,yes
447,Scorecard · TRUMP_TERMS,src/lib/scorecard.ts,statistic,TRUMP_TERMS: https://www.congress.gov/bill/116th-congress/house-bill/748,TRUMP_TERMS,,https://fiscaldata.treasury.gov/datasets/historical-debt-outstanding/ | https://www.congress.gov/bill/116th-congress/house-bill/748,,yes
448,Scorecard · TRUMP_TERMS,src/lib/scorecard.ts,statistic,TRUMP_TERMS: January 6. Fight like hell is on the tape. Peacefully and patriotically is on the same tape. The building was breached. Zero charged under 18 U.S.C. § 2383.,TRUMP_TERMS,,https://www.c-span.org/video/?507744-1/president-trump-speaks-save-america-rally,,yes
449,Scorecard · TRUMP_TERMS,src/lib/scorecard.ts,statistic,TRUMP_TERMS: https://www.c-span.org/video/?507744-1/president-trump-speaks-save-america-rally,TRUMP_TERMS,,https://www.cbp.gov/newsroom/stats/cbp-enforcement-statistics | https://www.c-span.org/video/?507744-1/president-trump-speaks-save-america-rally,,yes
450,Scorecard · TRUMP_TERMS,src/lib/scorecard.ts,statistic,"TRUMP_TERMS: FY2025 nationwide encounters: 691,906. Southwest Border Patrol: 237,538 — lowest since 1970.",TRUMP_TERMS,,https://www.cbp.gov/newsroom/stats/cbp-enforcement-statistics,,yes
451,Scorecard · TRUMP_TERMS,src/lib/scorecard.ts,statistic,"TRUMP_TERMS: FBI 2025 murder rate 4.1, tied with 1955–56.",TRUMP_TERMS,,https://cde.ucr.cjis.gov/,,yes
452,Scorecard · TRUMP_TERMS,src/lib/scorecard.ts,statistic,"TRUMP_TERMS: EO 14252: restore monuments, remove graffiti, enforce the capital.",TRUMP_TERMS,,https://www.whitehouse.gov/,,yes
453,Scorecard · TRUMP_TERMS,src/lib/scorecard.ts,statistic,TRUMP_TERMS: https://storage.courtlistener.com/recap/gov.uscourts.flsd.651411/gov.uscourts.flsd.651411.672.0.pdf,TRUMP_TERMS,,https://www.bls.gov/cpi/ | https://storage.courtlistener.com/recap/gov.uscourts.flsd.651411/gov.uscourts.flsd.651411.672.0.pdf,,yes
454,Scorecard · TRUMP_TERMS,src/lib/scorecard.ts,statistic,"TRUMP_TERMS: CPI peak so far: 4.2 percent, May 2026. The 9.1 percent floor from June 2022 did not reset.",TRUMP_TERMS,,https://www.bls.gov/cpi/,,yes
455,Scorecard · TRUMP_TERMS,src/lib/scorecard.ts,statistic,"TRUMP_TERMS: EIA weekly regular: $4.500 the week of May 11, 2026. OPEC, tax, refining, shipping.",TRUMP_TERMS,,https://www.eia.gov/petroleum/gasdiesel/,,yes
456,Scorecard · TRUMP_TERMS,src/lib/scorecard.ts,statistic,TRUMP_TERMS: Manhattan 34 counts: a jury convicted. On appeal. Falsifying records. Not § 2383.,TRUMP_TERMS,,https://www.nycourts.gov/,,yes
457,Scorecard · TRUMP_TERMS,src/lib/scorecard.ts,statistic,"TRUMP_TERMS.encounters=691,906. :: … slogan that named him a threat to democracy did not stop the term."", plus: [ { k: ""FY2025 nationwide encounters: 691,906. Southwest Border Patrol: 237,538 — lowest since 1970."", bill: ""CBP"", href: ""https://www.cbp.gov/n…",TRUMP_TERMS,,,,yes
458,Scorecard · CPI_PEAK,src/lib/scorecard.ts,statistic,"CPI_PEAK: The Consumer Price Index is the Bureau of Labor Statistics measure of a basket of what people actually buy — groceries, rent, fuel, the doctor’s office — and how much more that basket costs than a year earlier. The peak is the highest of those 12-month readings in that Oval. It is not a four-year average. Biden’s 9.1 percent is June 2022. Obama’s 3.9 percent is September 2011. Trump 1: 2.9 percent. Trump 2 so far: 4.2 percent in May 2026. A 9.1 percent year is not a one-year tax that expires. Groceries, rent, and fuel stay at the new price. When a later reading is 3 percent, the cart is still 9 percent more expensive than it was two years earlier, plus 3 percent more on top of that. Inflation does not reset when the Oval changes. The next president inherits the higher floor. Biden’s 9.1 percent in June 2022 is still in the ticket when a later Oval prints 4.2 percent.",CPI_PEAK,,https://www.bls.gov/cpi/,,yes
459,Scorecard · BORDER,src/lib/scorecard.ts,statistic,"BORDER: CBP nationwide, FY2021–24: 10.83 million encounters. That is every door CBP counts — southwest land, the northern line, airports, seaports, Miami and the other sectors. Southwest land alone: 8.73 million. The rest of the map: about 2.10 million. House Homeland: more than half a million on the northern border in those four years. FY2025 nationwide, after the Oval changed: 691,906. Southwest Border Patrol FY2025: 237,538 — lowest since 1970. CDC: fentanyl deaths peaked at 73,944 in 2022. DHS: more than 450,000 unaccompanied children in the prior file.",BORDER,,https://www.cbp.gov/newsroom/stats/nationwide-encounters,,yes
460,Scorecard · BORDER,src/lib/scorecard.ts,statistic,BORDER: House Homeland — 10.8 million,BORDER,,https://homeland.house.gov/2024/10/24/startling-stats-factsheet-fiscal-year-2024-ends-with-nearly-3-million-inadmissible-encounters-10-8-million-total-encounters-since-fy2021/,,yes
461,Scorecard · BORDER,src/lib/scorecard.ts,statistic,BORDER: https://homeland.house.gov/2024/10/24/startling-stats-factsheet-fiscal-year-2024-ends-with-nearly-3-million-inadmissible-encounters-10-8-million-total-encounters-since-fy2021/,BORDER,,https://homeland.house.gov/2024/10/24/startling-stats-factsheet-fiscal-year-2024-ends-with-nearly-3-million-inadmissible-encounters-10-8-million-total-encounters-since-fy2021/,,yes
462,Scorecard · BORDER_MOVE,src/lib/scorecard.ts,statistic,BORDER_MOVE: $8.13 billion,BORDER_MOVE,,https://comptroller.nyc.gov/services/for-the-public/accounting-for-asylum-seeker-services/fiscal-impacts,,yes
463,Scorecard · BORDER_MOVE,src/lib/scorecard.ts,statistic,"BORDER_MOVE: Comptroller: $1.41B FY2023, $3.70B FY2024, $3.02B FY2025.",BORDER_MOVE,,https://comptroller.nyc.gov/services/for-the-public/accounting-for-asylum-seeker-services/fiscal-impacts,,yes
464,Scorecard · BORDER_MOVE,src/lib/scorecard.ts,statistic,BORDER_MOVE: $434 million,BORDER_MOVE,,https://www.migrationpolicy.org/article/us-cities-migrant-arrivals-new-normal,,yes
465,Scorecard · BORDER_MOVE,src/lib/scorecard.ts,statistic,"BORDER_MOVE: City estimate, food and shelter, July 2022–July 2024.",BORDER_MOVE,,https://www.migrationpolicy.org/article/us-cities-migrant-arrivals-new-normal,,yes
466,Scorecard · BORDER_MOVE,src/lib/scorecard.ts,statistic,BORDER_MOVE: $216–340 million,BORDER_MOVE,,https://www.migrationpolicy.org/article/us-cities-migrant-arrivals-new-normal,,yes
467,Scorecard · BORDER_MOVE,src/lib/scorecard.ts,statistic,"BORDER_MOVE: Food, education, housing, December 2022–May 2024.",BORDER_MOVE,,https://www.migrationpolicy.org/article/us-cities-migrant-arrivals-new-normal,,yes
468,Scorecard · BORDER_MOVE,src/lib/scorecard.ts,statistic,BORDER_MOVE: $1.4 billion,BORDER_MOVE,,https://www.oig.dhs.gov/sites/default/files/assets/2026-04/OIG-26-04-Apr26.pdf,,yes
469,Scorecard · BORDER_MOVE,src/lib/scorecard.ts,statistic,"BORDER_MOVE: DHS OIG: EFSP-H and SSP awards, FY2023–24. CBP money, FEMA-run.",BORDER_MOVE,,https://www.oig.dhs.gov/sites/default/files/assets/2026-04/OIG-26-04-Apr26.pdf,,yes
470,Scorecard · BORDER_MOVE,src/lib/scorecard.ts,statistic,BORDER_MOVE: https://www.oig.dhs.gov/sites/default/files/assets/2026-04/OIG-26-04-Apr26.pdf,BORDER_MOVE,,https://abc13.com/post/souther-border-texas-gov-greg-abbott-migrant-crisis-flights/14453558/ | https://www.oig.dhs.gov/sites/default/files/assets/2026-04/OIG-26-04-Apr26.pdf,,yes
471,Scorecard · BORDER_MOVE,src/lib/scorecard.ts,statistic,BORDER_MOVE: $124.6 million,BORDER_MOVE,,https://abc13.com/post/souther-border-texas-gov-greg-abbott-migrant-crisis-flights/14453558/,,yes
472,Scorecard · BORDER_MOVE,src/lib/scorecard.ts,statistic,"BORDER_MOVE: TDEM invoices through January 10, 2024. More than 103,100 people to NYC, Chicago, Denver, D.C., Philadelphia, L.A.",BORDER_MOVE,,https://abc13.com/post/souther-border-texas-gov-greg-abbott-migrant-crisis-flights/14453558/,,yes
473,Scorecard · BORDER_MOVE,src/lib/scorecard.ts,statistic,BORDER_MOVE: https://abc13.com/post/souther-border-texas-gov-greg-abbott-migrant-crisis-flights/14453558/,BORDER_MOVE,,https://www.cbo.gov/publication/61256 | https://abc13.com/post/souther-border-texas-gov-greg-abbott-migrant-crisis-flights/14453558/,,yes
474,Scorecard · BORDER_MOVE,src/lib/scorecard.ts,statistic,BORDER_MOVE: Net $9.2 billion,BORDER_MOVE,,https://www.cbo.gov/publication/61256,,yes
475,Scorecard · BORDER_MOVE,src/lib/scorecard.ts,statistic,"BORDER_MOVE: 2023: $19.3B to serve, $10.1B back in tax. Encounters ran four years.",BORDER_MOVE,,https://www.cbo.gov/publication/61256,,yes
476,Scorecard · BORDER_MOVE,src/lib/scorecard.ts,statistic,BORDER_MOVE: https://www.cbo.gov/publication/61256,BORDER_MOVE,,https://budget.house.gov/press-release/cbo-medicaid-spending-on-illegal-aliens-has-cost-taxpayers-over-162-billion-under-open-border-czar-harris | https://www.cbo.gov/publication/61256,,yes
477,Scorecard · BORDER_MOVE,src/lib/scorecard.ts,statistic,BORDER_MOVE: $16.2 billion,BORDER_MOVE,,https://budget.house.gov/press-release/cbo-medicaid-spending-on-illegal-aliens-has-cost-taxpayers-over-162-billion-under-open-border-czar-harris,,yes
478,Scorecard · BORDER_MOVE,src/lib/scorecard.ts,statistic,BORDER_MOVE: https://budget.house.gov/press-release/cbo-medicaid-spending-on-illegal-aliens-has-cost-taxpayers-over-162-billion-under-open-border-czar-harris,BORDER_MOVE,,https://budget.house.gov/press-release/cbo-medicaid-spending-on-illegal-aliens-has-cost-taxpayers-over-162-billion-under-open-border-czar-harris,,yes
479,Scorecard · BORDER_HARM,src/lib/scorecard.ts,statistic,BORDER_HARM: $16.2 billion,BORDER_HARM,,https://www.cbo.gov/publication/60805,,yes
480,Scorecard · BORDER_HARM,src/lib/scorecard.ts,statistic,"BORDER_HARM: CBO to House Budget, Biden years. Federal plus state. Up 124% from the same span under Trump.",BORDER_HARM,,https://www.cbo.gov/publication/60805,,yes
481,Scorecard · BORDER_HARM,src/lib/scorecard.ts,statistic,BORDER_HARM: https://www.cbo.gov/publication/60805,BORDER_HARM,,https://www.law.cornell.edu/uscode/text/42/1395dd | https://www.cbo.gov/publication/60805,,yes
482,Scorecard · BORDER_HARM,src/lib/scorecard.ts,statistic,BORDER_HARM: 42 U.S.C. § 1395dd,BORDER_HARM,,https://www.law.cornell.edu/uscode/text/42/1395dd,,yes
483,Scorecard · BORDER_HARM,src/lib/scorecard.ts,statistic,BORDER_HARM: https://www.law.cornell.edu/uscode/text/42/1395dd,BORDER_HARM,,https://homeland.house.gov/2024/10/24/startling-stats-factsheet-fiscal-year-2024-ends-with-nearly-3-million-inadmissible-encounters-10-8-million-total-encounters-since-fy2021/ | https://www.law.cornell.edu/uscode/text/42/1395dd,,yes
484,Scorecard · BORDER_HARM,src/lib/scorecard.ts,statistic,"BORDER_HARM: 650,000",BORDER_HARM,,https://homeland.house.gov/2024/10/24/startling-stats-factsheet-fiscal-year-2024-ends-with-nearly-3-million-inadmissible-encounters-10-8-million-total-encounters-since-fy2021/,,yes
485,Scorecard · BORDER_HARM,src/lib/scorecard.ts,statistic,"BORDER_HARM: House Homeland, ICE non-detained docket, July 21, 2024. Convictions or charges. Not detained.",BORDER_HARM,,https://homeland.house.gov/2024/10/24/startling-stats-factsheet-fiscal-year-2024-ends-with-nearly-3-million-inadmissible-encounters-10-8-million-total-encounters-since-fy2021/,,yes
486,Scorecard · BORDER_HARM,src/lib/scorecard.ts,statistic,BORDER_HARM: https://homeland.house.gov/2024/10/24/startling-stats-factsheet-fiscal-year-2024-ends-with-nearly-3-million-inadmissible-encounters-10-8-million-total-encounters-since-fy2021/,BORDER_HARM,,https://www.ice.gov/doclib/eoy/iceAnnualReportFY2024.pdf | https://homeland.house.gov/2024/10/24/startling-stats-factsheet-fiscal-year-2024-ends-with-nearly-3-million-inadmissible-encounters-10-8-million-total-encounters-since-fy2021/,,yes
487,Scorecard · BORDER_HARM,src/lib/scorecard.ts,statistic,BORDER_HARM: Homicide on ICE’s FY2024 arrests,BORDER_HARM,,https://www.ice.gov/doclib/eoy/iceAnnualReportFY2024.pdf,,yes
488,Scorecard · BORDER_HARM,src/lib/scorecard.ts,statistic,"BORDER_HARM: 2,894",BORDER_HARM,,https://www.ice.gov/doclib/eoy/iceAnnualReportFY2024.pdf,,yes
489,Scorecard · BORDER_HARM,src/lib/scorecard.ts,statistic,BORDER_HARM: https://www.ice.gov/doclib/eoy/iceAnnualReportFY2024.pdf,BORDER_HARM,,https://www.dhs.gov/news/2026/01/29/dhs-celebrates-one-year-laken-riley-act | https://www.ice.gov/doclib/eoy/iceAnnualReportFY2024.pdf,,yes
490,Scorecard · BORDER_HARM,src/lib/scorecard.ts,statistic,"BORDER_HARM: Georgia, 2024",BORDER_HARM,,https://www.dhs.gov/news/2026/01/29/dhs-celebrates-one-year-laken-riley-act,,yes
491,Scorecard · BORDER_HARM,src/lib/scorecard.ts,statistic,"BORDER_HARM: Nursing student. DHS: killed by a Venezuelan illegal alien, Tren de Aragua, paroled in September 2022, released again after a New York arrest.",BORDER_HARM,,https://www.dhs.gov/news/2026/01/29/dhs-celebrates-one-year-laken-riley-act,,yes
492,Scorecard · BORDER_HARM,src/lib/scorecard.ts,statistic,BORDER_HARM: https://www.dhs.gov/news/2026/01/29/dhs-celebrates-one-year-laken-riley-act,BORDER_HARM,,https://homeland.house.gov/2024/10/24/startling-stats-factsheet-fiscal-year-2024-ends-with-nearly-3-million-inadmissible-encounters-10-8-million-total-encounters-since-fy2021/ | https://www.dhs.gov/news/2026/01/29/dhs-celebrates-one-year-laken-riley-act,,yes
493,Scorecard · BORDER_HARM,src/lib/scorecard.ts,statistic,"BORDER_HARM: Maryland, 2023",BORDER_HARM,,https://homeland.house.gov/2024/10/24/startling-stats-factsheet-fiscal-year-2024-ends-with-nearly-3-million-inadmissible-encounters-10-8-million-total-encounters-since-fy2021/,,yes
494,Scorecard · BORDER_HARM,src/lib/scorecard.ts,statistic,"BORDER_HARM: Mother of five. House Homeland: illegal alien from El Salvador, entered 2023, arrested June 17, 2024.",BORDER_HARM,,https://homeland.house.gov/2024/10/24/startling-stats-factsheet-fiscal-year-2024-ends-with-nearly-3-million-inadmissible-encounters-10-8-million-total-encounters-since-fy2021/,,yes
495,Scorecard · BENEFITS,src/lib/scorecard.ts,statistic,"BENEFITS: $2,590",BENEFITS,,https://www.ssa.gov/policy/docs/statcomps/ssi_asr/,,yes
496,Scorecard · BENEFITS,src/lib/scorecard.ts,statistic,BENEFITS: $715,BENEFITS,,https://www.ssa.gov/policy/docs/statcomps/ssi_asr/,,yes
497,Scorecard · BENEFITS,src/lib/scorecard.ts,statistic,"BENEFITS: Average check, December 2025. Cap for one person in 2026: $994.",BENEFITS,,https://www.ssa.gov/policy/docs/statcomps/ssi_asr/,,yes
498,Scorecard · BENEFITS,src/lib/scorecard.ts,statistic,BENEFITS: $190,BENEFITS,,https://www.fns.usda.gov/pd/supplemental-nutrition-assistance-program-snap,,yes
499,Scorecard · BENEFITS,src/lib/scorecard.ts,statistic,"BENEFITS: Average per person, FY2026. Household average: $352.",BENEFITS,,https://www.fns.usda.gov/pd/supplemental-nutrition-assistance-program-snap,,yes
500,Scorecard · BENEFITS,src/lib/scorecard.ts,statistic,BENEFITS: $771,BENEFITS,,https://www.macpac.gov/publication/medicaid-benefit-spending-per-full-year-equivalent-fye-enrollee-by-state-and-eligibility-group/,,yes
501,Scorecard · BENEFITS,src/lib/scorecard.ts,statistic,"BENEFITS: MACPAC: $9,255 a year per full-benefit enrollee, FY2023. Emergency Medicaid for illegal aliens is extra, not this monthly line.",BENEFITS,,https://www.macpac.gov/publication/medicaid-benefit-spending-per-full-year-equivalent-fye-enrollee-by-state-and-eligibility-group/,,yes
502,Scorecard · BENEFITS,src/lib/scorecard.ts,statistic,BENEFITS: $917,BENEFITS,,https://www.huduser.gov/portal/datasets/assthsg.html,,yes
503,Scorecard · BENEFITS,src/lib/scorecard.ts,statistic,"BENEFITS: HUD’s own run on mixed families: about $11,000 a year in housing assistance.",BENEFITS,,https://www.huduser.gov/portal/datasets/assthsg.html,,yes
504,Scorecard · WORKER,src/lib/scorecard.ts,statistic,"WORKER: $2,086",WORKER,,https://www.congress.gov/crs-product/R42035,,yes
505,Scorecard · WORKER,src/lib/scorecard.ts,statistic,"WORKER: Average retired-worker check, July 2026. Paid with FICA. Not SSI.",WORKER,,https://www.congress.gov/crs-product/R42035,,yes
506,Scorecard · WORKER,src/lib/scorecard.ts,statistic,WORKER: https://www.congress.gov/crs-product/R42035,WORKER,,https://www.cms.gov/medicare/payment/medicare-part-b | https://www.congress.gov/crs-product/R42035,,yes
507,Scorecard · WORKER,src/lib/scorecard.ts,statistic,WORKER: −$202.90,WORKER,,https://www.cms.gov/medicare/payment/medicare-part-b,,yes
508,Scorecard · WORKER,src/lib/scorecard.ts,statistic,"WORKER: Standard monthly premium, 2026. Deducted from the earned check. CMS.",WORKER,,https://www.cms.gov/medicare/payment/medicare-part-b,,yes
509,Scorecard · WORKER,src/lib/scorecard.ts,statistic,WORKER: $0,WORKER,,https://www.ssa.gov/ssi/,,yes
510,Scorecard · WORKER,src/lib/scorecard.ts,statistic,"WORKER: Over the line, the worker does not get that $2,590 pile. SSI is need, not a career.",WORKER,,https://www.ssa.gov/ssi/,,yes
511,Scorecard · WORKER,src/lib/scorecard.ts,statistic,WORKER: MGMA: 80% of groups say Medicare pays below the cost of the visit. Doctors leave. The patient waits.,WORKER,,https://www.mgma.com/,,yes
512,Scorecard · PRICES,src/lib/scorecard.ts,statistic,"PRICES: 9.1 percent in June 2022. Democratic majority in the House and the Senate. That is the peak. The live table did not stop there. BLS, August 2026: 3.4 percent over the year. The grocery ticket is still their watch.",PRICES,,https://www.bls.gov/news.release/archives/cpi_07132022.htm,,yes
513,Scorecard · PRICES,src/lib/scorecard.ts,statistic,PRICES: BLS — 9.1% in June 2022,PRICES,,https://www.bls.gov/news.release/archives/cpi_07132022.htm,,yes
514,Scorecard · PRICES,src/lib/scorecard.ts,statistic,PRICES: https://www.bls.gov/news.release/archives/cpi_07132022.htm,PRICES,,https://www.bls.gov/news.release/cpi.nr0.htm | https://www.bls.gov/news.release/archives/cpi_07132022.htm,,yes
515,Scorecard · PRICES,src/lib/scorecard.ts,statistic,"PRICES: BLS — live CPI, August 2026 (3.4%)",PRICES,,https://www.bls.gov/news.release/cpi.nr0.htm,,yes
516,Scorecard · PRICES,src/lib/scorecard.ts,statistic,"PRICES: BLS — 12-month chart, through August 2026",PRICES,,https://www.bls.gov/charts/consumer-price-index/,,yes
517,Scorecard · PRICES,src/lib/scorecard.ts,statistic,PRICES: FRED — 12-month CPI through August 2026,PRICES,,https://fred.stlouisfed.org/graph/?id=CPIAUCSL&units=pc1,,yes
518,Scorecard · LEDGER,src/lib/scorecard.ts,statistic,LEDGER: 1993–95,LEDGER,,https://www.congress.gov/bill/103rd-congress/house-bill/2264,,yes
519,Scorecard · LEDGER,src/lib/scorecard.ts,statistic,LEDGER: Omnibus 1993 raised top rates,LEDGER,,https://www.congress.gov/bill/103rd-congress/house-bill/2264,,yes
520,Scorecard · LEDGER,src/lib/scorecard.ts,statistic,LEDGER: H.R. 2264 — Omnibus Budget Reconciliation Act of 1993,LEDGER,,https://www.congress.gov/bill/103rd-congress/house-bill/2264,,yes
521,Scorecard · LEDGER,src/lib/scorecard.ts,statistic,LEDGER: https://www.congress.gov/bill/103rd-congress/house-bill/2264,LEDGER,,https://www.senate.gov/history/partydiv.htm | https://www.congress.gov/bill/103rd-congress/house-bill/2264,,yes
522,Scorecard · LEDGER,src/lib/scorecard.ts,statistic,LEDGER: 1995–01,LEDGER,,https://www.congress.gov/bill/104th-congress/house-bill/3734,,yes
523,Scorecard · LEDGER,src/lib/scorecard.ts,statistic,LEDGER: No giant new income-tax hike. 1997 cut capital-gains rate,LEDGER,,https://www.congress.gov/bill/104th-congress/house-bill/3734,,yes
524,Scorecard · LEDGER,src/lib/scorecard.ts,statistic,"LEDGER: Welfare reform 1996. Work requirement. Paychecks and a surplus. Split government, not a uniparty hymn.",LEDGER,,https://www.congress.gov/bill/104th-congress/house-bill/3734,,yes
525,Scorecard · LEDGER,src/lib/scorecard.ts,statistic,LEDGER: H.R. 3734 — Personal Responsibility and Work Opportunity Act of 1996,LEDGER,,https://www.congress.gov/bill/104th-congress/house-bill/3734,,yes
526,Scorecard · LEDGER,src/lib/scorecard.ts,statistic,LEDGER: https://www.congress.gov/bill/104th-congress/house-bill/3734,LEDGER,,https://www.congress.gov/bill/105th-congress/house-bill/2014 | https://www.congress.gov/bill/104th-congress/house-bill/3734,,yes
527,Scorecard · LEDGER,src/lib/scorecard.ts,statistic,LEDGER: Taxpayer Relief Act of 1997,LEDGER,,https://www.congress.gov/bill/105th-congress/house-bill/2014,,yes
528,Scorecard · LEDGER,src/lib/scorecard.ts,statistic,LEDGER: https://www.congress.gov/bill/105th-congress/house-bill/2014,LEDGER,,https://fiscaldata.treasury.gov/datasets/debt-to-the-penny/ | https://www.congress.gov/bill/105th-congress/house-bill/2014,,yes
529,Scorecard · LEDGER,src/lib/scorecard.ts,statistic,LEDGER: 2001–07,LEDGER,,https://www.congress.gov/bill/107th-congress/house-bill/1836,,yes
530,Scorecard · LEDGER,src/lib/scorecard.ts,statistic,LEDGER: +$4.9T across the Bush years (Treasury),LEDGER,,https://www.congress.gov/bill/107th-congress/house-bill/1836,,yes
531,Scorecard · LEDGER,src/lib/scorecard.ts,statistic,LEDGER: EGTRRA 2001 / JGTRRA 2003 — take-home pay rose,LEDGER,,https://www.congress.gov/bill/107th-congress/house-bill/1836,,yes
532,Scorecard · LEDGER,src/lib/scorecard.ts,statistic,LEDGER: H.R. 1836 — EGTRRA 2001,LEDGER,,https://www.congress.gov/bill/107th-congress/house-bill/1836,,yes
533,Scorecard · LEDGER,src/lib/scorecard.ts,statistic,LEDGER: https://www.congress.gov/bill/107th-congress/house-bill/1836,LEDGER,,https://www.congress.gov/bill/108th-congress/house-bill/2 | https://www.congress.gov/bill/107th-congress/house-bill/1836,,yes
534,Scorecard · LEDGER,src/lib/scorecard.ts,statistic,LEDGER: H.R. 2 — JGTRRA 2003,LEDGER,,https://www.congress.gov/bill/108th-congress/house-bill/2,,yes
535,Scorecard · LEDGER,src/lib/scorecard.ts,statistic,LEDGER: https://www.congress.gov/bill/108th-congress/house-bill/2,LEDGER,,https://www.congress.gov/bill/108th-congress/house-bill/1 | https://www.congress.gov/bill/108th-congress/house-bill/2,,yes
536,Scorecard · LEDGER,src/lib/scorecard.ts,statistic,"LEDGER: P.L. 108-173 — Medicare Prescription Drug, Improvement, and Modernization Act",LEDGER,,https://www.congress.gov/bill/108th-congress/house-bill/1,,yes
537,Scorecard · LEDGER,src/lib/scorecard.ts,statistic,LEDGER: https://www.congress.gov/bill/108th-congress/house-bill/1,LEDGER,,https://fiscaldata.treasury.gov/datasets/debt-to-the-penny/ | https://www.congress.gov/bill/108th-congress/house-bill/1,,yes
538,Scorecard · LEDGER,src/lib/scorecard.ts,statistic,LEDGER: 2007–11,LEDGER,,https://www.congress.gov/bill/110th-congress/house-bill/1424,,yes
539,Scorecard · LEDGER,src/lib/scorecard.ts,statistic,LEDGER: TARP + stimulus. Obama term later +$8–9.3T inauguration-to-inauguration,LEDGER,,https://www.congress.gov/bill/110th-congress/house-bill/1424,,yes
540,Scorecard · LEDGER,src/lib/scorecard.ts,statistic,LEDGER: P.L. 110-343 — Emergency Economic Stabilization Act (TARP),LEDGER,,https://www.congress.gov/bill/110th-congress/house-bill/1424,,yes
541,Scorecard · LEDGER,src/lib/scorecard.ts,statistic,LEDGER: https://www.congress.gov/bill/110th-congress/house-bill/1424,LEDGER,,https://www.congress.gov/bill/111th-congress/house-bill/3590 | https://www.congress.gov/bill/110th-congress/house-bill/1424,,yes
542,Scorecard · LEDGER,src/lib/scorecard.ts,statistic,LEDGER: H.R. 3590 — Patient Protection and Affordable Care Act,LEDGER,,https://www.congress.gov/bill/111th-congress/house-bill/3590,,yes
543,Scorecard · LEDGER,src/lib/scorecard.ts,statistic,LEDGER: https://www.congress.gov/bill/111th-congress/house-bill/3590,LEDGER,,https://fiscaldata.treasury.gov/datasets/debt-to-the-penny/ | https://www.congress.gov/bill/111th-congress/house-bill/3590,,yes
544,Scorecard · LEDGER,src/lib/scorecard.ts,statistic,LEDGER: 2017–19,LEDGER,,https://www.congress.gov/bill/115th-congress/house-bill/1,,yes
545,Scorecard · LEDGER,src/lib/scorecard.ts,statistic,"LEDGER: TCJA 2017 — lower rates, bigger hole (~$1.5T / 10 yrs, JCT)",LEDGER,,https://www.congress.gov/bill/115th-congress/house-bill/1,,yes
546,Scorecard · LEDGER,src/lib/scorecard.ts,statistic,LEDGER: https://www.congress.gov/bill/115th-congress/house-bill/1,LEDGER,,https://www.jct.gov/ | https://www.congress.gov/bill/115th-congress/house-bill/1,,yes
547,Scorecard · LEDGER,src/lib/scorecard.ts,statistic,LEDGER: 2019–21,LEDGER,,https://www.congress.gov/bill/116th-congress/house-bill/748,,yes
548,Scorecard · LEDGER,src/lib/scorecard.ts,statistic,"LEDGER: Trump 1 full term +$7.8T — a large share in the plague year, both parties voted the relief",LEDGER,,https://www.congress.gov/bill/116th-congress/house-bill/748,,yes
549,Scorecard · LEDGER,src/lib/scorecard.ts,statistic,"LEDGER: Lockdowns, closed shops, then checks. Both jerseys spent. Neither gets a pass for the $4T+ plague year.",LEDGER,,https://www.congress.gov/bill/116th-congress/house-bill/748,,yes
550,Scorecard · LEDGER,src/lib/scorecard.ts,statistic,LEDGER: P.L. 116-136 — CARES Act,LEDGER,,https://www.congress.gov/bill/116th-congress/house-bill/748,,yes
551,Scorecard · LEDGER,src/lib/scorecard.ts,statistic,LEDGER: https://www.congress.gov/bill/116th-congress/house-bill/748,LEDGER,,https://fiscaldata.treasury.gov/datasets/debt-to-the-penny/ | https://www.congress.gov/bill/116th-congress/house-bill/748,,yes
552,Scorecard · LEDGER,src/lib/scorecard.ts,statistic,LEDGER: 2021–23,LEDGER,,https://www.bls.gov/news.release/archives/cpi_07132022.htm,,yes
553,Scorecard · LEDGER,src/lib/scorecard.ts,statistic,LEDGER: Biden term +$8.4–8.5T. $27.8T to ~$36.2T,LEDGER,,https://www.bls.gov/news.release/archives/cpi_07132022.htm,,yes
554,Scorecard · LEDGER,src/lib/scorecard.ts,statistic,LEDGER: IRA 15% corporate minimum. Direction is up,LEDGER,,https://www.bls.gov/news.release/archives/cpi_07132022.htm,,yes
555,Scorecard · LEDGER,src/lib/scorecard.ts,statistic,"LEDGER: CPI peak 9.1% June 2022. Groceries, rent, fuel. Record southwest-border encounters FY22–24. Cities paid hotels. Hurt.",LEDGER,,https://www.bls.gov/news.release/archives/cpi_07132022.htm,,yes
556,Scorecard · LEDGER,src/lib/scorecard.ts,statistic,"LEDGER: BLS CPI — June 2022, 9.1%",LEDGER,,https://www.bls.gov/news.release/archives/cpi_07132022.htm,,yes
557,Scorecard · LEDGER,src/lib/scorecard.ts,statistic,LEDGER: https://www.bls.gov/news.release/archives/cpi_07132022.htm,LEDGER,,https://www.congress.gov/bill/117th-congress/house-bill/5376 | https://www.bls.gov/news.release/archives/cpi_07132022.htm,,yes
558,Scorecard · LEDGER,src/lib/scorecard.ts,statistic,LEDGER: H.R. 5376 — Inflation Reduction Act,LEDGER,,https://www.congress.gov/bill/117th-congress/house-bill/5376,,yes
559,Scorecard · LEDGER,src/lib/scorecard.ts,statistic,LEDGER: https://www.congress.gov/bill/117th-congress/house-bill/5376,LEDGER,,https://www.cbp.gov/newsroom/stats/southwest-land-border-encounters | https://www.congress.gov/bill/117th-congress/house-bill/5376,,yes
560,Scorecard · LEDGER,src/lib/scorecard.ts,statistic,LEDGER: 2025–26,LEDGER,,https://fiscaldata.treasury.gov/datasets/debt-to-the-penny/,,yes
561,Scorecard · LEDGER,src/lib/scorecard.ts,statistic,LEDGER: +$3.8T already ($36.2T Jan 2025 → $40.0T Aug 2026),LEDGER,,https://fiscaldata.treasury.gov/datasets/debt-to-the-penny/,,yes
562,Scorecard · LEDGER,src/lib/scorecard.ts,statistic,LEDGER: Border encounters at a 50-year low (Pew). That is a win that can be named. The meter is still climbing. Close October 1 or it is the same failure in a different jersey.,LEDGER,,https://fiscaldata.treasury.gov/datasets/debt-to-the-penny/,,yes
563,Scorecard · LEDGER,src/lib/scorecard.ts,statistic,"LEDGER: Treasury — Debt to the Penny (~$40.05T Aug. 18, 2026)",LEDGER,,https://fiscaldata.treasury.gov/datasets/debt-to-the-penny/,,yes
564,Scorecard · LEDGER,src/lib/scorecard.ts,statistic,LEDGER: Pew — encounters at a 50-year low,LEDGER,,https://www.pewresearch.org/short-reads/2026/02/02/migrant-encounters-at-the-us-mexico-border-are-at-their-lowest-level-in-more-than-50-years/,,yes
565,Scorecard · LEDGER,src/lib/scorecard.ts,statistic,LEDGER: https://www.pewresearch.org/short-reads/2026/02/02/migrant-encounters-at-the-us-mexico-border-are-at-their-lowest-level-in-more-than-50-years/,LEDGER,,https://www.cbp.gov/newsroom/stats/southwest-land-border-encounters | https://www.pewresearch.org/short-reads/2026/02/02/migrant-encounters-at-the-us-mexico-border-are-at-their-lowest-level-in-more-than-50-years/,,yes
566,Scorecard · WAR,src/lib/scorecard.ts,statistic,"WAR: Fox News Radio — McCaul exit interview, From Washington, July 12, 2026",WAR,,https://radio.foxnews.com/2026/07/12/from-washington-rep-michael-mccaul-on-two-decades-of-public-service-and-the-changing-face-of-congress/,,yes
567,Scorecard · WAR,src/lib/scorecard.ts,statistic,WAR: https://radio.foxnews.com/2026/07/12/from-washington-rep-michael-mccaul-on-two-decades-of-public-service-and-the-changing-face-of-congress/,WAR,,https://www.nytimes.com/2026/09/16/magazine/congress-trump-midterms.html | https://radio.foxnews.com/2026/07/12/from-washington-rep-michael-mccaul-on-two-decades-of-public-service-and-the-changing-face-of-congress/,,yes
568,Scorecard · WAR,src/lib/scorecard.ts,statistic,"WAR: NYT Magazine — McCaul: ‘fight and kill the other side,’ Sept. 16, 2026",WAR,,https://www.nytimes.com/2026/09/16/magazine/congress-trump-midterms.html,,yes
569,Scorecard · WAR,src/lib/scorecard.ts,statistic,WAR: https://www.nytimes.com/2026/09/16/magazine/congress-trump-midterms.html,WAR,,https://www.youtube.com/watch?v=Hy4uBHoav3Y | https://www.nytimes.com/2026/09/16/magazine/congress-trump-midterms.html,,yes
570,Scorecard · WAR,src/lib/scorecard.ts,statistic,"WAR: Carnegie Endowment — A Conversation With Congressman Michael McCaul, May 21, 2026",WAR,,https://www.youtube.com/watch?v=Hy4uBHoav3Y,,yes
571,Scorecard · WAR,src/lib/scorecard.ts,statistic,"WAR: C-SPAN — Jeffries, ‘maximum warfare,’ Apr. 22, 2026",WAR,,https://www.c-span.org/clip/news-conference/user-clip-jeffries-maximum-warfare/5199623,,yes
572,Scorecard · WAR,src/lib/scorecard.ts,statistic,WAR: https://www.c-span.org/clip/news-conference/user-clip-jeffries-maximum-warfare/5199623,WAR,,https://www.c-span.org/program/public-affairs-event/house-minority-leader-jeffries-on-democracy/679567 | https://www.c-span.org/clip/news-conference/user-clip-jeffries-maximum-warfare/5199623,,yes
573,Scorecard · WAR,src/lib/scorecard.ts,statistic,"WAR: C-SPAN — Jeffries, CAP IDEAS conference, May 19, 2026",WAR,,https://www.c-span.org/program/public-affairs-event/house-minority-leader-jeffries-on-democracy/679567,,yes
574,Scorecard · WAR,src/lib/scorecard.ts,statistic,WAR: https://www.c-span.org/program/public-affairs-event/house-minority-leader-jeffries-on-democracy/679567,WAR,,https://www.c-span.org/clip/us-senate/user-clip-youve-released-the-whirlwind-and-you-will-pay-the-price--sen-chuck-schumer/4944670 | https://www.c-span.org/program/public-affairs-event/house-minority-leader-jeffries-on-democracy/679567,,yes
575,Scorecard · WAR,src/lib/scorecard.ts,statistic,"WAR: C-SPAN — Schumer, Supreme Court steps, Mar. 4, 2020",WAR,,https://www.c-span.org/clip/us-senate/user-clip-youve-released-the-whirlwind-and-you-will-pay-the-price--sen-chuck-schumer/4944670,,yes
576,Scorecard · WAR,src/lib/scorecard.ts,statistic,WAR: https://www.c-span.org/clip/us-senate/user-clip-youve-released-the-whirlwind-and-you-will-pay-the-price--sen-chuck-schumer/4944670,WAR,,https://www.realclearpolitics.com/video/2018/06/26/maxine_waters_pelosi_and_schumer_dont_really_say_im_out_of_line.html | https://www.c-span.org/clip/us-senate/user-clip-youve-released-the-whirlwind-and-you-will-pay-the-price--sen-chuck-schumer/4944670,,yes
577,Scorecard · WAR,src/lib/scorecard.ts,statistic,"WAR: RealClearPolitics video — Waters, June 2018, ‘create a crowd’",WAR,,https://www.realclearpolitics.com/video/2018/06/26/maxine_waters_pelosi_and_schumer_dont_really_say_im_out_of_line.html,,yes
578,Scorecard · WAR,src/lib/scorecard.ts,statistic,WAR: https://www.realclearpolitics.com/video/2018/06/26/maxine_waters_pelosi_and_schumer_dont_really_say_im_out_of_line.html,WAR,,https://www.c-span.org/program/news-conference/house-democrats-hold-news-conference-on-virginia-redistricting-vote/677945 | https://www.realclearpolitics.com/video/2018/06/26/maxine_waters_pelosi_and_schumer_dont_really_say_im_out_of_line.html,,yes
579,Scorecard · WAR,src/lib/scorecard.ts,statistic,WAR: https://www.c-span.org/program/news-conference/house-democrats-hold-news-conference-on-virginia-redistricting-vote/677945,WAR,,https://www.c-span.org/program/news-conference/house-democrats-hold-news-conference-on-virginia-redistricting-vote/677945,,yes
580,Scorecard · WAR,src/lib/scorecard.ts,statistic,"WAR: Brandenburg v. Ohio, 395 U.S. 444 (1969)",WAR,,https://supreme.justia.com/cases/federal/us/395/444/,,yes
581,Scorecard · WAR,src/lib/scorecard.ts,statistic,WAR: https://supreme.justia.com/cases/federal/us/395/444/,WAR,,https://supreme.justia.com/cases/federal/us/395/444/,,yes
582,Scorecard · WAR,src/lib/scorecard.ts,statistic,"WAR: MRC / NewsBusters — 92% negative, first 100 days of 2025 term",WAR,,https://www.newsbusters.org/blogs/nb/rich-noyes/2025/04/28/tv-news-assaults-2nd-trump-admin-92-negative-coverage,,yes
583,Scorecard · WAR,src/lib/scorecard.ts,statistic,WAR: https://www.newsbusters.org/blogs/nb/rich-noyes/2025/04/28/tv-news-assaults-2nd-trump-admin-92-negative-coverage,WAR,,https://constitution.congress.gov/constitution/amendment-1/ | https://www.newsbusters.org/blogs/nb/rich-noyes/2025/04/28/tv-news-assaults-2nd-trump-admin-92-negative-coverage,,yes
584,Scorecard · WAR,src/lib/scorecard.ts,statistic,"WAR: NLRB v. Noel Canning, 573 U.S. 513 (2014)",WAR,,https://www.oyez.org/cases/2013/12-1281,,yes
585,Scorecard · WAR,src/lib/scorecard.ts,statistic,WAR: https://www.oyez.org/cases/2013/12-1281,WAR,,https://constitution.congress.gov/constitution/article-2/ | https://www.oyez.org/cases/2013/12-1281,,yes
586,Scorecard · PARTY_SPEND,src/lib/scorecard.ts,statistic,PARTY_SPEND: $19.9T,PARTY_SPEND,,,,yes
587,Scorecard · PARTY_SPEND,src/lib/scorecard.ts,statistic,"PARTY_SPEND: net voted to raise spending, 2009–2022",PARTY_SPEND,,,,yes
588,Scorecard · PARTY_SPEND,src/lib/scorecard.ts,statistic,PARTY_SPEND: $14.0T,PARTY_SPEND,,,,yes
589,Scorecard · PARTY_SPEND,src/lib/scorecard.ts,statistic,PARTY_SPEND: $5.7T,PARTY_SPEND,,,,yes
590,Scorecard · PARTY_SPEND,src/lib/scorecard.ts,statistic,PARTY_SPEND: $1.6T,PARTY_SPEND,,,,yes
591,Scorecard · DEBT_BY_OVAL,src/lib/scorecard.ts,statistic,DEBT_BY_OVAL: +$21.1T,DEBT_BY_OVAL,,,,yes
592,Scorecard · DEBT_BY_OVAL,src/lib/scorecard.ts,statistic,DEBT_BY_OVAL: Reagan + GHW Bush + GW Bush + Trump 1 + Trump 2 to Aug 2026. Congress was often the other party.,DEBT_BY_OVAL,,,,yes
593,Scorecard · DEBT_BY_OVAL,src/lib/scorecard.ts,statistic,DEBT_BY_OVAL: +$18.0T,DEBT_BY_OVAL,,,,yes
594,Scorecard · TAX_MOVES,src/lib/scorecard.ts,statistic,TAX_MOVES: https://www.congress.gov/bill/103rd-congress/house-bill/2264,TAX_MOVES,,https://www.congress.gov/bill/107th-congress/house-bill/1836 | https://www.congress.gov/bill/103rd-congress/house-bill/2264,,yes
595,Scorecard · TAX_MOVES,src/lib/scorecard.ts,statistic,TAX_MOVES: https://www.congress.gov/bill/107th-congress/house-bill/1836,TAX_MOVES,,https://www.congress.gov/bill/108th-congress/house-bill/2 | https://www.congress.gov/bill/107th-congress/house-bill/1836,,yes
596,Scorecard · TAX_MOVES,src/lib/scorecard.ts,statistic,TAX_MOVES: https://www.congress.gov/bill/108th-congress/house-bill/2,TAX_MOVES,,https://www.congress.gov/bill/111th-congress/house-bill/3590 | https://www.congress.gov/bill/108th-congress/house-bill/2,,yes
597,Scorecard · TAX_MOVES,src/lib/scorecard.ts,statistic,TAX_MOVES: https://www.congress.gov/bill/111th-congress/house-bill/3590,TAX_MOVES,,https://www.jct.gov/publications/2017/jcx-67-17/ | https://www.congress.gov/bill/111th-congress/house-bill/3590,,yes
598,Scorecard · TAX_MOVES,src/lib/scorecard.ts,statistic,TAX_MOVES: https://www.jct.gov/publications/2017/jcx-67-17/,TAX_MOVES,,https://www.congress.gov/bill/117th-congress/house-bill/5376 | https://www.jct.gov/publications/2017/jcx-67-17/,,yes
599,Scorecard · TAX_MOVES,src/lib/scorecard.ts,statistic,TAX_MOVES: https://www.congress.gov/bill/117th-congress/house-bill/5376,TAX_MOVES,,https://www.congress.gov/bill/117th-congress/house-bill/5376,,yes
600,Scorecard · HEARING_ABSENCE,src/lib/scorecard.ts,statistic,"HEARING_ABSENCE: July 15, 2026. Homeland Security. Exposing Fraud in America. Chairman Paul and Ranking Member Peters both posted opening statements. Neither statement says the Democratic chairs were empty. Posts and a witness video say they were. The written record does not yet. The webcast on the committee page is the check.",HEARING_ABSENCE,,https://www.hsgac.senate.gov/hearings/exposing-fraud-in-america/,,yes
601,Scorecard · RECORD,src/lib/scorecard.ts,statistic,RECORD: Added about $10.96 trillion on those watches since 1995. Last surplus: late 1990s.,RECORD,,https://www.congress.gov/bill/104th-congress/house-bill/3734,,yes
602,Scorecard · RECORD,src/lib/scorecard.ts,statistic,RECORD: https://www.congress.gov/bill/104th-congress/house-bill/3734,RECORD,,https://www.congress.gov/bill/105th-congress/house-bill/2014 | https://www.congress.gov/bill/104th-congress/house-bill/3734,,yes
603,Scorecard · RECORD,src/lib/scorecard.ts,statistic,RECORD: https://www.congress.gov/bill/105th-congress/house-bill/2014,RECORD,,https://www.congress.gov/bill/107th-congress/house-bill/1836 | https://www.congress.gov/bill/105th-congress/house-bill/2014,,yes
604,Scorecard · RECORD,src/lib/scorecard.ts,statistic,RECORD: https://www.congress.gov/bill/107th-congress/house-bill/1836,RECORD,,https://www.congress.gov/bill/108th-congress/house-bill/2 | https://www.congress.gov/bill/107th-congress/house-bill/1836,,yes
605,Scorecard · RECORD,src/lib/scorecard.ts,statistic,RECORD: https://www.congress.gov/bill/108th-congress/house-bill/2,RECORD,,https://www.congress.gov/bill/115th-congress/house-bill/1 | https://www.congress.gov/bill/108th-congress/house-bill/2,,yes
606,Scorecard · RECORD,src/lib/scorecard.ts,statistic,RECORD: https://www.congress.gov/bill/115th-congress/house-bill/1,RECORD,,https://www.congress.gov/bill/107th-congress/house-joint-resolution/114 | https://www.congress.gov/bill/115th-congress/house-bill/1,,yes
607,Scorecard · RECORD,src/lib/scorecard.ts,statistic,RECORD: https://www.congress.gov/bill/107th-congress/house-joint-resolution/114,RECORD,,https://www.congress.gov/bill/108th-congress/house-bill/1 | https://www.congress.gov/bill/107th-congress/house-joint-resolution/114,,yes
608,Scorecard · RECORD,src/lib/scorecard.ts,statistic,RECORD: https://www.congress.gov/bill/108th-congress/house-bill/1,RECORD,,https://fiscaldata.treasury.gov/datasets/historical-debt-outstanding/ | https://www.congress.gov/bill/108th-congress/house-bill/1,,yes
609,Scorecard · RECORD,src/lib/scorecard.ts,statistic,"RECORD: Republican majority 2015–17, Obama still in the Oval. Debt still climbed. They did not close October 1.",RECORD,,https://fiscaldata.treasury.gov/datasets/historical-debt-outstanding/,,yes
610,Scorecard · RECORD,src/lib/scorecard.ts,statistic,RECORD: https://www.congress.gov/bill/93rd-congress/house-bill/7130,RECORD,,https://www.congress.gov/bill/93rd-congress/house-bill/7130,,yes
611,Scorecard · RECORD,src/lib/scorecard.ts,statistic,RECORD: Added about $9.59 trillion on those watches since 1993. TARP. Stimulus. 9.1% prices in 2022.,RECORD,,https://www.congress.gov/bill/103rd-congress/house-bill/2264,,yes
612,Scorecard · RECORD,src/lib/scorecard.ts,statistic,RECORD: https://www.congress.gov/bill/103rd-congress/house-bill/2264,RECORD,,https://www.congress.gov/bill/111th-congress/senate-bill/181 | https://www.congress.gov/bill/103rd-congress/house-bill/2264,,yes
613,Scorecard · RECORD,src/lib/scorecard.ts,statistic,RECORD: Lilly Ledbetter Fair Pay Act — first bill of the 111th Congress.,RECORD,,https://www.congress.gov/bill/111th-congress/senate-bill/181,,yes
614,Scorecard · RECORD,src/lib/scorecard.ts,statistic,RECORD: https://www.congress.gov/bill/111th-congress/senate-bill/181,RECORD,,https://www.congress.gov/bill/111th-congress/house-bill/2 | https://www.congress.gov/bill/111th-congress/senate-bill/181,,yes
615,Scorecard · RECORD,src/lib/scorecard.ts,statistic,RECORD: https://www.congress.gov/bill/111th-congress/house-bill/2,RECORD,,https://www.congress.gov/bill/111th-congress/house-bill/3590 | https://www.congress.gov/bill/111th-congress/house-bill/2,,yes
616,Scorecard · RECORD,src/lib/scorecard.ts,statistic,RECORD: https://www.congress.gov/bill/111th-congress/house-bill/3590,RECORD,,https://www.congress.gov/bill/111th-congress/house-bill/3590,,yes
617,Scorecard · RECORD,src/lib/scorecard.ts,statistic,"RECORD: September 23, 2026. Senate Judiciary hearing, Standing Up for Women in Sports. The minority called no witnesses. Chairman Grassley said the two Democratic witness seats were empty. Ranking Member Durbin gave an opening statement, then said he would not ask questions and would not treat the hearing as a responsible use of the committee. The committee page does not publish a roll of which other Democrats sat in the room, so a headcount from a post is not the record. A paycheck is not stopped for leaving a hearing. The hearing: https://www.judiciary.senate.gov/committee-activity/hearings/standing-up-for-women-in-sports-ensuring-opportunity-fairness-and-safety-for-female-athletes. Grassley’s opening: https://www.judiciary.senate.gov/press/rep/releases/grassley-opens-senate-judiciary-hearing-on-ensuring-safety-and-fairness-for-female-athletes.",RECORD,,https://www.durbin.senate.gov/newsroom/press-releases/durbin-denounces-judiciary-committee-republicans-hearing-on-transgender-athletes | https://www.judiciary.senate.gov/committee-activity/hearings/standing-up-for-women-in-sports-ensuring-opportunity-fairness-and-safety-for-female-athletes. | https://www.judiciary.senate.gov/press/rep/releases/grassley-opens-senate-judiciary-hearing-on-ensuring-safety-and-fairness-for-female-athletes.,,yes
618,Scorecard · RECORD,src/lib/scorecard.ts,statistic,"RECORD: February 24, 2026. Joint session. The President asked the chamber to stand if they agreed: the first duty of the American government is to protect American citizens, not illegal aliens. Republicans stood. Democrats stayed seated.",RECORD,,https://www.c-span.org/clip/joint-session-of-congress/user-clip-the-first-duty-of-the-american-government/5194380,,yes
619,Scorecard · RECORD,src/lib/scorecard.ts,statistic,RECORD: https://www.c-span.org/clip/joint-session-of-congress/user-clip-the-first-duty-of-the-american-government/5194380,RECORD,,https://time.com/4486502/hillary-clinton-basket-of-deplorables-transcript/ | https://www.c-span.org/clip/joint-session-of-congress/user-clip-the-first-duty-of-the-american-government/5194380,,yes
620,Scorecard · RECORD,src/lib/scorecard.ts,statistic,"RECORD: They named the voter Nazi, pedophile, deplorable, garbage — then ran a Senate nominee with a Totenkopf on his chest and a House nominee who testified for Omar Abdel Rahman, 93 Cr. 181 (S.D.N.Y.). They did not police their own.",RECORD,,https://time.com/4486502/hillary-clinton-basket-of-deplorables-transcript/,,yes
621,Scorecard · RECORD,src/lib/scorecard.ts,statistic,RECORD: https://time.com/4486502/hillary-clinton-basket-of-deplorables-transcript/,RECORD,,https://www.whitehouse.gov/fact-sheets/2026/01/fact-sheet-president-donald-j-trump-establishes-new-department-of-justice-division-for-national-fraud-enforcement/ | https://time.com/4486502/hillary-clinton-basket-of-deplorables-transcript/,,yes
622,Scorecard · RECORD,src/lib/scorecard.ts,statistic,RECORD: https://www.whitehouse.gov/fact-sheets/2026/01/fact-sheet-president-donald-j-trump-establishes-new-department-of-justice-division-for-national-fraud-enforcement/,RECORD,,https://www.whitehouse.gov/fact-sheets/2026/01/fact-sheet-president-donald-j-trump-establishes-new-department-of-justice-division-for-national-fraud-enforcement/,,yes
623,Scorecard · RECORD,src/lib/scorecard.ts,statistic,"RECORD: Peaceable assembly is the right. Doxxing an ICE officer, assaulting him, and smashing the building is not. 18 U.S.C. § 111, § 119, § 1361. DHS: 275 assaults on ICE officers Jan. 20–Dec. 31, 2025, against 19 in the same stretch of 2024. 66 vehicular attacks against 2. Prairieland Detention Center, July 4, 2025: DOJ sentenced an Antifa cell for attacking the facility. Minnesota: 15 indicted for assaulting federal officers and destroying government property. Sanctuary rhetoric is not a defense.",RECORD,,https://www.dhs.gov/news/2026/01/08/radical-rhetoric-sanctuary-politicians-leads-unprecedented-1300-increase-assaults,,yes
624,Scorecard · RECORD,src/lib/scorecard.ts,statistic,RECORD: https://www.dhs.gov/news/2026/01/08/radical-rhetoric-sanctuary-politicians-leads-unprecedented-1300-increase-assaults,RECORD,,https://www.cbp.gov/newsroom/stats/nationwide-encounters | https://www.dhs.gov/news/2026/01/08/radical-rhetoric-sanctuary-politicians-leads-unprecedented-1300-increase-assaults,,yes
625,Scorecard · RECORD,src/lib/scorecard.ts,statistic,"RECORD: They opened the border. 10.83 million nationwide encounters, FY2021–24. Americans paid the hotels, the ER wait, and the morgue.",RECORD,,https://www.cbp.gov/newsroom/stats/nationwide-encounters,,yes
626,Scorecard · RECORD,src/lib/scorecard.ts,statistic,"RECORD: Fentanyl deaths peaked at 73,944 in 2022. The poison used a door they held open.",RECORD,,https://www.cdc.gov/nchs/blog/posts/2026/03/most-common-drugs-in-u-s-overdose-deaths-2017-2023.html,,yes
627,Scorecard · RECORD,src/lib/scorecard.ts,statistic,RECORD: https://www.cdc.gov/nchs/blog/posts/2026/03/most-common-drugs-in-u-s-overdose-deaths-2017-2023.html,RECORD,,https://www.ice.gov/doclib/eoy/iceAnnualReportFY2024.pdf | https://www.cdc.gov/nchs/blog/posts/2026/03/most-common-drugs-in-u-s-overdose-deaths-2017-2023.html,,yes
628,Scorecard · RECORD,src/lib/scorecard.ts,statistic,"RECORD: ICE FY2024: 2,894 homicide charges or convictions on the criminal noncitizens ERO arrested. Sexual assault and sex offenses: 18,579. Damage to property: 5,001. Those people were on American streets.",RECORD,,https://www.ice.gov/doclib/eoy/iceAnnualReportFY2024.pdf,,yes
629,Scorecard · RECORD,src/lib/scorecard.ts,statistic,RECORD: https://www.ice.gov/doclib/eoy/iceAnnualReportFY2024.pdf,RECORD,,https://www.cbo.gov/publication/60805 | https://www.ice.gov/doclib/eoy/iceAnnualReportFY2024.pdf,,yes
630,Scorecard · RECORD,src/lib/scorecard.ts,statistic,RECORD: Hospitals. EMTALA forces the ER. Emergency Medicaid: $16.2 billion in the Biden years. The American who paid the premiums waits.,RECORD,,https://www.cbo.gov/publication/60805,,yes
631,Scorecard · RECORD,src/lib/scorecard.ts,statistic,RECORD: https://www.cbo.gov/publication/60805,RECORD,,https://www.oig.dhs.gov/sites/default/files/assets/2026-04/OIG-26-04-Apr26.pdf | https://www.cbo.gov/publication/60805,,yes
632,Scorecard · RECORD,src/lib/scorecard.ts,statistic,RECORD: FEMA put Americans on Immediate Needs Funding. The same agency awarded $1.4 billion for aliens. The Inspector General questioned $425 million of that pile.,RECORD,,https://www.oig.dhs.gov/sites/default/files/assets/2026-04/OIG-26-04-Apr26.pdf,,yes
633,Scorecard · RECORD,src/lib/scorecard.ts,statistic,RECORD: https://www.oig.dhs.gov/sites/default/files/assets/2026-04/OIG-26-04-Apr26.pdf,RECORD,,https://homeland.house.gov/wp-content/uploads/2024/10/2024-10-11-Green-et-al-to-Mayorkas-DHS-re-FEMA-Funding-Priorities.pdf | https://www.oig.dhs.gov/sites/default/files/assets/2026-04/OIG-26-04-Apr26.pdf,,yes
634,Scorecard · RECORD,src/lib/scorecard.ts,statistic,RECORD: https://homeland.house.gov/wp-content/uploads/2024/10/2024-10-11-Green-et-al-to-Mayorkas-DHS-re-FEMA-Funding-Priorities.pdf,RECORD,,https://www.gao.gov/products/gao-25-106862 | https://homeland.house.gov/wp-content/uploads/2024/10/2024-10-11-Green-et-al-to-Mayorkas-DHS-re-FEMA-Funding-Priorities.pdf,,yes
635,Scorecard · RECORD,src/lib/scorecard.ts,statistic,"RECORD: Maui fire. More than 100 dead. Nearly 10,000 displaced. FEMA Individual Assistance after a year: $56.1 million to 7,141 people. Temporary housing still running into 2027. The same agency awarded $1.4 billion for aliens — hotels, clothes, phones. The people who paid the tax waited.",RECORD,,https://www.gao.gov/products/gao-25-106862,,yes
636,Scorecard · RECORD,src/lib/scorecard.ts,statistic,RECORD: https://www.gao.gov/products/gao-25-106862,RECORD,,https://www.dhs.gov/news/2026/02/24/making-america-safe-again-state-dhs-under-president-trump-and-secretary-noem | https://www.gao.gov/products/gao-25-106862,,yes
637,Scorecard · RECORD,src/lib/scorecard.ts,statistic,"RECORD: DHS: more than 450,000 unaccompanied children in the prior file. A later search found 145,000. The rest is a missing-persons file.",RECORD,,https://www.dhs.gov/news/2026/02/24/making-america-safe-again-state-dhs-under-president-trump-and-secretary-noem,,yes
638,Scorecard · RECORD,src/lib/scorecard.ts,statistic,RECORD: https://www.dhs.gov/news/2026/02/24/making-america-safe-again-state-dhs-under-president-trump-and-secretary-noem,RECORD,,https://www.dhs.gov/news/2026/02/24/making-america-safe-again-state-dhs-under-president-trump-and-secretary-noem,,yes
639,Scorecard · RECORD,src/lib/scorecard.ts,statistic,"RECORD: Social Security is overstrained. The 2026 Trustees Report: the retirement fund (OASI) is depleted in the fourth quarter of 2032. After that, 78 percent of the scheduled check. Combined OASDI: third quarter of 2034, then 83 percent. People who paid in their whole lives do not get the benefit they were promised. Congress spent the surplus. Parole into a Social Security number put extra load on a fund already going dry.",RECORD,,https://www.ssa.gov/oact/trsum/,,yes
640,Scorecard · RECORD,src/lib/scorecard.ts,statistic,RECORD: SSI to qualified aliens — $715 average a month,RECORD,,https://www.ssa.gov/policy/docs/statcomps/ssi_asr/,,yes
641,Scorecard · RECORD,src/lib/scorecard.ts,statistic,RECORD: SNAP — $190 a person a month,RECORD,,https://www.fns.usda.gov/pd/supplemental-nutrition-assistance-program-snap,,yes
642,Scorecard · RECORD,src/lib/scorecard.ts,statistic,RECORD: Medicaid — about $771 a month per full-benefit enrollee,RECORD,,https://www.macpac.gov/publication/medicaid-benefit-spending-per-full-year-equivalent-fye-enrollee-by-state-and-eligibility-group/,,yes
643,Scorecard · RECORD,src/lib/scorecard.ts,statistic,RECORD: Housing help — about $917 a month,RECORD,,https://www.huduser.gov/portal/datasets/assthsg.html,,yes
644,Scorecard · RECORD,src/lib/scorecard.ts,statistic,"RECORD: Congress funds the nonprofit pipe and does not require the names. 26 U.S.C. § 6104: for most 501(c) groups, donor names are redacted from the public Form 990. Taxpayer grants still go out on USASpending. America pays for its own opposition and cannot see who else paid.",RECORD,,https://www.law.cornell.edu/uscode/text/26/6104,,yes
645,Scorecard · RECORD,src/lib/scorecard.ts,statistic,RECORD: https://www.law.cornell.edu/uscode/text/26/6104,RECORD,,https://www.fec.gov/data/receipts/individual-contributions/?contributor_name=SOROS%2C%20GEORGE | https://www.law.cornell.edu/uscode/text/26/6104,,yes
646,Scorecard · RECORD,src/lib/scorecard.ts,statistic,"RECORD: Prosecutor races. Independent-expenditure and 527 filings name large donors, including George Soros, to committees that back district attorneys who then publish non-prosecution policies. The PAC is public. The 501(c)(4) that feeds it is not. Crime is the American who lives in that county.",RECORD,,https://www.fec.gov/data/receipts/individual-contributions/?contributor_name=SOROS%2C%20GEORGE,,yes
647,Scorecard · RECORD,src/lib/scorecard.ts,statistic,RECORD: https://www.fec.gov/data/receipts/individual-contributions/?contributor_name=SOROS%2C%20GEORGE,RECORD,,https://www.law.cornell.edu/uscode/text/52/20507 | https://www.fec.gov/data/receipts/individual-contributions/?contributor_name=SOROS%2C%20GEORGE,,yes
648,Scorecard · RECORD,src/lib/scorecard.ts,statistic,RECORD: Secretaries of state. 52 U.S.C. § 20507 and HAVA § 21083 already require a reasonable effort to take the dead and the moved off the roll. Congress never tied election grants to a clean list. A refusal to purge is a refusal of the statute they swore.,RECORD,,https://www.law.cornell.edu/uscode/text/52/20507,,yes
649,Scorecard · RECORD,src/lib/scorecard.ts,statistic,RECORD: https://www.law.cornell.edu/uscode/text/52/20507,RECORD,,https://www.cms.gov/medicare/payment/medicare-part-b | https://www.law.cornell.edu/uscode/text/52/20507,,yes
650,Scorecard · RECORD,src/lib/scorecard.ts,statistic,RECORD: The worker waits for a doctor. Medicare pays too little. Part B still takes $202.90.,RECORD,,https://www.cms.gov/medicare/payment/medicare-part-b,,yes
651,Scorecard · RECORD,src/lib/scorecard.ts,statistic,RECORD: https://www.congress.gov/bill/110th-congress/house-bill/1424,RECORD,,https://www.congress.gov/bill/111th-congress/house-bill/1 | https://www.congress.gov/bill/110th-congress/house-bill/1424,,yes
652,Scorecard · RECORD,src/lib/scorecard.ts,statistic,RECORD: https://www.congress.gov/bill/111th-congress/house-bill/1,RECORD,,https://www.congress.gov/bill/111th-congress/house-bill/3590 | https://www.congress.gov/bill/111th-congress/house-bill/1,,yes
653,Scorecard · RECORD,src/lib/scorecard.ts,statistic,"RECORD: DACA, June 15, 2012. A memo. Not a statute. Congress did not pass it.",RECORD,,https://www.uscis.gov/humanitarian/consideration-of-deferred-action-for-childhood-arrivals-daca,,yes
654,Scorecard · RECORD,src/lib/scorecard.ts,statistic,"RECORD: Obama’s two terms, southwest Border Patrol: 3.31 million apprehensions, FY2009–16.",RECORD,,https://www.cbp.gov/document/stats/us-border-patrol-fiscal-year-southwest-border-sector-apprehensions-fy-1960-fy-2019,,yes
655,Scorecard · RECORD,src/lib/scorecard.ts,statistic,RECORD: https://www.cbp.gov/document/stats/us-border-patrol-fiscal-year-southwest-border-sector-apprehensions-fy-1960-fy-2019,RECORD,,https://www.bls.gov/news.release/archives/cpi_10192011.htm | https://www.cbp.gov/document/stats/us-border-patrol-fiscal-year-southwest-border-sector-apprehensions-fy-1960-fy-2019,,yes
656,Scorecard · RECORD,src/lib/scorecard.ts,statistic,"RECORD: CPI 3.9%, September 2011. Obama Oval. Republican House. Split Congress. Still the grocery ticket.",RECORD,,https://www.bls.gov/news.release/archives/cpi_10192011.htm,,yes
657,Scorecard · RECORD,src/lib/scorecard.ts,statistic,RECORD: https://www.bls.gov/news.release/archives/cpi_10192011.htm,RECORD,,https://www.congress.gov/bill/117th-congress/house-bill/1319 | https://www.bls.gov/news.release/archives/cpi_10192011.htm,,yes
658,Scorecard · RECORD,src/lib/scorecard.ts,statistic,RECORD: https://www.congress.gov/bill/117th-congress/house-bill/1319,RECORD,,https://www.congress.gov/bill/117th-congress/house-bill/5376 | https://www.congress.gov/bill/117th-congress/house-bill/1319,,yes
659,Scorecard · RECORD,src/lib/scorecard.ts,statistic,RECORD: https://www.congress.gov/bill/117th-congress/house-bill/5376,RECORD,,https://www.bls.gov/news.release/archives/cpi_07132022.htm | https://www.congress.gov/bill/117th-congress/house-bill/5376,,yes
660,Scorecard · RECORD,src/lib/scorecard.ts,statistic,RECORD: Prices hit 9.1%. Groceries. Rent. Fuel.,RECORD,,https://www.bls.gov/news.release/archives/cpi_07132022.htm,,yes
661,Scorecard · RECORD,src/lib/scorecard.ts,statistic,RECORD: https://www.bls.gov/news.release/archives/cpi_07132022.htm,RECORD,,https://www.congress.gov/bill/93rd-congress/house-bill/7130 | https://www.bls.gov/news.release/archives/cpi_07132022.htm,,yes
662,Scorecard · RECORD,src/lib/scorecard.ts,statistic,RECORD: https://www.justice.gov/usao-dc/48-months-jan-6-attack-us-capitol,RECORD,,https://www.congress.gov/bill/117th-congress/house-resolution/503 | https://www.justice.gov/usao-dc/48-months-jan-6-attack-us-capitol,,yes
663,Scorecard · RECORD,src/lib/scorecard.ts,statistic,RECORD: https://www.congress.gov/bill/117th-congress/house-resolution/503,RECORD,,https://www.congress.gov/bill/116th-congress/house-resolution/755 | https://www.congress.gov/bill/117th-congress/house-resolution/503,,yes
664,Scorecard · RECORD,src/lib/scorecard.ts,statistic,RECORD: https://www.congress.gov/bill/116th-congress/house-resolution/755,RECORD,,https://www.dhs.gov/archive/news/2022/08/24/following-hsac-recommendation-dhs-terminates-disinformation-governance-board | https://www.congress.gov/bill/116th-congress/house-resolution/755,,yes
665,Scorecard · RECORD,src/lib/scorecard.ts,statistic,RECORD: https://www.dhs.gov/archive/news/2022/08/24/following-hsac-recommendation-dhs-terminates-disinformation-governance-board,RECORD,,https://www.dhs.gov/archive/news/2022/08/24/following-hsac-recommendation-dhs-terminates-disinformation-governance-board,,yes
666,Scorecard · DRIVERS,src/lib/scorecard.ts,statistic,"DRIVERS: These three, plus interest, are the biggest lines on the card. Social Security is not a nest egg. The 2026 Trustees Report: the retirement fund (OASI) is depleted in the fourth quarter of 2032. After that, 78 percent of the scheduled check. Combined OASDI: third quarter of 2034, then 83 percent. People who paid in their whole working lives may not get the benefit they were promised. The 2026 raise for the average retired worker is $56 a month — $2,015 to $2,071. SSA’s implied return for later cohorts is about 2% real. Markets historically paid 7–8%. Congress spent the surplus. The check is a transfer.",DRIVERS,,https://www.ssa.gov/oact/trsum/,,yes
667,Scorecard · DRIVERS,src/lib/scorecard.ts,statistic,"DRIVERS: SSI is paid from general revenue. Nobody ‘paid in.’ Illegal aliens cannot collect it while they are still illegal (8 U.S.C. § 1611). Congress left a door: parole, asylum, refugee. Cross, get a status, get an SSN, get SSI. SSA’s own spotlight lists those categories. About 310,000 noncitizens were on SSI in December 2025. That is the giveaway. Retirees fight over a $56 COLA on the other program.",DRIVERS,,https://www.ssa.gov/ssi/spotlights/spot-non-citizens.htm,,yes
668,Scorecard · DRIVERS,src/lib/scorecard.ts,statistic,DRIVERS: GAO: $233–521 billion a year in fraud and improper payments. COVID unemployment: $100–135 billion. They hold the purse. They got loud when the auditor turned on the light.,DRIVERS,,https://www.gao.gov/products/gao-25-107746,,yes
669,Scorecard · DRIVERS,src/lib/scorecard.ts,statistic,DRIVERS: https://www.gao.gov/products/gao-25-107746,DRIVERS,,https://www.congress.gov/bill/93rd-congress/house-bill/7130 | https://www.gao.gov/products/gao-25-107746,,yes
670,Scorecard · DRIVERS,src/lib/scorecard.ts,statistic,DRIVERS: https://www.congress.gov/bill/93rd-congress/house-bill/7130,DRIVERS,,https://www.congress.gov/bill/93rd-congress/house-bill/7130,,yes
671,Scorecard · DRIVERS,src/lib/scorecard.ts,statistic,DRIVERS: The nonprofit pipe. Dark on the 990. Named on the PAC.,DRIVERS,,,,yes
672,Scorecard · DRIVERS,src/lib/scorecard.ts,statistic,DRIVERS: Taxpayer money leaves as a grant. A private nonprofit cashes it. 26 U.S.C. § 6104 lets most 501(c) groups keep donor names off the public Form 990. 527s and FEC committees do list large donors — including George Soros on prosecutor-race filings. The 501(c)(4) feeder does not. No charging document says a named donor paid a rioter to set a fire. The cities still burned in 2020. Tax-exempt groups still ran bail and protest infrastructure. Congress still does not require the names or an itemized street ledger. Secretaries of state still sit on dirty rolls while 52 U.S.C. § 20507 already requires a reasonable purge. America is funding a pipe it cannot see.,DRIVERS,,https://www.law.cornell.edu/uscode/text/26/6104,,yes
673,Scorecard · DRIVERS,src/lib/scorecard.ts,statistic,DRIVERS: https://www.law.cornell.edu/uscode/text/26/6104,DRIVERS,,https://www.law.cornell.edu/uscode/text/26/6104,,yes
674,Scorecard · DEBT_WHY,src/lib/scorecard.ts,statistic,DEBT_WHY: No oversight. A $40 trillion card. Full-time pay for a part-time floor.,DEBT_WHY,,,,yes
675,Scorecard · DEBT_WHY,src/lib/scorecard.ts,statistic,"DEBT_WHY: CBO’s long-term outlook: the meter is Medicare, Medicaid, Social Security, and net interest. Wars and tax bills are real. They are not the largest line. Both parties voted the expansions. Neither locked the door. Neither passes twelve appropriations by October 1. GAO: $233–521 billion a year in fraud and improper payments. The same Congress votes grants to private nonprofits and does not require the public 990 to name the donors. That is what a part-time schedule does to a country of more than 300 million people. Lack of oversight is how fraud became a line on a $40.09 trillion card, and how America funds a political pipe it cannot see.",DEBT_WHY,,https://www.gao.gov/products/gao-25-107746,,yes
676,Scorecard · DEBT_WHY,src/lib/scorecard.ts,statistic,DEBT_WHY: https://www.gao.gov/products/gao-25-107746,DEBT_WHY,,https://www.gao.gov/products/gao-25-107746,,yes
677,Scorecard · ALIENS,src/lib/scorecard.ts,statistic,"ALIENS: 10.83 million nationwide encounters, FY2021–24. Democrats held the Oval. They held majority control of the House and the Senate 2021–23. They ended Remain in Mexico. They ended Title 42. They ran parole — Cubans, Haitians, Nicaraguans, Venezuelans, and the rest — that turned a crossing into a status, a status into a Social Security number, and a number into a check. 8 U.S.C. § 1611 already barred most federal benefits for aliens who are not qualified. They built the exception. That is how an invasion becomes a welfare line.",ALIENS,,https://www.cbp.gov/newsroom/stats/nationwide-encounters,,yes
678,Scorecard · ALIENS,src/lib/scorecard.ts,statistic,ALIENS: $16.2 billion,ALIENS,,https://www.cbo.gov/publication/60805,,yes
679,Scorecard · ALIENS,src/lib/scorecard.ts,statistic,ALIENS: https://www.cbo.gov/publication/60805,ALIENS,,https://www.cbo.gov/publication/61256 | https://www.cbo.gov/publication/60805,,yes
680,Scorecard · ALIENS,src/lib/scorecard.ts,statistic,"ALIENS: CBO — states and cities, 2023, net",ALIENS,,https://www.cbo.gov/publication/61256,,yes
681,Scorecard · ALIENS,src/lib/scorecard.ts,statistic,ALIENS: $9.2 billion,ALIENS,,https://www.cbo.gov/publication/61256,,yes
682,Scorecard · ALIENS,src/lib/scorecard.ts,statistic,ALIENS: https://www.cbo.gov/publication/61256,ALIENS,,https://comptroller.nyc.gov/services/for-the-public/accounting-for-asylum-seeker-services/fiscal-impacts | https://www.cbo.gov/publication/61256,,yes
683,Scorecard · ALIENS,src/lib/scorecard.ts,statistic,ALIENS: NYC shelter actuals FY2023–25,ALIENS,,https://comptroller.nyc.gov/services/for-the-public/accounting-for-asylum-seeker-services/fiscal-impacts,,yes
684,Scorecard · ALIENS,src/lib/scorecard.ts,statistic,ALIENS: $8.13 billion,ALIENS,,https://comptroller.nyc.gov/services/for-the-public/accounting-for-asylum-seeker-services/fiscal-impacts,,yes
685,Scorecard · ALIENS,src/lib/scorecard.ts,statistic,"ALIENS: About 310,000, Dec. 2025",ALIENS,,https://www.ssa.gov/ssi/spotlights/spot-non-citizens.htm,,yes
686,Scorecard · ALIENS,src/lib/scorecard.ts,statistic,ALIENS: 8 U.S.C. § 1611,ALIENS,,https://www.law.cornell.edu/uscode/text/8/1611,,yes
687,Scorecard · ALIENS,src/lib/scorecard.ts,statistic,ALIENS: https://www.law.cornell.edu/uscode/text/8/1611,ALIENS,,https://www.law.cornell.edu/uscode/text/8/1641 | https://www.law.cornell.edu/uscode/text/8/1611,,yes
688,Scorecard · ALIENS,src/lib/scorecard.ts,statistic,ALIENS: 8 U.S.C. § 1641,ALIENS,,https://www.law.cornell.edu/uscode/text/8/1641,,yes
689,Scorecard · ALIENS,src/lib/scorecard.ts,statistic,ALIENS: https://www.law.cornell.edu/uscode/text/8/1641,ALIENS,,https://www.law.cornell.edu/uscode/text/8/1641,,yes
690,Scorecard · FUNNEL,src/lib/scorecard.ts,statistic,FUNNEL: Tax money leaves as an appropriation. An agency writes a grant. A private nonprofit cashes it. The public 990 does not have to name the other donors.,FUNNEL,,,,yes
691,Scorecard · FUNNEL,src/lib/scorecard.ts,statistic,"FUNNEL: The money does not leave the Treasury as a check to a party. It leaves as an appropriation. Congress votes it. An agency writes a grant. A private nonprofit cashes it. In fiscal 2023 the United States disbursed about $71.9 billion in foreign aid. The U.S. Agency for International Development moved about $43.8 billion of that. The Federal Emergency Management Agency awarded nearly $1.4 billion in fiscal 2023–24 through shelter programs to states, cities, and nonprofits. The Inspector General could not ensure the money was used as the law required. Congress funds the National Endowment for Democracy at $315 million. That is taxpayer money into party-aligned shops. Federal grant money is not supposed to buy a campaign (2 CFR 200.450). Separate from the grant is the 501(c)(4). 26 U.S.C. § 6104: for most tax-exempt groups, contributor names are redacted from the public Form 990. The IRS has the names. The country does not. 527s and FEC committees do list large donors — including George Soros on prosecutor-race filings. The PAC is public. The 501(c)(4) feeder is not. No charging document says a named donor paid a rioter to set a fire. 2020 still burned. Tax-exempt groups still ran bail and protest infrastructure. Congress still does not require the names or an itemized street ledger. Secretaries of state still sit on dirty rolls while 52 U.S.C. § 20507 already requires a reasonable effort to take the dead and the moved off the list. America is funding a pipe it cannot see. ",FUNNEL,,https://www.foreignassistance.gov/,,yes
692,Scorecard · FUNNEL,src/lib/scorecard.ts,statistic,FUNNEL: $43.8 billion of $71.9 billion,FUNNEL,,https://www.usaspending.gov/agency/agency-for-international-development,,yes
693,Scorecard · FUNNEL,src/lib/scorecard.ts,statistic,"FUNNEL: Foreign aid, fiscal 2023. The Inspector General audited $25.9 billion.",FUNNEL,,https://www.usaspending.gov/agency/agency-for-international-development,,yes
694,Scorecard · FUNNEL,src/lib/scorecard.ts,statistic,FUNNEL: $1.4 billion,FUNNEL,,https://www.oig.dhs.gov/sites/default/files/assets/2026-04/OIG-26-04-Apr26.pdf,,yes
695,Scorecard · FUNNEL,src/lib/scorecard.ts,statistic,"FUNNEL: Shelter programs, fiscal 2023–24. Inspector General: cannot ensure the law was followed.",FUNNEL,,https://www.oig.dhs.gov/sites/default/files/assets/2026-04/OIG-26-04-Apr26.pdf,,yes
696,Scorecard · FUNNEL,src/lib/scorecard.ts,statistic,FUNNEL: https://www.oig.dhs.gov/sites/default/files/assets/2026-04/OIG-26-04-Apr26.pdf,FUNNEL,,https://www.law.cornell.edu/uscode/text/22/4411 | https://www.oig.dhs.gov/sites/default/files/assets/2026-04/OIG-26-04-Apr26.pdf,,yes
697,Scorecard · FUNNEL,src/lib/scorecard.ts,statistic,FUNNEL: $315 million,FUNNEL,,https://www.law.cornell.edu/uscode/text/22/4411,,yes
698,Scorecard · FUNNEL,src/lib/scorecard.ts,statistic,FUNNEL: Fiscal 2024. Grants to the National Democratic Institute and the International Republican Institute.,FUNNEL,,https://www.law.cornell.edu/uscode/text/22/4411,,yes
699,Scorecard · FUNNEL,src/lib/scorecard.ts,statistic,FUNNEL: https://www.law.cornell.edu/uscode/text/22/4411,FUNNEL,,https://www.law.cornell.edu/uscode/text/26/6104 | https://www.law.cornell.edu/uscode/text/22/4411,,yes
700,Scorecard · FUNNEL,src/lib/scorecard.ts,statistic,FUNNEL: Public 990 — donor names redacted,FUNNEL,,https://www.law.cornell.edu/uscode/text/26/6104,,yes
701,Scorecard · FUNNEL,src/lib/scorecard.ts,statistic,FUNNEL: 26 U.S.C. § 6104,FUNNEL,,https://www.law.cornell.edu/uscode/text/26/6104,,yes
702,Scorecard · FUNNEL,src/lib/scorecard.ts,statistic,FUNNEL: Most 501(c) groups. The IRS has the Schedule B. The public copy does not. That is the dark.,FUNNEL,,https://www.law.cornell.edu/uscode/text/26/6104,,yes
703,Scorecard · FUNNEL,src/lib/scorecard.ts,statistic,FUNNEL: https://www.law.cornell.edu/uscode/text/26/6104,FUNNEL,,https://www.fec.gov/data/receipts/individual-contributions/?contributor_name=SOROS%2C%20GEORGE | https://www.law.cornell.edu/uscode/text/26/6104,,yes
704,Scorecard · FUNNEL,src/lib/scorecard.ts,statistic,FUNNEL: FEC · IRS 527,FUNNEL,,https://www.fec.gov/data/receipts/individual-contributions/?contributor_name=SOROS%2C%20GEORGE,,yes
705,Scorecard · FUNNEL,src/lib/scorecard.ts,statistic,"FUNNEL: Large donors, including George Soros, appear on disclosed committees that back district attorneys. The 501(c)(4) feeder does not have to name them.",FUNNEL,,https://www.fec.gov/data/receipts/individual-contributions/?contributor_name=SOROS%2C%20GEORGE,,yes
706,Scorecard · FUNNEL,src/lib/scorecard.ts,statistic,FUNNEL: https://www.fec.gov/data/receipts/individual-contributions/?contributor_name=SOROS%2C%20GEORGE,FUNNEL,,https://www.law.cornell.edu/uscode/text/52/20507 | https://www.fec.gov/data/receipts/individual-contributions/?contributor_name=SOROS%2C%20GEORGE,,yes
707,Scorecard · FUNNEL,src/lib/scorecard.ts,statistic,FUNNEL: 52 U.S.C. § 20507,FUNNEL,,https://www.law.cornell.edu/uscode/text/52/20507,,yes
708,Scorecard · FUNNEL,src/lib/scorecard.ts,statistic,FUNNEL: A reasonable effort to remove the dead and the moved. HAVA § 21083. Congress never tied the election grant to a clean list.,FUNNEL,,https://www.law.cornell.edu/uscode/text/52/20507,,yes
709,Scorecard · FUNNEL,src/lib/scorecard.ts,statistic,FUNNEL: https://www.law.cornell.edu/uscode/text/52/20507,FUNNEL,,https://www.law.cornell.edu/uscode/text/52/20507,,yes
710,Scorecard · ROLL_1964,src/lib/scorecard.ts,statistic,ROLL_1964: https://www.congress.gov/bill/88th-congress/house-bill/7152,ROLL_1964,,https://www.congress.gov/bill/88th-congress/house-bill/7152,,yes
711,Scorecard · ROLL_1964,src/lib/scorecard.ts,statistic,ROLL_1964: 1964 civil rights law — how they voted,ROLL_1964,,,,yes
712,Scorecard · ROLL_1964,src/lib/scorecard.ts,statistic,ROLL_1964: 8 in 10 said yes  ·  138 to 34,ROLL_1964,,,,yes
713,Scorecard · ROLL_1964,src/lib/scorecard.ts,statistic,ROLL_1964: 6 in 10 said yes  ·  152 to 96  ·  96 Democrats voted no,ROLL_1964,,,,yes
714,Scorecard · ROLL_1964,src/lib/scorecard.ts,statistic,"ROLL_1964.pct=80 :: …. Not a Republican trophy. The roll call."", rows: [ { who: ""Republicans"", line: ""8 in 10 said yes · 138 to 34"", pct: 80 }, { who: ""Democrats"", line: ""6 in 10 said yes · 152 to 96 · 96 Democrats voted no"", pct: 61 }, ], }…",ROLL_1964,,,,yes
715,Scorecard · ROLL_1964,src/lib/scorecard.ts,statistic,"ROLL_1964.pct=61 :: …es · 138 to 34"", pct: 80 }, { who: ""Democrats"", line: ""6 in 10 said yes · 152 to 96 · 96 Democrats voted no"", pct: 61 }, ], }…",ROLL_1964,,,,yes
716,Scorecard · CHARTS,src/lib/scorecard.ts,statistic,CHARTS: https://www.sigar.mil/Portals/147/Files/Reports/Audits-and-Inspections/Performance-Audits/SIGAR-24-22-AR.pdf,CHARTS,,https://www.sigar.mil/Portals/147/Files/Reports/Audits-and-Inspections/Performance-Audits/SIGAR-25-16-AR.pdf | https://www.sigar.mil/Portals/147/Files/Reports/Audits-and-Inspections/Performance-Audits/SIGAR-24-22-AR.pdf,,yes
717,Scorecard · CHARTS,src/lib/scorecard.ts,statistic,CHARTS: https://www.sigar.mil/Portals/147/Files/Reports/Audits-and-Inspections/Performance-Audits/SIGAR-25-16-AR.pdf,CHARTS,,https://www.govinfo.gov/content/pkg/GOVPUB-S-PURL-gpo248012/pdf/GOVPUB-S-PURL-gpo248012.pdf | https://www.sigar.mil/Portals/147/Files/Reports/Audits-and-Inspections/Performance-Audits/SIGAR-25-16-AR.pdf,,yes
718,Scorecard · CHARTS,src/lib/scorecard.ts,statistic,CHARTS: SIGAR August 2025,CHARTS,,https://www.govinfo.gov/content/pkg/GOVPUB-S-PURL-gpo248012/pdf/GOVPUB-S-PURL-gpo248012.pdf,,yes
719,Scorecard · CHARTS,src/lib/scorecard.ts,statistic,CHARTS: https://www.govinfo.gov/content/pkg/GOVPUB-S-PURL-gpo248012/pdf/GOVPUB-S-PURL-gpo248012.pdf,CHARTS,,https://constitution.congress.gov/constitution/article-1/ | https://www.govinfo.gov/content/pkg/GOVPUB-S-PURL-gpo248012/pdf/GOVPUB-S-PURL-gpo248012.pdf,,yes
720,Scorecard · CHARTS,src/lib/scorecard.ts,statistic,CHARTS: 2 U.S.C. § 1601,CHARTS,,https://www.law.cornell.edu/uscode/text/2/1601,,yes
721,Scorecard · CHARTS,src/lib/scorecard.ts,statistic,CHARTS: https://www.law.cornell.edu/uscode/text/2/1601,CHARTS,,https://lda.senate.gov/system/public/ | https://www.law.cornell.edu/uscode/text/2/1601,,yes
722,Scorecard · CHARTS,src/lib/scorecard.ts,statistic,CHARTS: https://content.govdelivery.com/attachments/USDHSFEMA/2023/08/29/file_attachments/2597953/FEMA%20Advisory%20FEMA%20Announces%20Implementation%20of%20Immediate%20Needs%20Funding%2020230829.pdf,CHARTS,,https://www.oig.dhs.gov/sites/default/files/assets/2026-04/OIG-26-04-Apr26.pdf | https://content.govdelivery.com/attachments/USDHSFEMA/2023/08/29/file_attachments/2597953/FEMA%20Advisory%20FEMA%20Announces%20Implementation%20of%20Immediate%20Needs%20Funding%2020230829.pdf,,yes
723,Scorecard · CHARTS,src/lib/scorecard.ts,statistic,CHARTS: https://www.oig.dhs.gov/sites/default/files/assets/2026-04/OIG-26-04-Apr26.pdf,CHARTS,,https://homeland.house.gov/wp-content/uploads/2024/10/2024-10-11-Green-et-al-to-Mayorkas-DHS-re-FEMA-Funding-Priorities.pdf | https://www.oig.dhs.gov/sites/default/files/assets/2026-04/OIG-26-04-Apr26.pdf,,yes
724,Scorecard · CHARTS,src/lib/scorecard.ts,statistic,"CHARTS: House Homeland — Oct. 11, 2024",CHARTS,,https://homeland.house.gov/wp-content/uploads/2024/10/2024-10-11-Green-et-al-to-Mayorkas-DHS-re-FEMA-Funding-Priorities.pdf,,yes
725,Scorecard · CHARTS,src/lib/scorecard.ts,statistic,CHARTS: https://homeland.house.gov/wp-content/uploads/2024/10/2024-10-11-Green-et-al-to-Mayorkas-DHS-re-FEMA-Funding-Priorities.pdf,CHARTS,,https://www.gao.gov/products/gao-26-108154 | https://homeland.house.gov/wp-content/uploads/2024/10/2024-10-11-Green-et-al-to-Mayorkas-DHS-re-FEMA-Funding-Priorities.pdf,,yes
726,Scorecard · CHARTS,src/lib/scorecard.ts,statistic,CHARTS: https://www.gao.gov/products/gao-26-108154,CHARTS,,https://www.gao.gov/products/gao-25-106862 | https://www.gao.gov/products/gao-26-108154,,yes
727,Scorecard · CHARTS,src/lib/scorecard.ts,statistic,CHARTS: https://www.gao.gov/products/gao-25-106862,CHARTS,,https://www.fema.gov/sites/default/files/documents/fema_gpd_ssp-a-nofo_fy24.pdf | https://www.gao.gov/products/gao-25-106862,,yes
728,Scorecard · CHARTS,src/lib/scorecard.ts,statistic,CHARTS: https://www.fema.gov/sites/default/files/documents/fema_gpd_ssp-a-nofo_fy24.pdf,CHARTS,,https://www.ice.gov/doclib/eoy/iceAnnualReportFY2024.pdf | https://www.fema.gov/sites/default/files/documents/fema_gpd_ssp-a-nofo_fy24.pdf,,yes
729,Scorecard · CHARTS,src/lib/scorecard.ts,statistic,CHARTS: ICE FY2024 Annual Report,CHARTS,,https://www.ice.gov/doclib/eoy/iceAnnualReportFY2024.pdf,,yes
730,Scorecard · CHARTS,src/lib/scorecard.ts,statistic,CHARTS: https://www.ice.gov/doclib/eoy/iceAnnualReportFY2024.pdf,CHARTS,,https://comptroller.nyc.gov/services/for-the-public/accounting-for-asylum-seeker-services/fiscal-impacts | https://www.ice.gov/doclib/eoy/iceAnnualReportFY2024.pdf,,yes
731,Scorecard · CHARTS,src/lib/scorecard.ts,statistic,"CHARTS: 26 U.S.C. § 6104 — public 990, donor names redacted",CHARTS,,https://www.law.cornell.edu/uscode/text/26/6104,,yes
732,Scorecard · CHARTS,src/lib/scorecard.ts,statistic,CHARTS: https://www.law.cornell.edu/uscode/text/26/6104,CHARTS,,https://www.fec.gov/data/receipts/individual-contributions/?contributor_name=SOROS%2C%20GEORGE | https://www.law.cornell.edu/uscode/text/26/6104,,yes
733,Scorecard · CHARTS,src/lib/scorecard.ts,statistic,CHARTS: https://www.fec.gov/data/receipts/individual-contributions/?contributor_name=SOROS%2C%20GEORGE,CHARTS,,https://www.law.cornell.edu/uscode/text/52/20507 | https://www.fec.gov/data/receipts/individual-contributions/?contributor_name=SOROS%2C%20GEORGE,,yes
734,Scorecard · CHARTS,src/lib/scorecard.ts,statistic,CHARTS: 52 U.S.C. § 20507 — voter list maintenance,CHARTS,,https://www.law.cornell.edu/uscode/text/52/20507,,yes
735,Scorecard · CHARTS,src/lib/scorecard.ts,statistic,CHARTS: https://www.law.cornell.edu/uscode/text/52/20507,CHARTS,,https://www.law.cornell.edu/uscode/text/22/4411 | https://www.law.cornell.edu/uscode/text/52/20507,,yes
736,Scorecard · CHARTS,src/lib/scorecard.ts,statistic,CHARTS: 22 U.S.C. § 4411 — National Endowment for Democracy,CHARTS,,https://www.law.cornell.edu/uscode/text/22/4411,,yes
737,Scorecard · CHARTS,src/lib/scorecard.ts,statistic,CHARTS: https://www.law.cornell.edu/uscode/text/22/4411,CHARTS,,https://www.justice.gov/storage/durhamreport.pdf | https://www.law.cornell.edu/uscode/text/22/4411,,yes
738,Scorecard · CHARTS,src/lib/scorecard.ts,statistic,CHARTS: Congressional Record H.Res. 630,CHARTS,,https://www.congress.gov/congressional-record/volume-165/issue-163/house-section/article/H8153-5,,yes
739,Scorecard · CHARTS,src/lib/scorecard.ts,statistic,CHARTS: https://www.congress.gov/congressional-record/volume-165/issue-163/house-section/article/H8153-5,CHARTS,,https://constitution.congress.gov/constitution/article-2/ | https://www.congress.gov/congressional-record/volume-165/issue-163/house-section/article/H8153-5,,yes
740,Scorecard · CHARTS,src/lib/scorecard.ts,statistic,CHARTS: https://oig.justice.gov/reports/2019/o1912.pdf,CHARTS,,https://www.justice.gov/usao-dc/48-months-jan-6-attack-us-capitol | https://oig.justice.gov/reports/2019/o1912.pdf,,yes
741,Scorecard · CHARTS,src/lib/scorecard.ts,statistic,CHARTS: https://www.justice.gov/usao-dc/48-months-jan-6-attack-us-capitol,CHARTS,,https://www.justice.gov/storage/durhamreport.pdf | https://www.justice.gov/usao-dc/48-months-jan-6-attack-us-capitol,,yes
742,Scorecard · CHARTS,src/lib/scorecard.ts,statistic,CHARTS: https://www.supremecourt.gov/opinions/17pdf/17-965_h315.pdf,CHARTS,,https://www.justice.gov/usao-sdny/pr/manhattan-us-attorney-announces-narco-terrorism-charges-against-nicolas-maduro-current | https://www.supremecourt.gov/opinions/17pdf/17-965_h315.pdf,,yes
743,Scorecard · CHARTS,src/lib/scorecard.ts,statistic,"CHARTS: DOJ SDNY — Maduro charged, 26 March 2020",CHARTS,,https://www.justice.gov/usao-sdny/pr/manhattan-us-attorney-announces-narco-terrorism-charges-against-nicolas-maduro-current,,yes
744,Scorecard · CHARTS,src/lib/scorecard.ts,statistic,CHARTS: 18 U.S.C. § 1201,CHARTS,,https://www.law.cornell.edu/uscode/text/18/1201,,yes
745,Scorecard · CHARTS,src/lib/scorecard.ts,statistic,CHARTS: https://www.law.cornell.edu/uscode/text/18/1201,CHARTS,,https://www.congress.gov/ | https://www.law.cornell.edu/uscode/text/18/1201,,yes
746,Scorecard · CHARTS,src/lib/scorecard.ts,statistic,CHARTS: 9.1% — June 2022,CHARTS,,https://www.bls.gov/news.release/archives/cpi_07132022.htm,,yes
747,Scorecard · CHARTS,src/lib/scorecard.ts,statistic,CHARTS: https://www.bls.gov/news.release/archives/cpi_07132022.htm,CHARTS,,https://www.bls.gov/news.release/cpi.nr0.htm | https://www.bls.gov/news.release/archives/cpi_07132022.htm,,yes
748,Scorecard · CHARTS,src/lib/scorecard.ts,statistic,"CHARTS: BLS live — August 2026, 3.4%",CHARTS,,https://www.bls.gov/news.release/cpi.nr0.htm,,yes
749,Scorecard · CHARTS,src/lib/scorecard.ts,statistic,CHARTS: CBO — 2023 state and local cost,CHARTS,,https://www.cbo.gov/publication/61256,,yes
750,Scorecard · CHARTS,src/lib/scorecard.ts,statistic,CHARTS: https://www.cbo.gov/publication/61256,CHARTS,,https://www.cbp.gov/newsroom/stats/nationwide-encounters | https://www.cbo.gov/publication/61256,,yes
751,Scorecard · CHARTS,src/lib/scorecard.ts,statistic,CHARTS: https://www.cbo.gov/publication/60805,CHARTS,,https://comptroller.nyc.gov/services/for-the-public/accounting-for-asylum-seeker-services/fiscal-impacts | https://www.cbo.gov/publication/60805,,yes
752,Scorecard · CHARTS,src/lib/scorecard.ts,statistic,CHARTS: https://www.cdc.gov/nchs/blog/posts/2026/03/most-common-drugs-in-u-s-overdose-deaths-2017-2023.html,CHARTS,,https://www.ice.gov/doclib/eoy/iceAnnualReportFY2024.pdf | https://www.cdc.gov/nchs/blog/posts/2026/03/most-common-drugs-in-u-s-overdose-deaths-2017-2023.html,,yes
753,Scorecard · CHARTS,src/lib/scorecard.ts,statistic,CHARTS: ICE FY2024,CHARTS,,https://www.ice.gov/doclib/eoy/iceAnnualReportFY2024.pdf,,yes
754,Scorecard · CHARTS,src/lib/scorecard.ts,statistic,CHARTS: FBI — violent crime 2025,CHARTS,,https://www.fbi.gov/news/stories/violent-crime-falls-at-historic-rate-new-fbi-data-show,,yes
755,Scorecard · CHARTS,src/lib/scorecard.ts,statistic,"CHARTS: BJS — Crime Known to Law Enforcement, 2024",CHARTS,,https://bjs.ojp.gov/document/ckle24.pdf,,yes
756,Scorecard · CHARTS,src/lib/scorecard.ts,statistic,CHARTS: The debt they added — $40.09 trillion,CHARTS,,https://fiscaldata.treasury.gov/datasets/debt-to-the-penny/,,yes
757,Scorecard · CHARTS,src/lib/scorecard.ts,statistic,CHARTS: CRS R48612,CHARTS,,https://www.congress.gov/crs-product/R48612,,yes
758,Scorecard · CHARTS,src/lib/scorecard.ts,statistic,CHARTS: https://www.congress.gov/crs-product/R48612,CHARTS,,https://www.cbo.gov/data/budget-economic-data | https://www.congress.gov/crs-product/R48612,,yes
759,Scorecard · CHARTS,src/lib/scorecard.ts,statistic,CHARTS: CBO — last surplus FY 2001,CHARTS,,https://www.cbo.gov/data/budget-economic-data,,yes
760,Scorecard · CHARTS,src/lib/scorecard.ts,statistic,CHARTS: 5 U.S.C. § 3331,CHARTS,,https://www.law.cornell.edu/uscode/text/5/3331,,yes
761,Scorecard · CHARTS,src/lib/scorecard.ts,statistic,CHARTS: https://www.law.cornell.edu/uscode/text/5/3331,CHARTS,,https://www.law.cornell.edu/uscode/text/2/1415 | https://www.law.cornell.edu/uscode/text/5/3331,,yes
762,Scorecard · CHARTS,src/lib/scorecard.ts,statistic,CHARTS: 2 U.S.C. § 1415,CHARTS,,https://www.law.cornell.edu/uscode/text/2/1415,,yes
763,Scorecard · CHARTS,src/lib/scorecard.ts,statistic,CHARTS: https://www.law.cornell.edu/uscode/text/2/1415,CHARTS,,https://www.cbo.gov/data/budget-economic-data | https://www.law.cornell.edu/uscode/text/2/1415,,yes
764,Scorecard · CHARTS,src/lib/scorecard.ts,statistic,CHARTS: 1964 civil rights law — the roll call,CHARTS,,https://www.congress.gov/bill/88th-congress/house-bill/7152,,yes
765,Scorecard · CHARTS,src/lib/scorecard.ts,statistic,"CHARTS: H.R. 7152, 88th Congress",CHARTS,,https://www.congress.gov/bill/88th-congress/house-bill/7152,,yes
766,Scorecard · CHARTS,src/lib/scorecard.ts,statistic,CHARTS: https://www.congress.gov/bill/88th-congress/house-bill/7152,CHARTS,,https://fiscaldata.treasury.gov/datasets/debt-to-the-penny/ | https://www.congress.gov/bill/88th-congress/house-bill/7152,,yes
767,Scorecard · CHARTS,src/lib/scorecard.ts,statistic,"CHARTS: The debt — no oversight, $40 trillion, full-time pay for part-time hours",CHARTS,,https://www.cbo.gov/topics/budget,,yes
768,Scorecard · CHARTS,src/lib/scorecard.ts,statistic,CHARTS: https://www.gao.gov/products/gao-25-107746,CHARTS,,https://www.cbp.gov/newsroom/stats/nationwide-encounters | https://www.gao.gov/products/gao-25-107746,,yes
769,Scorecard · CHARTS,src/lib/scorecard.ts,statistic,CHARTS: CBO 61256,CHARTS,,https://www.cbo.gov/publication/61256,,yes
770,Scorecard · CHARTS,src/lib/scorecard.ts,statistic,CHARTS: CBO 60805,CHARTS,,https://www.cbo.gov/publication/60805,,yes
771,Scorecard · CHARTS,src/lib/scorecard.ts,statistic,CHARTS: 8 U.S.C. § 1611,CHARTS,,https://www.law.cornell.edu/uscode/text/8/1611,,yes
772,Scorecard · CHARTS,src/lib/scorecard.ts,statistic,CHARTS: https://www.law.cornell.edu/uscode/text/8/1611,CHARTS,,https://www.cbp.gov/newsroom/stats/nationwide-encounters | https://www.law.cornell.edu/uscode/text/8/1611,,yes
773,Scorecard · CHARTS,src/lib/scorecard.ts,statistic,CHARTS: 9.1 percent — June 2022,CHARTS,,https://www.bls.gov/news.release/archives/cpi_07132022.htm,,yes
774,Scorecard · CHARTS,src/lib/scorecard.ts,statistic,CHARTS: https://www.justice.gov/archives/sco/file/1373816/dl,CHARTS,,https://www.justice.gov/storage/US_v_Trump_23_cr_257.pdf | https://www.justice.gov/archives/sco/file/1373816/dl,,yes
775,Scorecard · CHARTS,src/lib/scorecard.ts,statistic,CHARTS: 23-cr-257,CHARTS,,https://www.justice.gov/storage/US_v_Trump_23_cr_257.pdf,,yes
776,Scorecard · CHARTS,src/lib/scorecard.ts,statistic,CHARTS: https://www.justice.gov/storage/US_v_Trump_23_cr_257.pdf,CHARTS,,https://www.whitehouse.gov/wp-content/uploads/2019/09/Unclassified09.2019.pdf | https://www.justice.gov/storage/US_v_Trump_23_cr_257.pdf,,yes
777,Scorecard · CHARTS,src/lib/scorecard.ts,statistic,CHARTS: https://www.whitehouse.gov/wp-content/uploads/2019/09/Unclassified09.2019.pdf,CHARTS,,https://www.c-span.org/video/?507744-1/president-trump-speaks-save-america-rally | https://www.whitehouse.gov/wp-content/uploads/2019/09/Unclassified09.2019.pdf,,yes
778,Scorecard · CHARTS,src/lib/scorecard.ts,statistic,CHARTS: https://www.c-span.org/video/?507744-1/president-trump-speaks-save-america-rally,CHARTS,,https://www.congress.gov/bill/117th-congress/house-resolution/24 | https://www.c-span.org/video/?507744-1/president-trump-speaks-save-america-rally,,yes
779,Scorecard · CHARTS,src/lib/scorecard.ts,statistic,CHARTS: https://www.congress.gov/bill/117th-congress/house-resolution/24,CHARTS,,https://www.justice.gov/archives/sco/file/1373816/dl | https://www.congress.gov/bill/117th-congress/house-resolution/24,,yes
780,Scorecard · CHARTS,src/lib/scorecard.ts,statistic,CHARTS: H.Res. 755,CHARTS,,https://www.congress.gov/bill/116th-congress/house-resolution/755,,yes
781,Scorecard · CHARTS,src/lib/scorecard.ts,statistic,CHARTS: https://www.congress.gov/bill/116th-congress/house-resolution/755,CHARTS,,https://www.congress.gov/bill/117th-congress/house-resolution/24 | https://www.congress.gov/bill/116th-congress/house-resolution/755,,yes
782,Scorecard · CHARTS,src/lib/scorecard.ts,statistic,CHARTS: https://supreme.justia.com/cases/federal/us/395/444/,CHARTS,,https://constitution.congress.gov/constitution/article-4/ | https://supreme.justia.com/cases/federal/us/395/444/,,yes
783,Scorecard · CHARTS,src/lib/scorecard.ts,statistic,CHARTS: https://guides.loc.gov/federalist-papers/text-10-17#s-lg-box-wrapper-25493273,CHARTS,,https://www.law.cornell.edu/uscode/text/18/2383 | https://guides.loc.gov/federalist-papers/text-10-17#s-lg-box-wrapper-25493273,,yes
784,Scorecard · CHARTS,src/lib/scorecard.ts,statistic,CHARTS: 18 U.S.C. § 2383,CHARTS,,https://www.law.cornell.edu/uscode/text/18/2383,,yes
785,Scorecard · CHARTS,src/lib/scorecard.ts,statistic,CHARTS: https://www.law.cornell.edu/uscode/text/18/2383,CHARTS,,https://www.law.cornell.edu/uscode/text/18/2383,,yes
786,Scorecard · MAJORITY,src/lib/scorecard.ts,statistic,MAJORITY: 1995–2001 · 2003–07 · 2015–19 · 2025–now,MAJORITY,,https://www.congress.gov/bill/115th-congress/house-bill/1,,yes
787,Scorecard · MAJORITY,src/lib/scorecard.ts,statistic,MAJORITY: https://www.congress.gov/bill/115th-congress/house-bill/1,MAJORITY,,https://www.cbp.gov/newsroom/stats/southwest-land-border-encounters | https://www.congress.gov/bill/115th-congress/house-bill/1,,yes
788,Scorecard · MAJORITY,src/lib/scorecard.ts,statistic,MAJORITY: 1993–95 · 2007–11 · 2021–23,MAJORITY,,,,yes
789,Scorecard · MAJORITY,src/lib/scorecard.ts,statistic,MAJORITY: https://www.congress.gov/bill/111th-congress/house-bill/3590,MAJORITY,,https://www.bls.gov/news.release/archives/cpi_07132022.htm | https://www.congress.gov/bill/111th-congress/house-bill/3590,,yes
790,Scorecard · MAJORITY,src/lib/scorecard.ts,statistic,"MAJORITY: BLS — 9.1% prices, June 2022",MAJORITY,,https://www.bls.gov/news.release/archives/cpi_07132022.htm,,yes
791,Scorecard · MAJORITY,src/lib/scorecard.ts,statistic,MAJORITY: https://www.bls.gov/news.release/archives/cpi_07132022.htm,MAJORITY,,https://www.cbp.gov/newsroom/stats/southwest-land-border-encounters | https://www.bls.gov/news.release/archives/cpi_07132022.htm,,yes
792,Scorecard · MAJORITY,src/lib/scorecard.ts,statistic,MAJORITY: https://time.com/4486502/hillary-clinton-basket-of-deplorables-transcript/,MAJORITY,,https://www.whitehouse.gov/fact-sheets/2026/01/fact-sheet-president-donald-j-trump-establishes-new-department-of-justice-division-for-national-fraud-enforcement/ | https://time.com/4486502/hillary-clinton-basket-of-deplorables-transcript/,,yes
793,Scorecard · MAJORITY,src/lib/scorecard.ts,statistic,MAJORITY: https://www.whitehouse.gov/fact-sheets/2026/01/fact-sheet-president-donald-j-trump-establishes-new-department-of-justice-division-for-national-fraud-enforcement/,MAJORITY,,https://www.dhs.gov/news/2026/01/08/radical-rhetoric-sanctuary-politicians-leads-unprecedented-1300-increase-assaults | https://www.whitehouse.gov/fact-sheets/2026/01/fact-sheet-president-donald-j-trump-establishes-new-department-of-justice-division-for-national-fraud-enforcement/,,yes
794,Scorecard · MAJORITY,src/lib/scorecard.ts,statistic,MAJORITY: DHS — ICE assaults 2025,MAJORITY,,https://www.dhs.gov/news/2026/01/08/radical-rhetoric-sanctuary-politicians-leads-unprecedented-1300-increase-assaults,,yes
795,Scorecard · MAJORITY,src/lib/scorecard.ts,statistic,MAJORITY: https://www.dhs.gov/news/2026/01/08/radical-rhetoric-sanctuary-politicians-leads-unprecedented-1300-increase-assaults,MAJORITY,,https://www.justice.gov/opa/pr/leader-antifa-cell-members-north-texas-sentenced-100-years-prison-terrorist-attack-ice | https://www.dhs.gov/news/2026/01/08/radical-rhetoric-sanctuary-politicians-leads-unprecedented-1300-increase-assaults,,yes
796,Scorecard · MAJORITY,src/lib/scorecard.ts,statistic,MAJORITY: https://www.justice.gov/opa/pr/leader-antifa-cell-members-north-texas-sentenced-100-years-prison-terrorist-attack-ice,MAJORITY,,https://fiscaldata.treasury.gov/datasets/debt-to-the-penny/ | https://www.justice.gov/opa/pr/leader-antifa-cell-members-north-texas-sentenced-100-years-prison-terrorist-attack-ice,,yes
797,Scorecard · MAJORITY,src/lib/scorecard.ts,statistic,MAJORITY: Most other years. Nixon. Bush 41. 2011–15. COVID. 2023–25.,MAJORITY,,https://fiscaldata.treasury.gov/datasets/debt-to-the-penny/,,yes
798,Scorecard · FAILURE,src/lib/scorecard.ts,statistic,FAILURE: FY 2001,FAILURE,,https://www.cbo.gov/data/budget-economic-data,,yes
799,Scorecard · FAILURE,src/lib/scorecard.ts,statistic,FAILURE: $17 million,FAILURE,,https://www.law.cornell.edu/uscode/text/2/1415,,yes
800,Scorecard · FAILURE,src/lib/scorecard.ts,statistic,"FAILURE: Treasury account for workplace settlements, 1997–2017. Not all members. Not all sex. Still taxpayer funds.",FAILURE,,https://www.law.cornell.edu/uscode/text/2/1415,,yes
801,Scorecard · FAILURE,src/lib/scorecard.ts,statistic,FAILURE: https://www.law.cornell.edu/uscode/text/2/1415,FAILURE,,https://time.com/4486502/hillary-clinton-basket-of-deplorables-transcript/ | https://www.law.cornell.edu/uscode/text/2/1415,,yes
802,Scorecard · FAILURE,src/lib/scorecard.ts,statistic,"FAILURE: Clinton, Sept. 9, 2016: half of Trump’s supporters a “basket of deplorables,” some “irredeemable.” Biden, Oct. 29, 2024: White House stenographers wrote “his supporters” as the garbage. The press office inserted an apostrophe. Nazis. Pedophiles. The smear is the method. The voter is the target.",FAILURE,,https://time.com/4486502/hillary-clinton-basket-of-deplorables-transcript/,,yes
803,Scorecard · FAILURE,src/lib/scorecard.ts,statistic,FAILURE: https://time.com/4486502/hillary-clinton-basket-of-deplorables-transcript/,FAILURE,,https://time.com/4486502/hillary-clinton-basket-of-deplorables-transcript/,,yes
804,Scorecard · FAILURE,src/lib/scorecard.ts,statistic,"FAILURE: Maine Senate, 2026: Graham Platner, Democratic nominee, a Totenkopf — SS death’s-head — on his chest. He covered it after it became public. New Jersey-12: Adam Hamawy, Democratic nominee, took the stand as a defense witness for Omar Abdel Rahman, the Blind Sheikh, United States v. Rahman, 93 Cr. 181 (S.D.N.Y.), the 1993 World Trade Center bombing case. Minnesota: DOJ charged 98 in Feeding Our Future and related Medicaid and housing fraud; 85 of Somali descent; 64 convicted. The labels went to the American. The file went to the party.",FAILURE,,https://www.whitehouse.gov/fact-sheets/2026/01/fact-sheet-president-donald-j-trump-establishes-new-department-of-justice-division-for-national-fraud-enforcement/,,yes
805,Scorecard · FAILURE,src/lib/scorecard.ts,statistic,FAILURE: https://www.whitehouse.gov/fact-sheets/2026/01/fact-sheet-president-donald-j-trump-establishes-new-department-of-justice-division-for-national-fraud-enforcement/,FAILURE,,https://www.whitehouse.gov/fact-sheets/2026/01/fact-sheet-president-donald-j-trump-establishes-new-department-of-justice-division-for-national-fraud-enforcement/,,yes
806,Scorecard · FAILURE,src/lib/scorecard.ts,statistic,"FAILURE: The First Amendment protects peaceable assembly. It does not protect doxxing an ICE officer, assaulting him, or smashing the building. 18 U.S.C. § 111 is assault on a federal officer. 18 U.S.C. § 119 is publishing his home address to threaten him. 18 U.S.C. § 1361 is government property. DHS: 275 ICE assaults Jan. 20–Dec. 31, 2025, against 19 in 2024. 66 vehicular attacks against 2. DOJ: Prairieland Detention Center, July 4, 2025 — Antifa cell sentenced for attacking the facility. Direct Action Minnesota: 15 indicted for assaulting federal officers and destroying government property. Sanctuary politicians’ rhetoric is in the DHS file. That is unrest. It is not a rally.",FAILURE,,https://www.dhs.gov/news/2026/01/08/radical-rhetoric-sanctuary-politicians-leads-unprecedented-1300-increase-assaults,,yes
807,Scorecard · FAILURE,src/lib/scorecard.ts,statistic,FAILURE: https://www.dhs.gov/news/2026/01/08/radical-rhetoric-sanctuary-politicians-leads-unprecedented-1300-increase-assaults,FAILURE,,https://www.gao.gov/products/gao-26-108945 | https://www.dhs.gov/news/2026/01/08/radical-rhetoric-sanctuary-politicians-leads-unprecedented-1300-increase-assaults,,yes
808,Scorecard · FAILURE,src/lib/scorecard.ts,statistic,FAILURE: $233–521 billion,FAILURE,,https://www.gao.gov/products/gao-26-108945,,yes
809,Scorecard · FAILURE,src/lib/scorecard.ts,statistic,FAILURE: https://www.gao.gov/products/gao-26-108945,FAILURE,,https://www.cbo.gov/publication/61172 | https://www.gao.gov/products/gao-26-108945,,yes
810,Scorecard · FAILURE,src/lib/scorecard.ts,statistic,FAILURE: https://www.cbo.gov/publication/61172,FAILURE,,https://www.cbo.gov/publication/61172,,yes
811,Scorecard · LEG_BRANCH,src/lib/scorecard.ts,statistic,LEG_BRANCH: $2.083B,LEG_BRANCH,,,,yes
812,Scorecard · LEG_BRANCH,src/lib/scorecard.ts,statistic,LEG_BRANCH: $1.467B,LEG_BRANCH,,,,yes
813,Scorecard · LEG_BRANCH,src/lib/scorecard.ts,statistic,LEG_BRANCH: $882M,LEG_BRANCH,,,,yes
814,Scorecard · LEG_BRANCH,src/lib/scorecard.ts,statistic,LEG_BRANCH: $852M,LEG_BRANCH,,,,yes
815,Scorecard · LEG_BRANCH,src/lib/scorecard.ts,statistic,LEG_BRANCH: $812M,LEG_BRANCH,,,,yes
816,Scorecard · LEG_BRANCH,src/lib/scorecard.ts,statistic,LEG_BRANCH: $132M,LEG_BRANCH,,,,yes
817,Scorecard · LEG_BRANCH,src/lib/scorecard.ts,statistic,LEG_BRANCH: $75M,LEG_BRANCH,,,,yes
818,Scorecard · LEG_BRANCH,src/lib/scorecard.ts,statistic,LEG_BRANCH: $143M,LEG_BRANCH,,,,yes
819,Scorecard · IMPOSSIBLE,src/lib/scorecard.ts,statistic,IMPOSSIBLE: https://www.cato.org/blog/who-will-pay-democratic-socialisms-200-trillion-cost,IMPOSSIBLE,,https://www.cato.org/blog/who-will-pay-democratic-socialisms-200-trillion-cost | https://www.cato.org/blog/who-will-pay-democratic-socialisms-200-trillion-cost,,yes
820,Scorecard · CAPACITY,src/lib/scorecard.ts,statistic,"CAPACITY: Federal receipts, FY2026 (CBO)",CAPACITY,,,,yes
821,Scorecard · CAPACITY,src/lib/scorecard.ts,statistic,CAPACITY: $5.6T,CAPACITY,,,,yes
822,Scorecard · CAPACITY,src/lib/scorecard.ts,statistic,"CAPACITY: Federal outlays, FY2026 (CBO)",CAPACITY,,,,yes
823,Scorecard · CAPACITY,src/lib/scorecard.ts,statistic,CAPACITY: $7.4T,CAPACITY,,,,yes
824,Scorecard · CAPACITY,src/lib/scorecard.ts,statistic,"CAPACITY: Deficit, FY2026 (CBO)",CAPACITY,,,,yes
825,Scorecard · CAPACITY,src/lib/scorecard.ts,statistic,CAPACITY: $1.9T,CAPACITY,,,,yes
826,Scorecard · CAPACITY,src/lib/scorecard.ts,statistic,CAPACITY: U.S. GDP (CBO: outlays 23.3% of GDP),CAPACITY,,,,yes
827,Scorecard · CAPACITY,src/lib/scorecard.ts,statistic,CAPACITY: ~$32T,CAPACITY,,,,yes
828,Scorecard · CAPACITY,src/lib/scorecard.ts,statistic,"CAPACITY: Gross federal debt (Treasury, Aug 2026)",CAPACITY,,,,yes
829,Scorecard · CAPACITY,src/lib/scorecard.ts,statistic,CAPACITY: $40.0T,CAPACITY,,,,yes
830,Scorecard · OVAL,src/lib/scorecard.ts,statistic,OVAL: FY2009–16,OVAL,,,,yes
831,Scorecard · OVAL,src/lib/scorecard.ts,statistic,"OVAL: Southwest Border Patrol apprehensions, FY2009–16. CBP’s nationwide combined dashboard was not published for those years. CPI peak September 2011. EIA weekly regular: highest week $3.965 (May 9, 2011).",OVAL,,,,yes
832,Scorecard · OVAL,src/lib/scorecard.ts,statistic,OVAL: FY2017–20,OVAL,,,,yes
833,Scorecard · OVAL,src/lib/scorecard.ts,statistic,"OVAL: Nationwide encounters. CPI peak in the term. EIA weekly regular: highest week $2.962 (May 28, 2018).",OVAL,,,,yes
834,Scorecard · OVAL,src/lib/scorecard.ts,statistic,OVAL: FY2021–24,OVAL,,,,yes
835,Scorecard · OVAL,src/lib/scorecard.ts,statistic,"OVAL: Nationwide encounters. CPI June 2022. EIA weekly regular: $5.006 the week of June 13, 2022.",OVAL,,,,yes
836,Scorecard · OVAL,src/lib/scorecard.ts,statistic,OVAL: FY2025–,OVAL,,,,yes
837,Scorecard · OVAL,src/lib/scorecard.ts,statistic,"OVAL: FY2025 nationwide 691,906. Southwest Border Patrol 237,538 — lowest since 1970. FBI 2025 murder rate 4.1, tied with 1955–56. EO 14252: restore monuments, remove graffiti, enforce the capital. CPI peak so far: 4.2% in May 2026. EIA weekly regular: $4.500 the week of May 11, 2026. The fiscal year started under Biden; the Oval changed January 20.",OVAL,,,,yes
838,Scorecard · OVAL_NOW,src/lib/scorecard.ts,statistic,OVAL_NOW: FY2025,OVAL_NOW,,https://www.cbp.gov/newsroom/stats/nationwide-encounters,,yes
839,Scorecard · OVAL_NOW,src/lib/scorecard.ts,statistic,"OVAL_NOW: After the Oval changed. Southwest Border Patrol 237,538 — lowest since 1970. FBI 2025: murder 4.1. EO 14252 restores monuments and the capital.",OVAL_NOW,,https://www.cbp.gov/newsroom/stats/nationwide-encounters,,yes
840,Scorecard · OVAL_RECORD,src/lib/scorecard.ts,statistic,OVAL_RECORD: https://www.justice.gov/archives/sco/file/1373816/dl,OVAL_RECORD,,https://www.justice.gov/archives/sco/file/1373816/dl,,yes
841,Scorecard · OVAL_RECORD,src/lib/scorecard.ts,statistic,"OVAL_RECORD: Jack Smith charged United States v. Trump, 23-cr-257, with four counts: 18 U.S.C. § 371, § 1512(k), § 1512(c)(2), and § 241. He did not charge 18 U.S.C. § 2383. His report said the office found no case charging insurrection for acting inside the government to keep power, and did not develop direct evidence of intent to cause the full scope of the violence. The U.S. Attorney for the District of Columbia charged more than a thousand rioters. Zero under § 2383. The House impeached. The Senate did not convict. The word did the political work the statute was not asked to do.",OVAL_RECORD,,https://www.justice.gov/storage/US_v_Trump_23_cr_257.pdf,,yes
842,Scorecard · OVAL_RECORD,src/lib/scorecard.ts,statistic,OVAL_RECORD: https://www.justice.gov/storage/US_v_Trump_23_cr_257.pdf,OVAL_RECORD,,https://www.justice.gov/storage/US_v_Trump_23_cr_257.pdf,,yes
843,Scorecard · OVAL_RECORD,src/lib/scorecard.ts,statistic,"OVAL_RECORD: Bloodbath was auto plants, Mexico, a 100 percent tariff — the car industry. Dictator on day one was border and drill: after that, I’m not a dictator. Fine people: neo-Nazis and white nationalists condemned totally, in the same answer. Ukraine: the call memo is the phone; Schiff’s floor reading was parody and is not in the memo. The Ellipse: peacefully and patriotically sits on the same C-SPAN tape as fight like hell. Impeachment Two put the fighting words on the House floor and left the peaceably clause off the clip. Bleach: a question to doctors about a line of research, not an instruction to drink Clorox. Animals: an MS-13 roundtable. Suckers and losers: no tape, anonymous sourcing, denied on the record by people present.",OVAL_RECORD,,https://www.whitehouse.gov/wp-content/uploads/2019/09/Unclassified09.2019.pdf,FT-1,yes
844,Scorecard · OVAL_RECORD,src/lib/scorecard.ts,statistic,OVAL_RECORD: https://www.whitehouse.gov/wp-content/uploads/2019/09/Unclassified09.2019.pdf,OVAL_RECORD,,https://www.whitehouse.gov/wp-content/uploads/2019/09/Unclassified09.2019.pdf,,yes
845,Scorecard · OVAL_RECORD,src/lib/scorecard.ts,statistic,"OVAL_RECORD: January 6, 2021. C-SPAN recorded the Ellipse in full. The speech includes the line to protest peacefully and patriotically. It also includes fight like hell. Both are on the same recording. The House article — H.Res. 24, incitement of insurrection — put a clipped version of that speech on the floor. The country was shown the fighting words. The peaceably clause was not on the clip they ran. 18 U.S.C. § 2383 is the insurrection statute. The U.S. Attorney for D.C. later charged more than a thousand people. Zero under § 2383. Jack Smith did not charge Trump under § 2383 either. The Senate acquitted February 13, 2021. Insurrection was the caption. The uncut tape was never the exhibit they wanted the country to sit through.",OVAL_RECORD,,https://www.c-span.org/video/?507744-1/president-trump-speaks-save-america-rally,,yes
846,Scorecard · OVAL_RECORD,src/lib/scorecard.ts,statistic,OVAL_RECORD: https://www.c-span.org/video/?507744-1/president-trump-speaks-save-america-rally,OVAL_RECORD,,https://www.c-span.org/video/?507744-1/president-trump-speaks-save-america-rally,,yes
847,Scorecard · OVAL_RECORD,src/lib/scorecard.ts,statistic,"OVAL_RECORD: Florida documents, 23-cr-80101: Judge Cannon dismissed on the Appointments Clause; the government later dropped the rest. Georgia RICO: dismissed. Impeachment One was a phone about investigating Biden-family influence in Ukraine. Impeachment Two was a clipped Ellipse speech, not § 2383. Manhattan: a jury convicted on 34 counts of falsifying business records tied to a hush payment. That conviction is real. The novel “other crime” predicate is why it is on appeal. Caption versus count. Always.",OVAL_RECORD,,https://www.justice.gov/storage/US_v_Trump_23_cr_257.pdf,,yes
848,Scorecard · OVAL_RECORD,src/lib/scorecard.ts,statistic,"OVAL_RECORD: Unemployment 3.5 percent in February 2020, before the virus — lowest since 1969. Abraham Accords. Operation Warp Speed. Remain in Mexico. 2017 tax cuts. No new war. EIA weekly regular gasoline peaked at $5.006 the week of June 13, 2022. BLS: Consumer Price Index 9.1 percent year-over-year, June 2022. That peak sits on Biden’s watch. Inflation does not reset when the Oval changes. The next president inherits the price level. CBP nationwide encounters: 10.83 million in FY2021–24. FY2025, after the Oval changed: 691,906. A door that falls that far in a year was a policy, not weather.",OVAL_RECORD,,https://www.cbp.gov/newsroom/stats/cbp-enforcement-statistics,,yes
849,Scorecard · OVAL_RECORD,src/lib/scorecard.ts,statistic,"OVAL_RECORD: Fight like hell — Ellipse, January 6. Stand back and stand by — to the Proud Boys, debate stage, 2020. When the looting starts, the shooting starts. No context restores those three. He said them. The Ellipse speech also said peacefully and patriotically. Both are on the tape. The House ran one and not the other. People died on January 6. Officers were assaulted. The building was breached. Hours passed before he told them to leave. That is not a tourist visit. It is also not § 2383 as charged. The national debt rose on his first watch. A New York jury found 34 false records. A journal that only corrects in one direction is doing the same clipping.",OVAL_RECORD,,https://www.c-span.org/video/?507744-1/president-trump-speaks-save-america-rally,,yes
850,Scorecard · OVAL_RECORD,src/lib/scorecard.ts,statistic,"OVAL_RECORD: The phrase was used as permission: he is the danger, so the law may be broken to stop him. That is not what it means. Holmes wrote it in Schenck v. United States (1919). Brandenburg v. Ohio (1969) replaced it: the government may punish speech only if it is intended to produce imminent lawless action and likely to produce it. It is a limit on the state. It is not a finding that a president may be FISA’d sloppily, impeached on a clipped tape, or indicted on a theory timed to an election. Repeating the words on television does not suspend the Constitution.",OVAL_RECORD,,https://supreme.justia.com/cases/federal/us/395/444/,,yes
851,Scorecard · OVAL_RECORD,src/lib/scorecard.ts,statistic,OVAL_RECORD: https://supreme.justia.com/cases/federal/us/395/444/,OVAL_RECORD,,https://supreme.justia.com/cases/federal/us/395/444/,,yes
852,Scorecard · OVAL_RECORD,src/lib/scorecard.ts,statistic,"OVAL_RECORD: No charging document found that. Mueller did not establish a Russia conspiracy. Jack Smith did not charge 18 U.S.C. § 2383. The U.S. Attorney for D.C. charged more than a thousand people for January 6 and charged zero under the insurrection statute. Two impeachments: House yes, Senate no. The caption did political work the statutes would not. A threat to a party’s hold on the administrative state is not the same thing as a threat to the country.",OVAL_RECORD,,https://www.justice.gov/storage/US_v_Trump_23_cr_257.pdf,,yes
853,Scorecard · OVAL_RECORD,src/lib/scorecard.ts,statistic,"OVAL_RECORD: False accusation, repeated 12 years",OVAL_RECORD,,,,yes
854,Scorecard · OVAL_RECORD,src/lib/scorecard.ts,statistic,"OVAL_RECORD: The row is the accusation: Russia, insurrection, threat to democracy, pedophile, Nazi, pays no taxes, most corrupt president ever — said for twelve years as if it were a finding. The blue cell is the proof they were smearing only. Mueller Volume I: the investigation did not establish a conspiracy. Durham: neither the FBI nor the Intelligence Community had actual evidence of collusion in their holdings when Crossfire Hurricane opened. Jack Smith did not charge 18 U.S.C. § 2383. USAO-DC charged zero under that statute. The tax returns were stolen. Charles Littlejohn pleaded guilty under 26 U.S.C. § 7213 and was sentenced to five years. The forms show income tax paid. A smear repeated is still a smear.",OVAL_RECORD,,https://www.justice.gov/storage/durhamreport.pdf,FT-11,yes
855,Scorecard · OVAL_RECORD,src/lib/scorecard.ts,statistic,OVAL_RECORD: https://oig.justice.gov/reports/2019/o1912.pdf,OVAL_RECORD,,https://oig.justice.gov/reports/2019/o1912.pdf,,yes
856,Scorecard · OVAL_RECORD,src/lib/scorecard.ts,statistic,"OVAL_RECORD: The caption was that Donald Trump is the most corrupt president in American history. It was repeated as a finding. It is not a statute, and it is not a verdict. His criminal conviction is 34 New York counts of falsifying business records. Two impeachments ended in acquittal. The tax returns the country was shown in 2020 were stolen by an IRS contractor who was sentenced to five years under 26 U.S.C. § 7213. Those forms show federal income tax paid in 2015 through 2019. The comparison the caption would not sit next to: House Oversight bank records of millions from foreign sources to Biden family members and associates; Hunter Biden on the Burisma board while his father was vice president; a May 13, 2017 message, “10 percent for the big guy”; a denial that he discussed the business, which the messages do not match. Hunter was convicted on a gun count, pleaded guilty to tax counts, and was pardoned December 1, 2024. Joe Biden was not convicted of bribery. One FBI source who later alleged a cash bribe was charged with lying. That charge does not erase the bank records. Republicans opened an impeachment inquiry and did not make the country sit with this file the way the other side made the country sit with a caption. A party that will not read the exhibits is not a defense.",OVAL_RECORD,,https://oversight.house.gov/,,yes
857,Scorecard · OVAL_RECORD,src/lib/scorecard.ts,statistic,"OVAL_RECORD: The people own this country. Lawfare is not a debate. Paid Steele into a FISA. Fifty-one names on a laptop letter. Four dockets in an election year. Fifth Amendment due process is a fair machine, not a campaign. 18 U.S.C. § 2383 was not charged. CPI-U +21.4 percent. That effort was to undermine how Americans think. The money was in the pipe. Congress voted the grants. A nonprofit cashed them. 26 U.S.C. § 6104 keeps most donor names off the public form. The Federal Election Commission prints the names the law requires, including George Soros on prosecutor-race filings. The 501(c)(4) feeder does not. No charging document says a named donor paid a person to set a fire. Americans still paid into a pipe they cannot see.",OVAL_RECORD,,/dispatch/a-war-on-americans,FT-15,yes
858,Scorecard · OVAL_RECORD,src/lib/scorecard.ts,statistic,"OVAL_RECORD.encounters=10.83 :: …en’s watch. Inflation does not reset when the Oval changes. The next president inherits the price level. CBP nationwide encounters: 10.83 million in FY2021–24. FY2025, after the Oval changed: 691,906. A door that falls t…",OVAL_RECORD,,,,yes
859,Scorecard · LAWS,src/lib/scorecard.ts,statistic,LAWS: The oath — 5 U.S.C. § 3331,LAWS,,https://www.law.cornell.edu/uscode/text/5/3331,,yes
860,Scorecard · LAWS,src/lib/scorecard.ts,statistic,LAWS: https://www.law.cornell.edu/uscode/text/5/3331,LAWS,,https://www.congress.gov/bill/93rd-congress/house-bill/7130 | https://www.law.cornell.edu/uscode/text/5/3331,,yes
861,Scorecard · LAWS,src/lib/scorecard.ts,statistic,LAWS: https://www.congress.gov/bill/93rd-congress/house-bill/7130,LAWS,,https://www.gao.gov/products/gao-25-107746 | https://www.congress.gov/bill/93rd-congress/house-bill/7130,,yes
862,Scorecard · LAWS,src/lib/scorecard.ts,statistic,LAWS: GAO — fraud $233–521B a year,LAWS,,https://www.gao.gov/products/gao-25-107746,,yes
863,Scorecard · LAWS,src/lib/scorecard.ts,statistic,LAWS: https://www.gao.gov/products/gao-25-107746,LAWS,,https://fiscaldata.treasury.gov/datasets/debt-to-the-penny/ | https://www.gao.gov/products/gao-25-107746,,yes
864,Scorecard · LAWS,src/lib/scorecard.ts,statistic,LAWS: 8 U.S.C. § 1324 — harboring,LAWS,,https://www.law.cornell.edu/uscode/text/8/1324,,yes
865,Scorecard · LAWS,src/lib/scorecard.ts,statistic,LAWS: https://www.law.cornell.edu/uscode/text/8/1324,LAWS,,https://www.law.cornell.edu/uscode/text/8/1373 | https://www.law.cornell.edu/uscode/text/8/1324,,yes
866,Scorecard · LAWS,src/lib/scorecard.ts,statistic,LAWS: 8 U.S.C. § 1373 — no gag on ICE,LAWS,,https://www.law.cornell.edu/uscode/text/8/1373,,yes
867,Scorecard · LAWS,src/lib/scorecard.ts,statistic,LAWS: https://www.law.cornell.edu/uscode/text/8/1373,LAWS,,https://www.law.cornell.edu/uscode/text/8/1611 | https://www.law.cornell.edu/uscode/text/8/1373,,yes
868,Scorecard · LAWS,src/lib/scorecard.ts,statistic,LAWS: 8 U.S.C. § 1611 — federal benefits,LAWS,,https://www.law.cornell.edu/uscode/text/8/1611,,yes
869,Scorecard · LAWS,src/lib/scorecard.ts,statistic,LAWS: https://www.law.cornell.edu/uscode/text/8/1611,LAWS,,https://www.law.cornell.edu/uscode/text/2/1415 | https://www.law.cornell.edu/uscode/text/8/1611,,yes
870,Scorecard · LAWS,src/lib/scorecard.ts,statistic,LAWS: 2 U.S.C. § 1415 — they billed the taxpayer for their misconduct,LAWS,,https://www.law.cornell.edu/uscode/text/2/1415,,yes
871,Scorecard · LAWS,src/lib/scorecard.ts,statistic,LAWS: https://www.law.cornell.edu/uscode/text/2/1415,LAWS,,https://www.law.cornell.edu/uscode/text/18/2383 | https://www.law.cornell.edu/uscode/text/2/1415,,yes
872,Scorecard · LAWS,src/lib/scorecard.ts,statistic,LAWS: 18 U.S.C. § 2383 — insurrection,LAWS,,https://www.law.cornell.edu/uscode/text/18/2383,,yes
873,Scorecard · LAWS,src/lib/scorecard.ts,statistic,LAWS: https://www.law.cornell.edu/uscode/text/18/2383,LAWS,,https://www.law.cornell.edu/uscode/text/18/2383,,yes
874,Scorecard · PAPERS,src/lib/scorecard.ts,statistic,"PAPERS: Barr remarks on the report — April 18, 2019",PAPERS,,https://www.justice.gov/archives/opa/speech/attorney-general-william-p-barr-delivers-remarks-release-report-investigation-russian,,yes
875,Scorecard · PAPERS,src/lib/scorecard.ts,statistic,PAPERS: D.C. 23-cr-257 — four counts. Not insurrection.,PAPERS,,,,yes
876,Scorecard · PAPERS,src/lib/scorecard.ts,statistic,PAPERS: January 6 was insurrection. He should be charged under 18 U.S.C. § 2383.,PAPERS,,,,yes
877,Scorecard · PAPERS,src/lib/scorecard.ts,statistic,PAPERS: https://www.justice.gov/sco-smith/media/1366521/dl,PAPERS,,https://www.law.cornell.edu/uscode/text/18/2383 | https://www.justice.gov/sco-smith/media/1366521/dl,,yes
878,Scorecard · PAPERS,src/lib/scorecard.ts,statistic,PAPERS: 18 U.S.C. § 2383 — the statute that is not on the indictment,PAPERS,,https://www.law.cornell.edu/uscode/text/18/2383,,yes
879,Scorecard · PAPERS,src/lib/scorecard.ts,statistic,PAPERS: https://www.law.cornell.edu/uscode/text/18/2383,PAPERS,,https://www.justice.gov/storage/Report-of-Special-Counsel-Smith-Volume-1-January-2025.pdf | https://www.law.cornell.edu/uscode/text/18/2383,,yes
880,Scorecard · PAPERS,src/lib/scorecard.ts,statistic,"PAPERS: Smith Volume I — January 7, 2025",PAPERS,,https://www.justice.gov/storage/Report-of-Special-Counsel-Smith-Volume-1-January-2025.pdf,,yes
881,Scorecard · PAPERS,src/lib/scorecard.ts,statistic,PAPERS: https://www.justice.gov/storage/Report-of-Special-Counsel-Smith-Volume-1-January-2025.pdf,PAPERS,,https://www.justice.gov/storage/Report-of-Special-Counsel-Smith-Volume-1-January-2025.pdf,,yes
882,Scorecard · PAPERS,src/lib/scorecard.ts,statistic,"PAPERS: USAO-DC — 1,583 people. Zero under § 2383.",PAPERS,,,,yes
883,Scorecard · PAPERS,src/lib/scorecard.ts,statistic,PAPERS: https://www.justice.gov/usao-dc/48-months-jan-6-attack-us-capitol,PAPERS,,https://www.justice.gov/usao-dc/capitol-breach-cases | https://www.justice.gov/usao-dc/48-months-jan-6-attack-us-capitol,,yes
884,Scorecard · PAPERS,src/lib/scorecard.ts,statistic,PAPERS: Florida 23-cr-80101 — documents. Dismissed.,PAPERS,,,,yes
885,Scorecard · PAPERS,src/lib/scorecard.ts,statistic,PAPERS: https://www.justice.gov/storage/US_v_Trump-Nauta_23-80101.pdf,PAPERS,,https://www.courtlistener.com/docket/67490070/united-states-v-trump/ | https://www.justice.gov/storage/US_v_Trump-Nauta_23-80101.pdf,,yes
886,Scorecard · PAPERS,src/lib/scorecard.ts,statistic,PAPERS: https://www.courtlistener.com/docket/67490070/united-states-v-trump/,PAPERS,,https://www.courtlistener.com/docket/67490070/united-states-v-trump/,,yes
887,Scorecard · PAPERS,src/lib/scorecard.ts,statistic,PAPERS: New York 71543-23 — thirty-four records counts,PAPERS,,,,yes
888,Scorecard · PAPERS,src/lib/scorecard.ts,statistic,PAPERS: https://www.documentcloud.org/documents/23741570-new-york-v-trump-indictment/,PAPERS,,https://www.documentcloud.org/documents/23741594-donald-j-trump-sof/ | https://www.documentcloud.org/documents/23741570-new-york-v-trump-indictment/,,yes
889,Scorecard · PAPERS,src/lib/scorecard.ts,statistic,PAPERS: Statement of facts — IND-71543-23,PAPERS,,https://www.documentcloud.org/documents/23741594-donald-j-trump-sof/,,yes
890,Scorecard · PAPERS,src/lib/scorecard.ts,statistic,PAPERS: https://www.documentcloud.org/documents/23741594-donald-j-trump-sof/,PAPERS,,https://www.documentcloud.org/documents/23741594-donald-j-trump-sof/,,yes
891,Scorecard · PAPERS,src/lib/scorecard.ts,statistic,PAPERS: https://storage.courtlistener.com/recap/gov.uscourts.gand.319434/gov.uscourts.gand.319434.1.1.pdf,PAPERS,,https://storage.courtlistener.com/recap/gov.uscourts.gand.319434/gov.uscourts.gand.319434.1.1.pdf,,yes
892,Scorecard · PAPERS,src/lib/scorecard.ts,statistic,PAPERS: https://www.congress.gov/bill/117th-congress/house-resolution/24,PAPERS,,https://www.congress.gov/bill/116th-congress/house-resolution/755 | https://www.congress.gov/bill/117th-congress/house-resolution/24,,yes
893,Scorecard · PAPERS,src/lib/scorecard.ts,statistic,PAPERS: H.Res. 755 — first impeachment,PAPERS,,https://www.congress.gov/bill/116th-congress/house-resolution/755,,yes
894,Scorecard · PAPERS,src/lib/scorecard.ts,statistic,PAPERS: https://www.congress.gov/bill/116th-congress/house-resolution/755,PAPERS,,https://trumpwhitehouse.archives.gov/wp-content/uploads/2019/09/Unclassified09.2019.pdf | https://www.congress.gov/bill/116th-congress/house-resolution/755,,yes
895,Scorecard · PAPERS,src/lib/scorecard.ts,statistic,"PAPERS: July 25, 2019 call memorandum",PAPERS,,https://trumpwhitehouse.archives.gov/wp-content/uploads/2019/09/Unclassified09.2019.pdf,,yes
896,Scorecard · PAPERS,src/lib/scorecard.ts,statistic,PAPERS: https://trumpwhitehouse.archives.gov/wp-content/uploads/2019/09/Unclassified09.2019.pdf,PAPERS,,https://trumpwhitehouse.archives.gov/wp-content/uploads/2019/09/Unclassified09.2019.pdf,,yes
