Claim,Truth_Source_URL,Who_Pushed_It,Approximate_Duration,Deception_Form,Category_Tag,Item_ID,Notes,Evidence_Level,Primary_Source_URL,Proof_Basis,Correction_Visibility,Term,Outcome,Adjusted_Evidence_Level,Adjusted_Proof_Basis,Verification_Method,Verification_Source_URL,Source_Loaded,Verification_Note,Independent_Confirmation_Name,Independent_Confirmation_URL,Site_Label,Watchlist_Category,Flag,Evidence_Weaker_Than_Catalog,Verified_At
"That Trump called neo-Nazis / white supremacists at Charlottesville “very fine people” (or “very good people”).
Began: Aug 15, 2017 | Ended: No ending date (still repeated)",https://www.snopes.com/fact-check/trump-very-fine-people/,Widespread media framing; Joe Biden campaign ads/speeches; Sen. Chuck Schumer and many other politicians,years of campaign recirculation,misquote / truncation,misquote / false,1,"Primary record: In the Aug. 15, 2017 Trump Tower transcript Trump says 'very fine people, on both sides' while expressly excluding 'neo-Nazis and the White nationalists' who 'should be condemned totally.'",Proven false,https://www.presidency.ucsb.edu/documents/remarks-infrastructure-and-exchange-with-reporters-new-york-city,Original transcript/video,Never corrected — fact-checked only,first,Verified by SwampForce + independently confirmed,Proven false,Original transcript/video,Original transcript (UCSB American Presidency Project),https://www.presidency.ucsb.edu/documents/remarks-infrastructure-and-exchange-with-reporters-new-york-city,200,"Aug 15, 2017 transcript: ""you also had people that were very fine people, on both sides"" and ""I'm not talking about the neo-Nazis and the White nationalists, because they should be condemned totally"".",Snopes,https://www.snopes.com/fact-check/trump-very-fine-people/,Verified by SwampForce | Independently confirmed by Snopes,,,,2026-09-24 (MT)
"Trump “has yet once to condemn white supremacy, the neo-Nazis. He hasn’t condemned a darn thing.”
Began: Feb 9, 2020 | Ended: Feb 11, 2020 (FactCheck.org)",https://www.factcheck.org/2020/02/trump-has-condemned-white-supremacists/,"Joe Biden (ABC This Week, Feb. 2020)",~2 days until FactCheck.org (Feb 2020),false attribution of words/intent (denial of documented condemnations),false,2,"Primary record: The Aug. 14, 2017 White House statement has Trump condemning 'the KKK, neo-Nazis, white supremacists, and other hate groups' as 'criminals and thugs,' contradicting Biden's claim he never condemned them.",Proven false,https://trumpwhitehouse.archives.gov/briefings-statements/statement-president-trump/,Official record,Never corrected — fact-checked only,first,Verified by SwampForce + independently confirmed,Proven false,Official record,Official record,https://trumpwhitehouse.archives.gov/briefings-statements/statement-president-trump/,200,"Aug 14, 2017 WH statement: ""those who cause violence in its name are criminals and thugs, including the KKK, neo-Nazis, white supremacists, and other hate groups"".",FactCheck.org,https://www.factcheck.org/2020/02/trump-has-condemned-white-supremacists/,Verified by SwampForce | Independently confirmed by FactCheck.org,,,,2026-09-24 (MT)
"Photos of children in chain-link holding cells showed what was “happening right now” under Trump.
Began: May 27, 2018 | Ended: May 27, 2018 (Favreau correction/delete)",https://politifact.com/factchecks/2018/may/29/donald-trump/trump-correctly-tweets-democrats-mistakenly-tweete/,Jon Favreau (former Obama speechwriter); Antonio Villaraigosa; other activists/journalists who shared the images as current Trump-era scenes,"~hours until corrections/deletes (May 27, 2018)",false photo/video attribution,false,3,,Proven false,,Outlet's own correction,Appended correction line,first,"Could not verify against a primary source, move to the watch list",Watch list (unverified),Unverified,None confirmed (watch list),https://politifact.com/factchecks/2018/may/29/donald-trump/trump-correctly-tweets-democrats-mistakenly-tweete/,n/a,"Viral media (video/photo/screenshot). No primary record (original footage, metadata, or an official statement) was available to establish authenticity or date; the case rests on fact-checker analysis. Needs the June 2014 photo records or the outlet's own clarification; not located.",,,,A,"Evidence weaker than the catalog stated: catalog Proof_Basis ""Outlet's own correction"", but no primary proof could be confirmed.",Yes,2026-09-24 (MT)
"Early framing that MAGA-hatted Covington students instigated conflict, blocked Nathan Phillips, taunted him, and chanted “Build that wall”.
Began: Jan 19, 2019 | Ended: Mar 1, 2019 (WaPo editor’s note)",https://www.washingtonpost.com/nation/2019/03/01/editors-note-related-lincoln-memorial-incident/,"The Washington Post, CNN, and other major outlets; viral social amplification","weeks until WaPo editor’s note (Mar 1, 2019); settlements 2020",premature “proven” framing / retracted invention (+ later via editor’s note settlements),retracted/corrected,4,CNN and WaPo settlements; terms largely confidential,Proven false,https://storage.courtlistener.com/recap/gov.uscourts.kyed.88372/gov.uscourts.kyed.88372.81.0.pdf,Official record,Retraction after legal threat/settlement,first,"Could not verify against a primary source, move to the watch list",Watch list (unverified),Unverified,None confirmed (watch list),https://storage.courtlistener.com/recap/gov.uscourts.kyed.88372/gov.uscourts.kyed.88372.81.0.pdf,n/a,"The outlet's own correction or editor's note was not loaded or seen. Evidence is only secondary (other outlets, Attkisson, iMediaEthics, Poynter, or fact-checkers). Catalog PRIM is a stipulation of dismissal (no factual findings). WaPo's Mar 1, 2019 editor's note (the outlet's own correction) timed out through both curl and WebFetch.",,,,B,"Evidence weaker than the catalog stated: catalog Proof_Basis ""Official record"", but no primary proof could be confirmed.",Yes,2026-09-24 (MT)
"Linked Trump ally Anthony Scaramucci to a Russian investment fund in a way CNN later said did not meet standards.
Began: Jun 22, 2017 | Ended: Jun 23, 2017 (CNN retraction)",https://apnews.com/article/b38b7c50ea64423f96c40cca24221b15,"CNN (online investigative story, June 2017)","~1 day until CNN retraction (Jun 23, 2017)",retracted invention,retracted/corrected,5,,Proven false,https://apnews.com/article/b38b7c50ea64423f96c40cca24221b15,Outlet's own correction,Appended correction line,first,"Could not verify against a primary source, move to the watch list",Watch list (unverified),Unverified,None confirmed (watch list),https://apnews.com/article/b38b7c50ea64423f96c40cca24221b15,n/a,"The outlet's own correction or editor's note was not loaded or seen. Evidence is only secondary (other outlets, Attkisson, iMediaEthics, Poynter, or fact-checkers). AP report of CNN's retraction is secondary; CNN's own editor's note not loaded.",,,,B,"Evidence weaker than the catalog stated: catalog Proof_Basis ""Outlet's own correction"", but no primary proof could be confirmed.",Yes,2026-09-24 (MT)
"Email gave Trump campaign advance access to WikiLeaks documents (implied pre-release tip on Sept. 4, 2016).
Began: Dec 8, 2017 | Ended: Dec 8, 2017 (CNN correction)",https://money.cnn.com/2017/12/08/media/cnn-correction-email-story/index.html,CNN (Dec. 2017),"hours–same day until CNN correction (Dec 8, 2017)",retracted invention,retracted/corrected,6,,Proven false,https://money.cnn.com/2017/12/08/media/cnn-correction-email-story/index.html,Outlet's own correction,Appended correction line,first,"Could not verify against a primary source, move to the watch list",Watch list (unverified),Unverified,None confirmed (watch list),https://money.cnn.com/2017/12/08/media/cnn-correction-email-story/index.html,n/a,"The outlet's own correction or editor's note was not loaded or seen. Evidence is only secondary (other outlets, Attkisson, iMediaEthics, Poynter, or fact-checkers). CNN Money page returned 503.",,,,B,"Evidence weaker than the catalog stated: catalog Proof_Basis ""Outlet's own correction"", but no primary proof could be confirmed.",Yes,2026-09-24 (MT)
"Comey would refute Trump’s claim that Comey told him he was not personally under investigation.
Began: Jun 6, 2017 | Ended: Jun 7, 2017 (CNN correction)",https://www.washingtonpost.com/blogs/erik-wemple/wp/2017/06/07/cnn-corrects-comey-testimony-prediction-story/,"CNN (June 2017, ahead of Comey testimony)","~1 day until CNN correction (Jun 7, 2017)",retracted invention,retracted/corrected,7,,Proven false,https://www.washingtonpost.com/blogs/erik-wemple/wp/2017/06/07/cnn-corrects-comey-testimony-prediction-story/,Outlet's own correction,Appended correction line,first,"Could not verify against a primary source, move to the watch list",Watch list (unverified),Unverified,None confirmed (watch list),https://www.washingtonpost.com/blogs/erik-wemple/wp/2017/06/07/cnn-corrects-comey-testimony-prediction-story/,n/a,"The outlet's own correction or editor's note was not loaded or seen. Evidence is only secondary (other outlets, Attkisson, iMediaEthics, Poynter, or fact-checkers). WaPo (Erik Wemple) report about CNN's correction is secondary; CNN's own correction was not loaded (WaPo also timed out).",,,,B,"Evidence weaker than the catalog stated: catalog Proof_Basis ""Outlet's own correction"", but no primary proof could be confirmed.",Yes,2026-09-24 (MT)
"Flynn prepared to testify that candidate Trump directed him to contact Russians during the campaign.
Began: Dec 1, 2017 | Ended: Dec 1, 2017 (ABC correction)",https://apnews.com/article/78440c185b7c49b39573257ad3353295,"ABC News, Brian Ross (Dec. 1, 2017 special report)",hours (same-day ABC correction; Ross suspended Dec 2),retracted invention (timeline error with major implications),retracted/corrected,8,,Proven false,https://apnews.com/article/78440c185b7c49b39573257ad3353295,Outlet's own correction,Appended correction line,first,"Could not verify against a primary source, move to the watch list",Watch list (unverified),Unverified,None confirmed (watch list),https://apnews.com/article/78440c185b7c49b39573257ad3353295,n/a,"The outlet's own correction or editor's note was not loaded or seen. Evidence is only secondary (other outlets, Attkisson, iMediaEthics, Poynter, or fact-checkers). AP quotes ABC's apology (""We deeply regret and apologize for the serious error""), but this is secondary; ABC's own correction page was not loaded.",,,,B,"Evidence weaker than the catalog stated: catalog Proof_Basis ""Outlet's own correction"", but no primary proof could be confirmed.",Yes,2026-09-24 (MT)
"Trump personally instructed Cohen to lie to Congress about Trump Tower Moscow timing.
Began: Jan 17, 2019 | Ended: Jan 18, 2019 (Mueller office statement)",https://www.npr.org/2019/01/18/686532446/buzzfeed-trump-directed-cohen-to-lie-to-congress-about-a-trump-tower-in-moscow,BuzzFeed News (Jan. 2019),"~1 day until Mueller office dispute (Jan 18, 2019)",premature “proven” framing (SCO dispute),false,9,"BuzzFeed stood by story; SCO said description “not accurate”
Also: https://web.archive.org/web/20200315000000id_/https://www.justice.gov/storage/report_volume2.pdf
Primary record: Mueller Report Vol. II recounts Cohen's false congressional statements and a 'party line' via the President's personal counsel; it does not establish that Trump personally directed Cohen to lie to Congress as BuzzFeed claimed.
Official copy (justice.gov archives; may require browser): https://www.justice.gov/archives/sco/file/1373816/dl",Proven false,https://web.archive.org/web/20200315000000id_/https://www.justice.gov/storage/report_volume2.pdf,Official record,Never corrected,first,Verified by SwampForce (no approved checker covered it),Proven false,Official record,"Official record (Mueller Report Vol. II, archived DOJ PDF)",https://web.archive.org/web/20200315000000id_/https://www.justice.gov/storage/report_volume2.pdf,200,"Vol. II section ""Cohen Determines to Adhere to a 'Party Line' Distancing Candidate Trump From Russia""; the report does not find that Trump directed Cohen to lie to Congress about Trump Tower Moscow (Special Counsel spokesman also disputed BuzzFeed). Archived copy used because justice.gov returns 401.",,,Verified by SwampForce,,,,2026-09-24 (MT)
"Dossier’s core conspiracy claims (e.g., sustained Trump–Russia criminal coordination, Prague meeting, etc.) presented as investigative foundation or validated.
Began: Jan 10, 2017 | Ended: Apr 18, 2019 (Mueller report); May 15, 2023 (Durham)",https://www.justice.gov/storage/durhamreport.pdf,"BuzzFeed (published full unverified dossier Jan. 10, 2017); extensive cable/network amplification of dossier allegations as serious/credible",years until Mueller (Apr 2019) / Durham (May 2023),premature “proven” framing,misleading,10,BuzzFeed labeled dossier unverified at publication; amplification treated as validated,Proven false,https://www.justice.gov/storage/durhamreport.pdf,Official record,Unknown,first,Verified by SwampForce (no approved checker covered it),Proven false,Official record,"Official record (DOJ OIG FISA report, Dec 2019)",https://web.archive.org/web/2020id_/https://www.justice.gov/storage/120919-examination.pdf,200,"Horowitz report: the Crossfire Hurricane team ""was unable to corroborate any of the specific substantive allegations regarding Carter Page"" in Steele's reporting; the Primary Sub-source's Jan 2017 interview ""raised significant questions about the reliability of the Steele reporting."" Mueller Report: ""Cohen had never traveled to Prague"".",,,Verified by SwampForce,,Catalog PRIM (Durham report on justice.gov) could not be loaded (401; the archive timed out); substituted with the OIG and Mueller reports.,,2026-09-24 (MT)
"There was “more than circumstantial evidence” of Trump–Russia collusion; collusion portrayed as established fact ahead of Mueller.
Began: 2017 | Ended: Apr 18, 2019 (Mueller report)",https://www.justice.gov/d9/report.pdf,Rep. Adam Schiff and many media/political voices (2017–2019),"months–years until Mueller report (Apr 18, 2019)",premature “proven” framing,misleading,11,,Proven false,https://www.justice.gov/d9/report.pdf,Official record,Unknown,first,Verified by SwampForce (no approved checker covered it),Proven false,Official record,Official record (Mueller Report Vol. I),https://cdn.cnn.com/cnn/2019/images/04/18/mueller-report-searchable.pdf,200,"Vol. I: ""the investigation did not establish that members of the Trump Campaign conspired or coordinated with the Russian government in its election interference activities.""",,,Verified by SwampForce,,Copy hosted by CNN/web.archive.org because justice.gov returns 401; text is the DOJ-released report.,,2026-09-24 (MT)
"Trump told Americans drinking bleach could help with COVID-19.
Began: Jul 9, 2020 | Ended: No ending date (still repeated)",https://politifact.com/factchecks/2020/jul/11/joe-biden/no-trump-didnt-tell-americans-infected-coronavirus/,"Joe Biden (July 9, 2020 speech)",Not clearly documented,misquote / truncation / false attribution of words/intent,false / misleading,12,"Primary record: The April 23, 2020 White House briefing transcript shows Trump asking whether disinfectant could be used 'by injection' or 'almost a cleaning,' not telling Americans to drink bleach.",Proven false,https://trumpwhitehouse.archives.gov/briefings-statements/remarks-president-trump-vice-president-pence-members-coronavirus-task-force-press-briefing-31/,Original transcript/video,Never corrected — fact-checked only,first,Verified by SwampForce + independently confirmed,Proven false,Original transcript/video,Official transcript,https://trumpwhitehouse.archives.gov/briefings-statements/remarks-president-trump-vice-president-pence-members-coronavirus-task-force-press-briefing-31/,200,"Apr 23, 2020 WH briefing transcript: Trump asks ""is there a way we can do something like that, by injection inside or almost a cleaning"" and later ""It wouldn't be through injection. We're talking about through almost a cleaning, sterilization of an area."" No instruction to drink bleach.",PolitiFact,https://politifact.com/factchecks/2020/jul/11/joe-biden/no-trump-didnt-tell-americans-infected-coronavirus/,Verified by SwampForce | Independently confirmed by PolitiFact,,,,2026-09-24 (MT)
"Trump said undocumented immigrants (generally) “aren’t people… these are animals”.
Began: May 2018 | Ended: Not clearly documented",https://www.factcheck.org/2018/05/trumps-and-pelosis-immigration-spat/,Nancy Pelosi; some news headlines/coverage (May 2018),Not clearly documented,omitted context,misleading,13,"Primary record: The May 16, 2018 White House sanctuary-state roundtable transcript shows Trump saying 'These aren't people. These are animals' in the context of discussing MS-13 gang members, not undocumented immigrants generally.",Rated misleading,https://trumpwhitehouse.archives.gov/briefings-statements/remarks-president-trump-california-sanctuary-state-roundtable/,Original transcript/video,Never corrected — fact-checked only,first,Verified by SwampForce + independently confirmed,Rated misleading,Original transcript/video,Official transcript,https://trumpwhitehouse.archives.gov/briefings-statements/remarks-president-trump-california-sanctuary-state-roundtable/,200,"May 16, 2018 roundtable transcript: ""These aren't people. These are animals."" follows discussion of MS-13 (""you wouldn't believe how bad these people are""), not immigrants generally.",FactCheck.org,https://www.factcheck.org/2018/05/trumps-and-pelosis-immigration-spat/,Verified by SwampForce | Independently confirmed by FactCheck.org,,,,2026-09-24 (MT)
"Park Police cleared peaceful protesters from Lafayette Square specifically to enable Trump’s Bible photo opportunity.
Began: Jun 1, 2020 | Ended: Jun 9, 2021 (Interior IG report)",https://www.oversight.gov/sites/default/files/documents/reports/2021-06/SpecialReviewUSPPActionsAtLafayetteParkPublic.pdf,"Widespread media framing after June 1, 2020 St. John’s Church visit","~1 year until Interior IG report (Jun 9, 2021)",false attribution of words/intent / omitted context (motive),misleading,14,"IG did not find clearing done for photo-op; separate debates on irritants remain
Primary record: DOI OIG's Lafayette Park special review finds USPP cleared the park to install antiscale fencing after officer injuries and property damage, and evidence did not support clearing it so Trump could walk to St. John's Church.",Rated misleading,https://www.doioig.gov/sites/default/files/media/document/2021-09/SpecialReview_USPPActionsAtLafayettePark_FOIAReadingRoom.pdf,Official record,Never corrected,first,Verified by SwampForce (no approved checker covered it),Rated misleading,Official record,Official record (DOI OIG report),https://www.doioig.gov/sites/default/files/media/document/2021-09/SpecialReview_USPPActionsAtLafayettePark_FOIAReadingRoom.pdf,200,"DOI OIG June 8, 2021: ""The evidence we obtained did not support a finding that the USPP cleared the park to allow the President to survey the damage and walk to St. John's Church. Instead ... cleared the park to allow the contractor to safely install the antiscale fencing"".",,,Verified by SwampForce,,,,2026-09-24 (MT)
"NY Post laptop story had “all the classic earmarks of Russian information operations” (often flattened in coverage to “is Russian disinfo”).
Began: Oct 19, 2020 | Ended: No ending date (still repeated)",https://www.politico.com/news/2020/10/19/hunter-biden-story-russian-disinfo-430276,"51 former intelligence officials (Oct. 19, 2020 public letter); media/political amplification treating story as likely Russian op; social platforms limited NY Post story",months–years until authentication / platform walk-backs,premature “proven” framing,misleading,15,"Primary record: The House Judiciary/Weaponization interim staff report documents the FBI already possessed Hunter Biden's laptop and that DOJ later authenticated it in court, undercutting the 'classic earmarks of Russian disinfo' framing of the NY Post story.",Rated misleading,https://permanent.fdlp.gov/gpo234285/FBI-Election-Interference-Report-FINAL--10-30-24-.pdf,Official record,Never corrected,first,Verified by SwampForce (no approved checker covered it),Rated misleading,Official record,Official record (House Judiciary/Weaponization interim staff report),https://permanent.fdlp.gov/gpo234285/FBI-Election-Interference-Report-FINAL--10-30-24-.pdf,200,"GPO-archived report: 51 former officials said the story bore ""all the classic earmarks of a Russian information operation""; ""the Biden Department of Justice (DOJ) has since authenticated the laptop as evidence in federal court.""",,,Verified by SwampForce,,Source is a majority-staff (partisan) congressional report; a court record of the laptop authentication would be stronger. The case is correctly Rated misleading (the letter hedged).,,2026-09-24 (MT)
"Repeated that a jury found Trump liable for rape (E. Jean Carroll case).
Began: Mar 10, 2024 | Ended: Dec 14, 2024 (ABC settlement)",https://www.reuters.com/legal/abc-pay-15-mln-trump-library-settle-lawsuit-court-documents-show-2024-12-14/,George Stephanopoulos; ABC News (March 2024 interview),"months until ABC settlement (Dec 14, 2024)",misquote / truncation (verdict label) later settlement,retracted/corrected,16,ABC settlement ~$15M to Trump library + fees; regret statement; no full liability admission required for inclusion,Proven false,https://storage.courtlistener.com/recap/gov.uscourts.flsd.664183/gov.uscourts.flsd.664183.58.1.pdf,Official record,Retraction after legal threat/settlement,later,Verified by SwampForce (no approved checker covered it),Proven false,Official record,"Official record (jury verdict form, OCR) + settlement agreement",https://storage.courtlistener.com/recap/gov.uscourts.nysd.590045/gov.uscourts.nysd.590045.174.0.pdf,200,"Carroll v. Trump verdict form (SDNY, 05/09/23), Q1 ""Did Ms. Carroll prove ... that Mr. Trump raped Ms. Carroll?"" marked NO (checkmark read by OCR); liability found on sexual abuse. ABC settlement (FLSD Doc 58-1) requires the editor's note: ""ABC News and George Stephanopoulos regret statements regarding President Donald J. Trump made during an interview ... on March 10, 2024.""",,,Verified by SwampForce,,"Judge Kaplan later wrote (July 2023) that the verdict implies Trump ""raped"" Carroll as the word is commonly understood. The literal claim (jury found him liable for rape) is contradicted by the verdict form, but the site should note this context.",,2026-09-24 (MT)
"DNI Tulsi Gabbard said Trump and Vladimir Putin “are very good friends”.
Began: Mar 17, 2025 | Ended: Mar 17, 2025 (AP withdrawal)",https://apnews.com/article/gabbard-russia-trump-putin-d4f20f73d1c16dd7e365eae782ff9c5f,Associated Press (March 2025),"hours–same day until AP withdrew (Mar 17, 2025)",retracted invention / misquote / truncation,retracted/corrected,17,,Proven false,https://apnews.com/article/gabbard-russia-trump-putin-d4f20f73d1c16dd7e365eae782ff9c5f,Fact-check only,Never corrected — fact-checked only,later,Verified by SwampForce (no approved checker covered it),Proven false,Outlet's own correction,Read the outlet's own corrected story; editor's note is an admission against interest,https://apnews.com/article/gabbard-russia-trump-putin-d4f20f73d1c16dd7e365eae782ff9c5f,"HTTP 200, 2026-09-24","AP editor's note on the story: ""This story was updated on Mar. 17, 2025, to delete erroneous reporting that U.S. Director of National Intelligence Tulsi Gabbard said President Donald Trump and Russian President Vladimir Putin 'are very good friends.' Gabbard was talking about Trump and Indian Prime Minister Narendra Modi.""",,,Verified by SwampForce,,Catalog listed Proof_Basis 'Fact-check only' but the evidence is AP's own correction; Correction_Visibility should be 'Appended correction line' not 'Never corrected'.,,2026-09-24 (MT)
"Initially characterized as false Trump’s claim that federal money went to “making mice transgender”.
Began: Mar 4, 2025 | Ended: Mar 5, 2025 (CNN fact-check update)",https://www.cnn.com/2025/03/04/politics/fact-check-trump-address-congress,CNN (March 2025 fact-check of Trump address to Congress),"~1 day until CNN updated fact-check (Mar 5, 2025)",retracted invention (fact-check walk-back),retracted/corrected,18,,Proven false,,Fact-check only,Never corrected — fact-checked only,later,Verified by SwampForce (no approved checker covered it),Proven false,Outlet's own correction,Read CNN's own fact-check page and its appended correction,https://www.cnn.com/2025/03/04/politics/fact-check-trump-address-congress,"HTTP 200, 2026-09-24","CNN correction on the page: ""...this item incorrectly characterized as false Trump's claim about federal money being spent for 'making mice transgender.' The article has been updated with context about the spending, which was for research studies on the potential human health impacts of treatments used in gender-affirming care.""",,,Verified by SwampForce,,"Proof is CNN's own correction (catalog said 'Fact-check only' / 'Never corrected'). CNN is Rejected as a fact-checker, but its correction counts as an admission against interest.",,2026-09-24 (MT)
"ICE agents showed up at Hamline Elementary School.
Began: Jan 24, 2025 | Ended: Jan 24, 2025 (CPS/Secret Service clarification)",https://www.cbsnews.com/chicago/news/hamline-school-immigration-raid-chicago-ice-agents/,Chicago Public Schools leaders (and media echoing); Gov. JB Pritzker and others amplified ICE-raid fears,"hours–same day until CPS/Secret Service clarification (Jan 24, 2025)",false attribution of words/intent / retracted invention,false / retracted/corrected,19,,Proven false,,Fact-check only,Never corrected — fact-checked only,later,"Could not verify against a primary source, move to the watch list",Watch list (unverified),Unverified,None confirmed (watch list),https://www.cbsnews.com/chicago/news/hamline-school-immigration-raid-chicago-ice-agents/,n/a,"Viral media (video/photo/screenshot). No primary record (original footage, metadata, or an official statement) was available to establish authenticity or date; the case rests on fact-checker analysis. CPS's ""misunderstanding"" statement found only as reproduced by CBS/NBC; no CPS or Secret Service primary posting located.",,,,A,,,2026-09-24 (MT)
"Smollett was attacked by Trump supporters / MAGA assailants in a hate crime reflecting Trump-era racism.
Began: Jan 29, 2019 | Ended: Feb 21, 2019 (police staged-attack finding)",https://apnews.com/article/debab6fce9db4e36b8e620b0b38e3258,"Media and politicians (e.g., Kamala Harris tweet calling it an “attempted modern-day lynching”) who treated Smollett’s account—MAGA attackers, rope, Trump-era climate—as factual","weeks until police staged finding (Feb 21, 2019); conviction later",inflammatory false premise / premature “proven” framing,false,20,IL Supreme Court 2024 procedural reversal on special prosecutor; staging finding remains basis,Proven false,https://apnews.com/article/debab6fce9db4e36b8e620b0b38e3258,Fact-check only,Unknown,first,Verified by SwampForce (no approved checker covered it),Proven false,Official record,Read Illinois Supreme Court opinion (court record) summarizing Office of Special Prosecutor findings,"https://ilcourtsaudio.blob.core.windows.net/antilles-resources/resources/dadcff96-2fa0-46b4-9d62-2c3aa687a0cd/People%20v.%20Smollett,%202024%20IL%20130431.pdf","HTTP 200, 2026-09-24","People v. Smollett, 2024 IL 130431 ¶10: ""the OSP explained that reasonable grounds existed to further prosecute defendant because he had planned and participated in a staged hate crime attack and thereafter made numerous false statements to Chicago police officers."" No record identifies any Trump-supporter assailant.",,,Verified by SwampForce,,"CAUTION: The Illinois Supreme Court reversed Smollett's 2021 conviction on due-process grounds (non-prosecution agreement), not on the facts. The site should say 'staged per special prosecutor findings; conviction later reversed on procedural grounds.' AP news link is not proof.",,2026-09-24 (MT)
"Tweet framing of Megyn Kelly–Putin interview overstated what Putin said regarding compromising info on Trump.
Began: Jun 5, 2017 | Ended: Jun 5, 2017 (NBC correction)",https://www.poynter.org/fact-checking/2017/not-fake-news-just-plain-wrong-top-media-corrections-of-2017/,NBC News (June 2017 tweet),"hours–same day until NBC correction (Jun 5, 2017)",misquote / truncation / retracted invention,retracted/corrected,21,,Proven false,,Outlet's own correction,Appended correction line,first,"Could not verify against a primary source, move to the watch list",Watch list (unverified),Unverified,None confirmed (watch list),https://www.poynter.org/fact-checking/2017/not-fake-news-just-plain-wrong-top-media-corrections-of-2017/,n/a,"The outlet's own correction or editor's note was not loaded or seen. Evidence is only secondary (other outlets, Attkisson, iMediaEthics, Poynter, or fact-checkers).",,,,B,"Evidence weaker than the catalog stated: catalog Proof_Basis ""Outlet's own correction"", but no primary proof could be confirmed.",Yes,2026-09-24 (MT)
"Speculative story connecting an Obama Hawaii trip to judicial action on Trump’s travel ban.
Began: Mar 2017 | Ended: Mar 16, 2017 (IJR retraction)",https://www.poynter.org/fact-checking/2017/not-fake-news-just-plain-wrong-top-media-corrections-of-2017/,Independent Journal Review (2017),"days until IJR retraction (Mar 16, 2017)",retracted invention,retracted/corrected,22,,Proven false,,Outlet's own correction,Appended correction line,first,"Could not verify against a primary source, move to the watch list",Watch list (unverified),Unverified,None confirmed (watch list),https://www.poynter.org/fact-checking/2017/not-fake-news-just-plain-wrong-top-media-corrections-of-2017/,n/a,"The outlet's own correction or editor's note was not loaded or seen. Evidence is only secondary (other outlets, Attkisson, iMediaEthics, Poynter, or fact-checkers).",,,,B,"Evidence weaker than the catalog stated: catalog Proof_Basis ""Outlet's own correction"", but no primary proof could be confirmed.",Yes,2026-09-24 (MT)
"Memes asserting Trump praised neo-Nazis as fine people, often omitting the condemnation sentence.
Began: 2017 | Ended: No ending date (still repeated)",https://politifact.com/article/2019/apr/26/context-trumps-very-fine-people-both-sides-remarks/,Viral social posts; memes recirculating truncated Charlottesville quotes,years of meme recirculation,misquote / truncation,misquote,23,"Primary record: The full Aug. 15, 2017 transcript supplies the condemnation sentence memes omit: Trump excludes neo-Nazis and white nationalists from 'very fine people' and says they 'should be condemned totally.'",Rated misleading,https://www.presidency.ucsb.edu/documents/remarks-infrastructure-and-exchange-with-reporters-new-york-city,Original transcript/video,Never corrected — fact-checked only,first,Verified by SwampForce + independently confirmed,Rated misleading,Original transcript/video,Original transcript (UCSB American Presidency Project),https://www.presidency.ucsb.edu/documents/remarks-infrastructure-and-exchange-with-reporters-new-york-city,200,"Same Aug 15, 2017 transcript: ""very fine people, on both sides"" is accompanied by ""I'm not talking about the neo-Nazis and the White nationalists, because they should be condemned totally"", which the memes omit.",PolitiFact,https://politifact.com/article/2019/apr/26/context-trumps-very-fine-people-both-sides-remarks/,Verified by SwampForce | Independently confirmed by PolitiFact,,,,2026-09-24 (MT)
"Continued characterizations that Trump told people to inject/drink disinfectant and that he endorsed neo-Nazis at Charlottesville.
Began: 2024 | Ended: No ending date (still repeated)",https://politifact.com/factchecks/2024/mar/28/joe-biden/biden-exaggerates-trumps-pandemic-comments-about-d/,Joe Biden (ongoing campaign rhetoric; 2024 debate context),years of campaign recirculation,misquote / truncation / omitted context,misleading,24,"Primary record: Same April 23, 2020 official briefing transcript is the primary record of the disinfectant remarks later recycled as 'drink/inject bleach' characterizations.",Rated misleading,https://trumpwhitehouse.archives.gov/briefings-statements/remarks-president-trump-vice-president-pence-members-coronavirus-task-force-press-briefing-31/,Original transcript/video,Never corrected — fact-checked only,later,Verified by SwampForce + independently confirmed,Rated misleading,Original transcript/video,Official transcript,https://trumpwhitehouse.archives.gov/briefings-statements/remarks-president-trump-vice-president-pence-members-coronavirus-task-force-press-briefing-31/,200,"Same Apr 23, 2020 transcript (see #12): musing/question, then ""It wouldn't be through injection"", not a directive. Charlottesville half verified via UCSB transcript (#1).",PolitiFact,https://politifact.com/factchecks/2024/mar/28/joe-biden/biden-exaggerates-trumps-pandemic-comments-about-d/,Verified by SwampForce | Independently confirmed by PolitiFact,,,,2026-09-24 (MT)
"Extreme versions on both sides; documented overstatements that Mueller “exonerated” on obstruction or that he proved criminal collusion.
Began: Mar 24, 2019 | Ended: Apr 18, 2019 (Mueller report)",https://www.justice.gov/d9/report.pdf,Cable news and print commentary equating “no conspiracy” with “Mueller found nothing” or continuing to say “collusion proven” after the report,"weeks until full Mueller report (Apr 18, 2019)",omitted context / premature “proven” framing,misleading,25,,Proven false,https://www.justice.gov/d9/report.pdf,Official record,Unknown,first,Verified by SwampForce (no approved checker covered it),Proven false,Official record,Official record (Mueller Report Vol. II),https://cdn.cnn.com/cnn/2019/images/04/18/mueller-report-searchable.pdf,200,"Vol. II: ""while this report does not conclude that the President committed a crime, it also does not exonerate him""; ""if we had confidence ... that the President clearly did not commit obstruction of justice, we would so state."" Contradicts both ""exonerated"" and ""found he obstructed"" absolutes.",,,Verified by SwampForce,,Copy hosted by CNN/web.archive.org because justice.gov returns 401; text is the DOJ-released report.,,2026-09-24 (MT)
"Absolute framing that there were no serious FBI process failures regarding Trump–Russia investigation.
Began: 2017 | Ended: May 15, 2023 (Durham report)",https://www.justice.gov/storage/durhamreport.pdf,Politicians/networks that treated all criticism of Crossfire Hurricane/FISA as baseless “conspiracy theory”,"years until Durham report (May 15, 2023)",omitted context (process failures erased by absolute dismissal),misleading,26,Durham found process failures without proving broad criminal “deep state” conspiracy,Proven false,https://www.justice.gov/storage/durhamreport.pdf,Official record,Unknown,first,Verified by SwampForce (no approved checker covered it),Proven false,Official record,"Official record (DOJ OIG FISA report, Dec 2019)",https://web.archive.org/web/2020id_/https://www.justice.gov/storage/120919-examination.pdf,200,"Horowitz report: ""We identified at least 17 significant errors or omissions in the Carter Page FISA applications"".",,,Verified by SwampForce,,Catalog PRIM (Durham report) not loadable; OIG report substituted.,,2026-09-24 (MT)
"Absolute claims that no chemical irritants / tear gas were used, or that Park Police used CS tear gas for the photo-op.
Began: Jun 1, 2020 | Ended: Jun 9, 2021 (Interior IG report)",https://www.oversight.gov/sites/default/files/documents/reports/2021-06/SpecialReviewUSPPActionsAtLafayetteParkPublic.pdf,White House (“no tear gas”) vs media (“tear gas used”); politicians on both sides,"~1 year until Interior IG report (Jun 9, 2021)",omitted context,misleading,27,"Primary record: DOI OIG finds USPP did not authorize CS tear gas for the June 1, 2020 clearing and that officers used pepper balls/smoke; it also rejects the claim clearing was solely for Trump's church photo-op.",Rated misleading,https://www.doioig.gov/sites/default/files/media/document/2021-09/SpecialReview_USPPActionsAtLafayettePark_FOIAReadingRoom.pdf,Official record,Never corrected,first,Verified by SwampForce (no approved checker covered it),Rated misleading,Official record,Official record (DOI OIG report),https://www.doioig.gov/sites/default/files/media/document/2021-09/SpecialReview_USPPActionsAtLafayettePark_FOIAReadingRoom.pdf,200,"DOI OIG: USPP incident commander ""authorized only the use of devices that did not contain ... (CS) gas""; report notes pepper spray/pepper balls contain chemical irritants ""similar to CS gas"". Contradicts both absolute versions (no irritants / USPP used CS). Kept Rated misleading.",,,Verified by SwampForce,,,,2026-09-24 (MT)
"Implied timing that the cage photos were contemporary Trump policy images.
Began: May 2018 | Ended: May 2018 (Silverstein acknowledgment)",https://politifact.com/factchecks/2018/may/29/donald-trump/trump-correctly-tweets-democrats-mistakenly-tweete/,Jake Silverstein (NYT Magazine editor-in-chief) and others who retweeted 2014 photos implying they were current Trump-era images,hours–days until acknowledgment (May 2018),false photo/video attribution,false / retracted/corrected,28,,Proven false,,Fact-check only,Never corrected — fact-checked only,first,"Could not verify against a primary source, move to the watch list",Watch list (unverified),Unverified,None confirmed (watch list),https://politifact.com/factchecks/2018/may/29/donald-trump/trump-correctly-tweets-democrats-mistakenly-tweete/,n/a,"Viral media (video/photo/screenshot). No primary record (original footage, metadata, or an official statement) was available to establish authenticity or date; the case rests on fact-checker analysis. Needs the June 2014 photo records; not located.",,,,A,,,2026-09-24 (MT)
"Tweet expressing horror at cage photos as if depicting then-current Trump admin conditions (“Speechless. This is not who we are as a nation.”).
Began: May 2018 | Ended: Not clearly documented",https://apnews.com/article/a98f26f7c9424b44b7fa927ea1acd4d4,Antonio Villaraigosa (then CA gubernatorial candidate),Not clearly documented,false photo/video attribution,false,29,,Proven false,https://apnews.com/article/a98f26f7c9424b44b7fa927ea1acd4d4,Fact-check only,Never corrected — fact-checked only,first,"Could not verify against a primary source, move to the watch list",Watch list (unverified),Unverified,None confirmed (watch list),https://apnews.com/article/a98f26f7c9424b44b7fa927ea1acd4d4,n/a,"Viral media (video/photo/screenshot). No primary record (original footage, metadata, or an official statement) was available to establish authenticity or date; the case rests on fact-checker analysis. Original June 2014 AP/Arizona Republic photo records not located; AP is also the subject (barred as confirmer).",,,,A,,,2026-09-24 (MT)
"Initial piece harshly condemning Covington students based on incomplete video.
Began: Jan 2019 | Ended: Jan 22, 2019 (National Review apology/retraction)",https://www.washingtonpost.com/nation/2019/03/01/editors-note-related-lincoln-memorial-incident/,National Review (Jan. 2019),"days until National Review retraction (Jan 22, 2019)",premature “proven” framing / retracted invention,retracted/corrected,30,,Proven false,https://www.washingtonpost.com/nation/2019/03/01/editors-note-related-lincoln-memorial-incident/,Outlet's own correction,Appended correction line,first,"Could not verify against a primary source, move to the watch list",Watch list (unverified),Unverified,None confirmed (watch list),https://www.washingtonpost.com/nation/2019/03/01/editors-note-related-lincoln-memorial-incident/,n/a,"The outlet's own correction or editor's note was not loaded or seen. Evidence is only secondary (other outlets, Attkisson, iMediaEthics, Poynter, or fact-checkers). The loaded WaPo editor's note covers WaPo's coverage, not National Review's; National Review's own retraction was not located.",,,,B,"Evidence weaker than the catalog stated: catalog Proof_Basis ""Outlet's own correction"", but no primary proof could be confirmed.",Yes,2026-09-24 (MT)
"That Trump’s March 16, 2024 Ohio rally “bloodbath” comment threatened political violence / another Jan. 6 if he lost.
Began: Mar 16, 2024 | Ended: Not clearly documented",https://www.factcheck.org/2024/03/trumps-bloodbath-comment/,Biden campaign; Joe Biden (X post and statements); widespread media headlines treating remark as Jan. 6-style violence threat,days of headline cycle (March 2024),omitted context,misleading,31,"Primary record: The March 16, 2024 Ohio rally transcript places the 'bloodbath' line in a discussion of auto imports/China-Mexico manufacturing, not a call for political violence.",Rated misleading,https://www.rev.com/transcripts/donald-trump-speaks-at-rally-in-ohio,Original transcript/video,Never corrected — fact-checked only,later,Verified by SwampForce + independently confirmed,Rated misleading,Original transcript/video,Original transcript (rev.com),https://www.rev.com/transcripts/donald-trump-speaks-at-rally-in-ohio,200,"Mar 16, 2024 Ohio rally: tariff on cars ""you're not going to be able to sell those cars, if I get elected. Now, if I don't get elected, it's going to be a bloodbath for the whole... It's going to be a bloodbath for the country."" Auto-industry context. Kept Rated misleading.",FactCheck.org,https://www.factcheck.org/2024/03/trumps-bloodbath-comment/,Verified by SwampForce | Independently confirmed by FactCheck.org,,rev.com third-party transcription.,,2026-09-24 (MT)
"Framing that Trump promised to be a dictator on day one (implying general authoritarian rule / retribution).
Began: Dec 2023 | Ended: No ending date (still repeated)",https://www.snopes.com/news/2024/01/24/trump-dictator-day-one/,Multiple outlets’ headlines and Biden/Harris campaign amplification (Dec. 2023–2024),months of campaign recirculation (2023–2024),omitted context / misquote / truncation,misleading,32,"Primary record: The Dec. 5, 2023 Hannity town-hall transcript shows Trump saying 'Except for day one' about being a dictator, then specifying closing the border and drilling, and 'After that, I'm not a dictator.'",Rated misleading,https://www.rev.com/transcripts/trump-town-hall-with-hannity-12-5-23-transcript,Original transcript/video,Never corrected — fact-checked only,later,Verified by SwampForce + independently confirmed,Rated misleading,Original transcript/video,Original transcript (rev.com),https://www.rev.com/transcripts/trump-town-hall-with-hannity-12-5-23-transcript,200,"Dec 5, 2023 Hannity: ""Except for day one ... We're closing the border and we're drilling, drilling, drilling. After that, I'm not a dictator."" Kept Rated misleading.",Snopes,https://www.snopes.com/news/2024/01/24/trump-dictator-day-one/,Verified by SwampForce | Independently confirmed by Snopes,,rev.com third-party transcription.,,2026-09-24 (MT)
"Supreme Court “ratified Donald Trump’s ‘total and complete shutdown’ of Muslims entry into the United States”.
Began: Jun 26, 2018 | Ended: Not clearly documented",https://www.supremecourt.gov/opinions/17pdf/17-965_h315.pdf,"Rep. Keith Ellison (tweet, June 26, 2018, after Trump v. Hawaii)",Not clearly documented,policy-scope inflation / false attribution of words/intent,false / misleading,33,,Proven false,https://www.supremecourt.gov/opinions/17pdf/17-965_h315.pdf,Official record,Unknown,first,Verified by SwampForce (no approved checker covered it),Proven false,Official record,Official record (Supreme Court opinion),https://www.supremecourt.gov/opinions/17pdf/17-965_h315.pdf,200,"Trump v. Hawaii: ""The Proclamation, moreover, is facially neutral toward religion""; ""It is expressly premised on legitimate purposes and says nothing about religion."" Upheld Proclamation 9645, not the campaign ""total and complete shutdown"" statement (which the Court quotes as extrinsic evidence).",,,Verified by SwampForce,,,,2026-09-24 (MT)
"Unverified allegation that Russian oligarchs secretly guaranteed / co-signed Trump’s Deutsche Bank loans.
Began: Aug 27, 2019 | Ended: Aug 28, 2019 (O’Donnell retraction)",https://apnews.com/article/5f32c14a803e43359dff5e8151dade4c,"Lawrence O’Donnell, MSNBC (Aug. 27, 2019 broadcast)","~1 day until O’Donnell retraction (Aug 28, 2019)",retracted invention,retracted/corrected,34,,Proven false,https://apnews.com/article/5f32c14a803e43359dff5e8151dade4c,Outlet's own correction,Appended correction line,first,"Could not verify against a primary source, move to the watch list",Watch list (unverified),Unverified,None confirmed (watch list),https://apnews.com/article/5f32c14a803e43359dff5e8151dade4c,n/a,"The outlet's own correction or editor's note was not loaded or seen. Evidence is only secondary (other outlets, Attkisson, iMediaEthics, Poynter, or fact-checkers). AP report of O'Donnell's retraction is secondary; MSNBC's own retraction not loaded.",,,,B,"Evidence weaker than the catalog stated: catalog Proof_Basis ""Outlet's own correction"", but no primary proof could be confirmed.",Yes,2026-09-24 (MT)
"Mueller “told us… that but for the Department of Justice policy prohibiting [him] from doing so, he would have indicted President Trump”.
Began: Jul 26, 2019 | Ended: Not clearly documented",https://www.factcheck.org/2019/07/nadler-misrepresents-mueller-testimony/,"Rep. Jerrold Nadler (July 26, 2019 press conference after Mueller testimony)",Not clearly documented,false attribution of words/intent / omitted context,misleading / false,35,"Primary record: Mueller's July 24, 2019 House Judiciary testimony (official hearing record) states DOJ policy and fairness led him not to make a traditional prosecution decision on the President—not that he would have indicted but for OLC policy as Nadler framed it.",Rated misleading,https://www.govinfo.gov/content/pkg/CHRG-116hhrg38243/html/CHRG-116hhrg38243.htm,Official record,Never corrected — fact-checked only,first,Verified by SwampForce + independently confirmed,Rated misleading,Official record,Official hearing record,https://www.govinfo.gov/content/pkg/CHRG-116hhrg38243/html/CHRG-116hhrg38243.htm,200,"July 24, 2019 House Judiciary hearing: the office ""would not reach a determination one way or the other whether the President committed a crime""; Mueller said they went forward ""taking into account the OLC opinion"". Kept Rated misleading.",FactCheck.org,https://www.factcheck.org/2019/07/nadler-misrepresents-mueller-testimony/,Verified by SwampForce | Independently confirmed by FactCheck.org,,,,2026-09-24 (MT)
"Presented a dramatized “essence” of the Trump–Zelensky call including invented lines (e.g., repeated demands to “make up dirt,” “don’t call us again” until demands met) that are not in the White House call memorandum.
Began: Sep 2019 | Ended: Not clearly documented",https://www.factcheck.org/2019/10/schiffs-parody-and-trumps-response/,"Rep. Adam Schiff (House Intelligence hearing opening, Sept. 2019)",Not clearly documented,false attribution of words/intent / misquote / truncation,misleading / misquote,36,,Rated misleading,,Fact-check only,Never corrected — fact-checked only,first,Verified by SwampForce + independently confirmed,Rated misleading,Official record,Compared the White House-released call memorandum (primary) against the dramatized lines,https://trumpwhitehouse.archives.gov/wp-content/uploads/2019/09/Unclassified09.2019.pdf,"HTTP 200, 2026-09-24","The July 25, 2019 memorandum contains ""I would like you to do us a favor though..."" and the Biden passage, but the words ""dirt"", ""seven times"" and ""don't call"" do not appear anywhere in the memorandum text (full-text search, 0 hits for ""dirt""). Schiff's wording is as quoted by FactCheck.org; the C-SPAN hearing video (c-span.org) returned 403 to our box.",FactCheck.org,https://www.factcheck.org/2019/10/schiffs-parody-and-trumps-response/,Verified by SwampForce | Independently confirmed by FactCheck.org,,"Schiff called it 'parody' during the hearing, so 'Rated misleading' (not false) is correct.",,2026-09-24 (MT)
"Martin Luther King Jr. bust had been removed from the Oval Office under Trump.
Began: Jan 20, 2017 | Ended: Jan 20, 2017 (TIME/Miller correction)",https://politifact.com/article/2017/jan/22/context-winston-churchill-and-mlk-busts/,TIME; pool reporter Zeke Miller (Jan. 2017),"minutes–hours (same-day correction, Jan 20, 2017)",retracted invention / false photo/video attribution (visual misread),retracted/corrected,37,,Proven false,,Outlet's own correction,Appended correction line,first,"Could not verify against a primary source, move to the watch list",Watch list (unverified),Unverified,None confirmed (watch list),https://politifact.com/article/2017/jan/22/context-winston-churchill-and-mlk-busts/,n/a,"The outlet's own correction or editor's note was not loaded or seen. Evidence is only secondary (other outlets, Attkisson, iMediaEthics, Poynter, or fact-checkers).",,,,B,"Evidence weaker than the catalog stated: catalog Proof_Basis ""Outlet's own correction"", but no primary proof could be confirmed.",Yes,2026-09-24 (MT)
"Russian government hackers penetrated the U.S. electricity grid through a Vermont utility.
Began: Dec 30, 2016 | Ended: Jan 2, 2017 (WaPo follow-up/correction)",https://www.snopes.com/fact-check/report-vermont-power-grid-infiltrated-by-russian-hackers/,"The Washington Post (Dec. 30, 2016; early Trump-transition coverage widely used against Trump–Russia narrative climate)","days until WaPo correction/follow-up (Jan 2, 2017)",premature “proven” framing / retracted invention,retracted/corrected,38,,Proven false,,Outlet's own correction,Appended correction line,first,"Could not verify against a primary source, move to the watch list",Watch list (unverified),Unverified,None confirmed (watch list),https://www.snopes.com/fact-check/report-vermont-power-grid-infiltrated-by-russian-hackers/,n/a,"The outlet's own correction or editor's note was not loaded or seen. Evidence is only secondary (other outlets, Attkisson, iMediaEthics, Poynter, or fact-checkers).",,,,B,"Evidence weaker than the catalog stated: catalog Proof_Basis ""Outlet's own correction"", but no primary proof could be confirmed.",Yes,2026-09-24 (MT)
"Identified Belarusian-American businessman Sergei Millian as a key Steele dossier source for Trump–Russia allegations.
Began: Mar 2017 | Ended: Nov 12, 2021 (WaPo removed portions)",https://www.washingtonpost.com/lifestyle/style/media-washington-post-steele-dossier/2021/11/12/f7c9b770-43d5-11ec-a88e-2aa4632af69b_story.html,The Washington Post (2017 and 2019 stories),"years until large portions removed (Nov 12, 2021)",retracted invention,retracted/corrected,39,Post removed large portions after Danchenko indictment; editor’s notes added,Proven false,,Fact-check only,Editor's note at bottom of article,first,"Could not verify against a primary source, move to the watch list",Watch list (unverified),Unverified,None confirmed (watch list),https://www.washingtonpost.com/lifestyle/style/media-washington-post-steele-dossier/2021/11/12/f7c9b770-43d5-11ec-a88e-2aa4632af69b_story.html,n/a,"The outlet's own correction or editor's note was not loaded or seen. Evidence is only secondary (other outlets, Attkisson, iMediaEthics, Poynter, or fact-checkers).",,,,B,,,2026-09-24 (MT)
"Early framing that Manafort wanted polling data passed to Russian oligarch Oleg Deripaska.
Began: Jan 8, 2019 | Ended: Jan 9, 2019 (NYT correction)",https://www.nytimes.com/2019/01/08/us/politics/manafort-trump-campaign-data-kilimnik.html,The New York Times (Jan. 2019),"~1 day until NYT correction (Jan 9, 2019)",retracted invention,retracted/corrected,40,,Proven false,https://www.nytimes.com/2019/01/08/us/politics/manafort-trump-campaign-data-kilimnik.html,Outlet's own correction,Appended correction line,first,"Could not verify against a primary source, move to the watch list",Watch list (unverified),Unverified,None confirmed (watch list),https://www.nytimes.com/2019/01/08/us/politics/manafort-trump-campaign-data-kilimnik.html,n/a,"The outlet's own correction or editor's note was not loaded or seen. Evidence is only secondary (other outlets, Attkisson, iMediaEthics, Poynter, or fact-checkers). NYT page returned 403.",,,,B,"Evidence weaker than the catalog stated: catalog Proof_Basis ""Outlet's own correction"", but no primary proof could be confirmed.",Yes,2026-09-24 (MT)
"Trump, through Trump Org interest in NYC building, currently owes Bank of China tens of millions due in 2022—complicating China-hawk attacks on Biden.
Began: Apr 24, 2020 | Ended: Apr 27, 2020 (POLITICO editor’s note)",https://www.politico.com/news/2020/04/27/politicos-reporting-on-president-trump-and-the-bank-of-china-214107,"POLITICO (April 24, 2020)","days until POLITICO editor’s note (Apr 27, 2020)",retracted invention,retracted/corrected,41,,Proven false,,Outlet's own correction,Editor's note at bottom of article,first,Verified by SwampForce (no approved checker covered it),Proven false,Outlet's own correction,Outlet's own correction (Politico editor's note),https://www.politico.com/news/2020/04/27/politicos-reporting-on-president-trump-and-the-bank-of-china-214107,200,"Politico, Apr 27, 2020: ""Why Friday's article on Trump's business dealings with China was updated and corrected ... new reporting and information have led us to update and correct the article after publication.""",,,Verified by SwampForce,,,,2026-09-24 (MT)
"Trump would force states to monitor women’s pregnancies (tied to “his” Project 2025).
Began: Oct 2024 | Ended: No ending date (still repeated)",https://politifact.com/factchecks/2024/nov/01/kamala-harris/kamala-harris-wrong-that-donald-trump-would-force/,"Kamala Harris (Oct. 29–30, 2024 speeches; related campaign ads)",Not clearly documented,false attribution of words/intent / policy-scope inflation,false,42,,Proven false,,Fact-check only,Never corrected — fact-checked only,later,Verified by SwampForce + independently confirmed,Proven false,Primary document,Primary document (Project 2025 Mandate text),https://web.archive.org/web/20241231222507id_/https://static.project2025.org/2025_MandateForLeadership_FULL.pdf,200,"Mandate for Leadership (archived full PDF), HHS chapter: ""HHS should use every available tool, including the cutting of funds, to ensure that every state reports exactly how many abortions take place within its borders, at what gestational age of the child, for what reason, the mother's state of residence, and by what method,"" with statistics ""separated by category: spontaneous miscarriage; ... stillbirths; and induced abortion."" Aggregate state statistics for CDC abortion surveillance. No provision to monitor women's pregnancies; the word-search finds no pregnancy-monitoring or registration proposal.",PolitiFact,https://politifact.com/factchecks/2024/nov/01/kamala-harris/kamala-harris-wrong-that-donald-trump-would-force/,Verified by SwampForce | Independently confirmed by PolitiFact,,,,2026-09-24 (MT)
"Project 2025 / Trump would require people to “register with a new federal agency when you get pregnant” / track “all pregnancies”.
Began: Sep 2024 | Ended: No ending date (still repeated)",https://politifact.com/factchecks/2024/sep/17/tim-walz/tim-walz-is-wrong-project-2025-doesnt-call-for-pre/,Tim Walz (Sept. 2024 rallies; VP debate-adjacent rhetoric),Not clearly documented,false attribution of words/intent,false,43,,Proven false,,Fact-check only,Never corrected — fact-checked only,later,Verified by SwampForce + independently confirmed,Proven false,Primary document,Primary document (Project 2025 Mandate text),https://web.archive.org/web/20241231222507id_/https://static.project2025.org/2025_MandateForLeadership_FULL.pdf,200,"Mandate for Leadership (archived full PDF), HHS chapter: ""HHS should use every available tool, including the cutting of funds, to ensure that every state reports exactly how many abortions take place within its borders, at what gestational age of the child, for what reason, the mother's state of residence, and by what method,"" with statistics ""separated by category: spontaneous miscarriage; ... stillbirths; and induced abortion."" Aggregate state statistics for CDC abortion surveillance. Search for ""register"" (20 hits, none on pregnancy), ""new federal agency"" (0) and ""pregnan"" finds no pregnancy registry or agency.",PolitiFact,https://politifact.com/factchecks/2024/sep/17/tim-walz/tim-walz-is-wrong-project-2025-doesnt-call-for-pre/,Verified by SwampForce | Independently confirmed by PolitiFact,,,,2026-09-24 (MT)
"Trump plans to cut Social Security benefits.
Began: 2024 | Ended: No ending date (still repeated)",https://politifact.com/factchecks/2024/jul/31/kamala-harris/kamala-harris-repeats-dubious-claim-that-donald-tr/,Kamala Harris; Joe Biden; Tim Walz (2024 campaign),months of 2024 campaign recirculation,omitted context / false attribution of words/intent,misleading,44,"Primary record: In the Dec. 5, 2023 Hannity town hall Trump says you don't have to touch Social Security and criticizes opponents for wanting to raise the eligibility age—contradicting absolute claims he plans to cut Social Security benefits.",Rated misleading,https://www.rev.com/transcripts/trump-town-hall-with-hannity-12-5-23-transcript,Original transcript/video,Never corrected — fact-checked only,later,Verified by SwampForce + independently confirmed,Rated misleading,Original transcript/video,Original transcript (rev.com transcription of broadcast),https://www.rev.com/transcripts/trump-town-hall-with-hannity-12-5-23-transcript,200,"Dec 5, 2023 Hannity town hall: ""they want to play around with your Social Security. You don't have to touch Social Security."" Kept Rated misleading.",PolitiFact,https://politifact.com/factchecks/2024/jul/31/kamala-harris/kamala-harris-repeats-dubious-claim-that-donald-tr/,Verified by SwampForce | Independently confirmed by PolitiFact,,"rev.com is a third-party transcription service, not an official record.",,2026-09-24 (MT)
"Trump intends to cut Medicare.
Began: 2024 | Ended: No ending date (still repeated)",https://politifact.com/factchecks/2024/aug/07/kamala-harris/kamala-harris-says-donald-trump-intends-to-cut-med/,Kamala Harris (2024 campaign),months of 2024 campaign recirculation,omitted context / false attribution of words/intent,misleading,45,Primary record: Same Hannity town-hall transcript pairs Trump's Social Security no-cut framing with energy-revenue arguments rather than a plan to cut Medicare benefits for seniors.,Rated misleading,https://www.rev.com/transcripts/trump-town-hall-with-hannity-12-5-23-transcript,Original transcript/video,Never corrected — fact-checked only,later,Verified by SwampForce + independently confirmed,Rated misleading,Original transcript/video,Search of the original post record (third-party archive),https://trumpstruth.org/search?query=cut+Medicare&start_date=2024-01-01&end_date=2024-08-07&removed=include&scope=all&media=all&per_page=100,200,"Trump Truth Social, July 28, 2024 (archived): ""I will not cut one penny from Social Security or Medicare, and I will not raise the retirement age by one day."" Also RT of June 22, 2024 D.C. remarks. Kept Rated misleading (a stated position omitted from the claim).",PolitiFact,https://politifact.com/factchecks/2024/aug/07/kamala-harris/kamala-harris-says-donald-trump-intends-to-cut-med/,Verified by SwampForce | Independently confirmed by PolitiFact,,Weaker than stated: the catalog PRIM (Hannity transcript) does not address Medicare; replaced with the archived Truth Social post.,Yes,2026-09-24 (MT)
"Trump’s budget cuts $845 billion from Medicare (implying benefit slash).
Began: 2019 | Ended: Not clearly documented",https://politifact.com/factchecks/2019/mar/26/joe-biden/trump-medicare-budget-cuts-billion/,Joe Biden (2019 campaign remarks),Not clearly documented,omitted context (fabricated-severity figure),misleading,46,"Primary record: OMB's FY2020 Major Savings and Reforms Medicare chapters describe proposed savings via provider-payment reforms, GME/uncompensated-care reclassification, and fraud/waste measures, while stating the aim of protecting Medicare for seniors—not a benefit-slash package.",Rated misleading,https://www.govinfo.gov/content/pkg/BUDGET-2020-MSV/pdf/BUDGET-2020-MSV.pdf,Official record,Never corrected — fact-checked only,first,Verified by SwampForce + independently confirmed,Rated misleading,Official record,Official record (FY2020 President's Budget),https://www.govinfo.gov/content/pkg/BUDGET-2020-BUD/pdf/BUDGET-2020-BUD.pdf,200,"FY2020 Budget (govinfo): Medicare proposals ""reduce wasteful spending and incentivize efficiency ... extending the solvency of the program ... consistent with the President's promise to protect Medicare"" and move hospital payments ""not directly related to Medicare's health insurance role outside the Medicare Trust Fund""; MSV: ""without affecting beneficiary access to providers or the care they receive."" Proposals are savings, largely provider-side. Kept Rated misleading.",PolitiFact,https://politifact.com/factchecks/2019/mar/26/joe-biden/trump-medicare-budget-cuts-billion/,Verified by SwampForce | Independently confirmed by PolitiFact,,"Catalog note said MSV states ""protecting Medicare for seniors""; that phrase is actually in the Budget volume, not MSV.",,2026-09-24 (MT)
"Trump “and his allies would enact a nationwide abortion ban, with or without Congress” / “Trump will do everything he can to ban abortion nationwide”.
Began: 2024 | Ended: No ending date (still repeated)",https://politifact.com/article/2024/aug/28/democrats-warn-trump-will-ban-abortion-leave-state/,Kamala Harris; Joe Biden (2024 DNC and campaign),months of 2024 campaign recirculation,false attribution of words/intent / omitted context,misleading,47,"Primary record: Trump's April 8, 2024 Truth Social video transcript says 'the states will determine' abortion law after Roe and does not call for a nationwide abortion ban.",Rated misleading,https://www.trumpstruth.org/statuses/3310,Original transcript/video,Never corrected — fact-checked only,later,Verified by SwampForce + independently confirmed,Rated misleading,Original transcript/video,Original post (archived Truth Social video transcript),https://www.trumpstruth.org/statuses/3310,200,"Apr 8, 2024: ""the states will determine by vote or legislation or perhaps both and whatever they decide must be the law of the land."" Kept Rated misleading.",PolitiFact,https://politifact.com/article/2024/aug/28/democrats-warn-trump-will-ban-abortion-leave-state/,Verified by SwampForce | Independently confirmed by PolitiFact,,,,2026-09-24 (MT)
"Project 2025 is Trump’s official plan / “Trump’s Project 2025”.
Began: 2024 | Ended: No ending date (still repeated)",https://politifact.com/article/2024/jul/12/project-2025-are-biden-campaign-warnings-about-pla/,Harris/Biden campaigns; Democratic Convention speakers; some media shorthand,months of 2024 campaign recirculation,false attribution of words/intent / omitted context,misleading,48,"Primary record: Trump's July 5, 2024 Truth Social post states 'I know nothing about Project 2025' and 'I have nothing to do with them,' contradicting framing that Project 2025 is Trump's official plan.",Rated misleading,https://trumpstruth.org/statuses/23580,Original transcript/video,Never corrected — fact-checked only,later,Verified by SwampForce + independently confirmed,Rated misleading,Original transcript/video,Original post (archived Truth Social),https://trumpstruth.org/statuses/23580,200,"July 5, 2024: ""I know nothing about Project 2025. I have no idea who is behind it ... I have nothing to do with them."" Kept Rated misleading.",PolitiFact,https://politifact.com/article/2024/jul/12/project-2025-are-biden-campaign-warnings-about-pla/,Verified by SwampForce | Independently confirmed by PolitiFact,,,,2026-09-24 (MT)
"Federal investigators had a wiretap on Cohen’s phones (implying listening to calls), including a White House-linked call.
Began: May 3, 2018 | Ended: May 3, 2018 (NBC correction)",https://apnews.com/general-news-television-02654755a4464a05b7fe68cc507a45d0,"NBC News (May 3, 2018)","hours (same-day NBC correction, May 3, 2018)",retracted invention,retracted/corrected,49,,Proven false,https://apnews.com/general-news-television-02654755a4464a05b7fe68cc507a45d0,Outlet's own correction,Appended correction line,first,"Could not verify against a primary source, move to the watch list",Watch list (unverified),Unverified,None confirmed (watch list),https://apnews.com/general-news-television-02654755a4464a05b7fe68cc507a45d0,n/a,"The outlet's own correction or editor's note was not loaded or seen. Evidence is only secondary (other outlets, Attkisson, iMediaEthics, Poynter, or fact-checkers). AP report of ABC's correction is secondary.",,,,B,"Evidence weaker than the catalog stated: catalog Proof_Basis ""Outlet's own correction"", but no primary proof could be confirmed.",Yes,2026-09-24 (MT)
"Trump said of Turkey’s Syria operation that it is “not our problem”.
Began: Oct 16, 2019 | Ended: Oct 16, 2019 (ABC/NBC corrections)",https://abcnews.com/Politics/trump-turkey-syria-problem/story?id=66319063,"ABC News, NBC News, and other outlets relying on flawed pool report (Oct. 16, 2019)","hours–same day until ABC/NBC corrections (Oct 16, 2019)",misquote / truncation,misquote / retracted/corrected,50,,Proven false,https://abcnews.com/Politics/trump-turkey-syria-problem/story?id=66319063,Outlet's own correction,Appended correction line,first,Verified by SwampForce (no approved checker covered it),Proven false,Outlet's own correction,Outlet's own correction (ABC News correction line),https://abcnews.com/Politics/trump-turkey-syria-problem/story?id=66319063,200,"ABC: ""Correction: This story has been updated to reflect that President Trump, when asked whether he was OK with Turkey's president refusing a ceasefire, responded, 'It's not our border.'""",,,Verified by SwampForce,,,,2026-09-24 (MT)
"Footage presented as depicting Turkish military attack on Kurds in Syria amid criticism of Trump’s Syria withdrawal.
Began: Oct 13, 2019 | Ended: Oct 14, 2019 (ABC apology)",https://apnews.com/arts-and-entertainment-general-news-television-programs-a2685a2439e6425d8d46db2bb1aa3f7a,"ABC News (World News Tonight; GMA, Oct. 2019)","~1 day until ABC apology (Oct 14, 2019)",false photo/video attribution,retracted/corrected / false,51,"Footage was from Knob Creek Machine Gun Shoot, Kentucky, not Syria (ABC later regretted the error). Aired during Turkey's offensive after Trump's Syria pullback; Snopes also documented ABC's regret statement. Also: https://www.snopes.com/fact-check/abc-video-syrian-war-footage/; https://www.usatoday.com/story/news/world/2019/10/15/abc-news-airs-knob-creek-kentucky-gun-range-video-as-syria-bombing/3984400002/",Proven false,https://apnews.com/arts-and-entertainment-general-news-television-programs-a2685a2439e6425d8d46db2bb1aa3f7a,Outlet's own correction,Appended correction line,first,"Could not verify against a primary source, move to the watch list",Watch list (unverified),Unverified,None confirmed (watch list),https://apnews.com/arts-and-entertainment-general-news-television-programs-a2685a2439e6425d8d46db2bb1aa3f7a,n/a,"The outlet's own correction or editor's note was not loaded or seen. Evidence is only secondary (other outlets, Attkisson, iMediaEthics, Poynter, or fact-checkers). AP report of ABC's apology (Kentucky gun-range footage) is secondary; ABC's own statement not loaded.",,,,B,"Evidence weaker than the catalog stated: catalog Proof_Basis ""Outlet's own correction"", but no primary proof could be confirmed.",Yes,2026-09-24 (MT)
"Trump “banned Muslims” / banned all Muslim entry to the U.S.
Began: 2017 | Ended: No ending date (still repeated)",https://www.factcheck.org/2018/06/trumps-travel-ban-doesnt-affect-all-muslims/,"Politicians, activists, and many headlines (2017–2018) treating EO/proclamation as banning Muslims as such",months–years of shorthand (2017–2018+),policy-scope inflation / omitted context,misleading,52,,Rated misleading,,Official record,Unknown,first,Verified by SwampForce + independently confirmed,Rated misleading,Official record,Official record (Executive Order text),https://trumpwhitehouse.archives.gov/presidential-actions/executive-order-protecting-nation-foreign-terrorist-entry-united-states/,200,"EO 13769 text: suspends entry ""of aliens from countries referred to in section 217(a)(12) of the INA ... for 90 days""; a restriction by nationality on listed countries, not on Muslims as such. See also Trump v. Hawaii (#33): the Proclamation ""is facially neutral toward religion"". Kept Rated misleading.",FactCheck.org,https://www.factcheck.org/2018/06/trumps-travel-ban-doesnt-affect-all-muslims/,Verified by SwampForce | Independently confirmed by FactCheck.org,,,,2026-09-24 (MT)
"Facility used incinerators / death-camp apparatus under Trump-era enforcement.
Began: 2025 | Ended: Not clearly documented",https://politifact.com/article/2025/jul/10/incinerators-alligator-alcatraz-florida/,Viral social posts and some activist amplification about Florida immigration detention (2025),Not clearly documented,inflammatory false premise / retracted invention (debunked rumor),false / inflammatory+false,53,,Proven false,,Fact-check only,Never corrected — fact-checked only,later,"Could not verify against a primary source, move to the watch list",Watch list (unverified),Unverified,None confirmed (watch list),https://politifact.com/article/2025/jul/10/incinerators-alligator-alcatraz-florida/,n/a,"Viral media (video/photo/screenshot). No primary record (original footage, metadata, or an official statement) was available to establish authenticity or date; the case rests on fact-checker analysis.",,,,A,,,2026-09-24 (MT)
"Explicit linkage: bloodbath clip + caption that Trump “wants another January 6”.
Began: Mar 2024 | Ended: Not clearly documented",https://www.factcheck.org/2024/03/trumps-bloodbath-comment/,Joe Biden; Biden HQ (March 2024),days of campaign cycle (March 2024),omitted context / inflammatory false premise,misleading / inflammatory+false,54,Primary record: The Ohio rally transcript's auto-industry 'bloodbath' context undercuts captions linking the clip to a desire for another January 6.,Rated misleading,https://www.rev.com/transcripts/donald-trump-speaks-at-rally-in-ohio,Original transcript/video,Never corrected — fact-checked only,later,Verified by SwampForce + independently confirmed,Rated misleading,Original transcript/video,Original transcript (rev.com),https://www.rev.com/transcripts/donald-trump-speaks-at-rally-in-ohio,200,"Same Mar 16, 2024 transcript as #31; the ""bloodbath"" line follows the auto-tariff passage; no reference to January 6 there.",FactCheck.org,https://www.factcheck.org/2024/03/trumps-bloodbath-comment/,Verified by SwampForce | Independently confirmed by FactCheck.org,,rev.com third-party transcription.,,2026-09-24 (MT)
"Trump plans to create a national anti-abortion coordinator and force states to report women’s miscarriages and abortions.
Began: Aug 22, 2024 | Ended: No ending date (still repeated)",https://www.factcheck.org/2024/10/walzs-false-project-2025-pregnancy-monitoring-claims/,"Kamala Harris (DNC speech Aug. 22, 2024; related ads)",Not clearly documented,false attribution of words/intent / omitted context,misleading,55,,Rated misleading,,Fact-check only,Never corrected — fact-checked only,later,Verified by SwampForce + independently confirmed,Rated misleading,Primary document,Primary document (Project 2025 Mandate text),https://web.archive.org/web/20241231222507id_/https://static.project2025.org/2025_MandateForLeadership_FULL.pdf,200,"Mandate for Leadership (archived full PDF), HHS chapter: ""HHS should use every available tool, including the cutting of funds, to ensure that every state reports exactly how many abortions take place within its borders, at what gestational age of the child, for what reason, the mother's state of residence, and by what method,"" with statistics ""separated by category: spontaneous miscarriage; ... stillbirths; and induced abortion."" Aggregate state statistics for CDC abortion surveillance. The reporting proposal is real (including a miscarriage category in statistics), but it concerns aggregate statistics, not reporting individual women; no ""anti-abortion coordinator"" found (the ""Coordinator"" hits are unrelated). Also Trump disavowed the document (Truth Social July 5, 2024, #48). Kept Rated misleading.",FactCheck.org,https://www.factcheck.org/2024/10/walzs-false-project-2025-pregnancy-monitoring-claims/,Verified by SwampForce | Independently confirmed by FactCheck.org,,,,2026-09-24 (MT)
"That Trump called the coronavirus / COVID-19 a “hoax”.
Began: Feb 28, 2020 | Ended: No ending date (still repeated)",https://www.factcheck.org/2020/03/trump-and-the-new-hoax/,Priorities USA Action ad; Mike Bloomberg; Terry McAuliffe; other Democrats (Feb–Apr 2020),weeks–months of 2020 ad/campaign recirculation,misquote / truncation / omitted context,misleading / misquote,56,"Primary record: The Feb. 28, 2020 North Charleston rally transcript shows Trump calling Democrats' politicization of coronavirus 'their new hoax,' not labeling the disease itself a hoax.",Rated misleading,https://www.presidency.ucsb.edu/documents/remarks-keep-america-great-rally-charleston-south-carolina,Original transcript/video,Never corrected — fact-checked only,first,Verified by SwampForce + independently confirmed,Rated misleading,Original transcript/video,Original transcript (UCSB),https://www.presidency.ucsb.edu/documents/remarks-keep-america-great-rally-charleston-south-carolina,200,"Feb 28, 2020: ""Now the Democrats are politicizing the coronavirus ... And this is their new hoax."" The ""hoax"" refers to Democrats' politicization. Kept Rated misleading.",FactCheck.org,https://www.factcheck.org/2020/03/trump-and-the-new-hoax/,Verified by SwampForce | Independently confirmed by FactCheck.org,,,,2026-09-24 (MT)
"Donald Trump says “all Mexicans are rapists”.
Began: Aug 2016 | Ended: Not clearly documented",https://www.politifact.com/factchecks/2016/aug/08/tim-kaine/tim-kaine-falsely-says-trump-said-all-mexicans-are/,Sen. Tim Kaine (Aug. 2016 TV interview as Clinton running mate),Not clearly documented,policy-scope inflation / misquote / truncation,false,57,"Primary record: The June 16, 2015 campaign-announcement transcript has Trump saying Mexico is 'sending' people who include 'rapists' and 'some, I assume, are good people,' not that 'all Mexicans are rapists.'",Proven false,https://www.presidency.ucsb.edu/documents/remarks-announcing-candidacy-for-president-new-york-city,Original transcript/video,Never corrected — fact-checked only,first,Verified by SwampForce + independently confirmed,Proven false,Original transcript/video,Original transcript (UCSB),https://www.presidency.ucsb.edu/documents/remarks-announcing-candidacy-for-president-new-york-city,200,"June 16, 2015: ""When Mexico sends its people, they're not sending their best ... They're rapists. And some, I assume, are good people."" Refers to people Mexico ""sends"", not all Mexicans.",PolitiFact,https://www.politifact.com/factchecks/2016/aug/08/tim-kaine/tim-kaine-falsely-says-trump-said-all-mexicans-are/,Verified by SwampForce | Independently confirmed by PolitiFact,,,,2026-09-24 (MT)
"Edit presented as continuous speech: Trump urging march to the Capitol and “we fight like hell,” implying a direct call for violent action.
Began: Oct 28, 2024 | Ended: Nov 13, 2025 (BBC apology)",https://apnews.com/article/britain-bbc-crisis-trump-panorama-a392fb275af25216ea23537c6f4347e4,"BBC Panorama (“Trump: A Second Chance?”), aired ahead of 2024 U.S. election; BBC Chair Samir Shah apology Nov. 2025","~1 year until BBC apology (Nov 13, 2025)",misquote / truncation / omitted context,retracted/corrected / misleading,58,,Proven false,https://apnews.com/article/britain-bbc-crisis-trump-panorama-a392fb275af25216ea23537c6f4347e4,Outlet's own correction,Appended correction line,later,"Could not verify against a primary source, move to the watch list",Watch list (unverified),Unverified,None confirmed (watch list),https://apnews.com/article/britain-bbc-crisis-trump-panorama-a392fb275af25216ea23537c6f4347e4,n/a,"The outlet's own correction or editor's note was not loaded or seen. Evidence is only secondary (other outlets, Attkisson, iMediaEthics, Poynter, or fact-checkers). AP report of the BBC admission is secondary; the BBC chair's own letter was not loaded.",,,,B,"Evidence weaker than the catalog stated: catalog Proof_Basis ""Outlet's own correction"", but no primary proof could be confirmed.",Yes,2026-09-24 (MT)
"White House adviser Kevin Hassett said Trump was considering a 90-day pause on tariffs (except China).
Began: Apr 7, 2025 | Ended: Apr 7, 2025 (Reuters/CNBC withdrawal)",https://www.nbcnews.com/business/markets/errant-headline-tariffs-pause-briefly-sent-stocks-soaring-rcna200004,Reuters (withdrawn story); CNBC on-air banner amplifying unverified claim about Kevin Hassett,"hours (same-day withdrawal, Apr 7, 2025)",retracted invention,retracted/corrected,59,,Proven false,,Fact-check only,Never corrected — fact-checked only,later,"Could not verify against a primary source, move to the watch list",Watch list (unverified),Unverified,None confirmed (watch list),https://www.nbcnews.com/business/markets/errant-headline-tariffs-pause-briefly-sent-stocks-soaring-rcna200004,n/a,"The primary record (agency data, official document, transcript) needed to test the claim was not reached or located in this pass. The case rests on fact-checker reporting only.",,,,C,,,2026-09-24 (MT)
"Trump told Georgia investigator Frances Watson to “find the fraud” and that she would be a “national hero” if she did.
Began: Jan 9, 2021 | Ended: Mar 16, 2021 (WaPo correction)",https://www.washingtonpost.com/opinions/2021/03/16/washington-post-correction-trump-call-georgia-investigator/,"The Washington Post (Jan. 9, 2021 story; corrected Mar. 2021 after audio release)","~2 months until WaPo correction (Mar 16, 2021)",retracted invention / misquote / truncation,retracted/corrected,60,,Proven false,https://www.washingtonpost.com/opinions/2021/03/16/washington-post-correction-trump-call-georgia-investigator/,Outlet's own correction,Appended correction line,first,Verified by SwampForce (no approved checker covered it),Proven false,Outlet's own correction,Outlet's own correction (Washington Post published correction column),https://www.washingtonpost.com/opinions/2021/03/16/washington-post-correction-trump-call-georgia-investigator/,partial (WebFetch returned the header and first paragraph only),"WaPo, Mar 16, 2021 (Wemple), ""The Post publishes correction on Trump call with Georgia investigator"": the Jan 9 report that Trump told Frances Watson to ""find the fraud"" and that she could be a ""national hero"" was corrected.",,,Verified by SwampForce,,Only the first paragraph loaded; the correction text itself was not seen. The Georgia SoS audio recording of the call is the underlying primary record (not reviewed here).,,2026-09-24 (MT)
"Trump’s CIA nominee Gina Haspel ran the Thailand black site during Abu Zubaydah’s waterboarding and mocked his suffering.
Began: Feb 2017 | Ended: Mar 15, 2018 (ProPublica correction)",https://apnews.com/article/europe-carter-page-cia-925492c0b3dce9c347bdcd46658d1543,"ProPublica (Feb. 2017; major correction Mar. 15, 2018 amid Haspel CIA-director nomination)","~1 year until ProPublica major correction (Mar 15, 2018)",retracted invention,retracted/corrected,61,,Proven false,https://apnews.com/article/europe-carter-page-cia-925492c0b3dce9c347bdcd46658d1543,Outlet's own correction,Appended correction line,first,"Could not verify against a primary source, move to the watch list",Watch list (unverified),Unverified,None confirmed (watch list),https://apnews.com/article/europe-carter-page-cia-925492c0b3dce9c347bdcd46658d1543,n/a,"The outlet's own correction or editor's note was not loaded or seen. Evidence is only secondary (other outlets, Attkisson, iMediaEthics, Poynter, or fact-checkers).",,,,B,"Evidence weaker than the catalog stated: catalog Proof_Basis ""Outlet's own correction"", but no primary proof could be confirmed.",Yes,2026-09-24 (MT)
"Trump was “talking about exterminating Latinos”.
Began: Aug 5, 2019 | Ended: Aug 6, 2019 (Wallace apology)",https://www.politifact.com/factchecks/2019/aug/08/nicolle-wallace/no-trump-hasnt-talked-about-exterminating-latinos/,"Nicolle Wallace, MSNBC (Aug. 2019, after El Paso)","~1 day until Wallace apology (Aug 6, 2019)",false attribution of words/intent / inflammatory false premise,false / retracted/corrected,62,,Proven false,,Outlet's own correction,Appended correction line,first,"Could not verify against a primary source, move to the watch list",Watch list (unverified),Unverified,None confirmed (watch list),https://www.politifact.com/factchecks/2019/aug/08/nicolle-wallace/no-trump-hasnt-talked-about-exterminating-latinos/,n/a,"The outlet's own correction or editor's note was not loaded or seen. Evidence is only secondary (other outlets, Attkisson, iMediaEthics, Poynter, or fact-checkers).",,,,B,"Evidence weaker than the catalog stated: catalog Proof_Basis ""Outlet's own correction"", but no primary proof could be confirmed.",Yes,2026-09-24 (MT)
"Framing via shortened clip that AG Barr’s Flynn dismissal undermined rule of law / was lawless.
Began: May 10, 2020 | Ended: May 12, 2020 (Todd/NBC apology)",https://apnews.com/article/731c44e0e4e5492ce4d52c717609b7f4,NBC Meet the Press; Chuck Todd (May 2020),"days until Todd/NBC on-air apology (May 12, 2020)",omitted context / misquote / truncation,retracted/corrected / misleading,63,,Proven false,https://apnews.com/article/731c44e0e4e5492ce4d52c717609b7f4,Outlet's own correction,Appended correction line,first,"Could not verify against a primary source, move to the watch list",Watch list (unverified),Unverified,None confirmed (watch list),https://apnews.com/article/731c44e0e4e5492ce4d52c717609b7f4,n/a,"The outlet's own correction or editor's note was not loaded or seen. Evidence is only secondary (other outlets, Attkisson, iMediaEthics, Poynter, or fact-checkers). AP quotes NBC's ""we regret the error"", but this is secondary.",,,,B,"Evidence weaker than the catalog stated: catalog Proof_Basis ""Outlet's own correction"", but no primary proof could be confirmed.",Yes,2026-09-24 (MT)
"Photo implying sparse attendance at Trump’s Pensacola rally.
Began: Dec 8, 2017 | Ended: Dec 8, 2017 (Weigel delete/apology)",https://apnews.com/united-states-government-national-ec42044634284abc8942d93f4a1299e4,"Dave Weigel, Washington Post (Dec. 8, 2017 tweet)","hours (same-day delete/apology, Dec 8, 2017)",false photo/video attribution / omitted context,retracted/corrected,64,,Proven false,https://apnews.com/united-states-government-national-ec42044634284abc8942d93f4a1299e4,Outlet's own correction,Appended correction line,first,"Could not verify against a primary source, move to the watch list",Watch list (unverified),Unverified,None confirmed (watch list),https://apnews.com/united-states-government-national-ec42044634284abc8942d93f4a1299e4,n/a,"The outlet's own correction or editor's note was not loaded or seen. Evidence is only secondary (other outlets, Attkisson, iMediaEthics, Poynter, or fact-checkers). AP report of Weigel deleting the photo is secondary.",,,,B,"Evidence weaker than the catalog stated: catalog Proof_Basis ""Outlet's own correction"", but no primary proof could be confirmed.",Yes,2026-09-24 (MT)
"That State’s entire senior management team “just resigned” as protest against Trump.
Began: Jan 26, 2017 | Ended: Jan 27, 2017 (context reporting)",https://www.snopes.com/news/2017/01/26/senior-state-department-officials-resign/,"Josh Rogin, Washington Post (Jan. 26, 2017 blog/headline framing); viral amplification as mass anti-Trump revolt","days of viral framing until context reporting (Jan 27, 2017)",omitted context / policy-scope inflation,misleading,65,,Rated misleading,,Fact-check only,Never corrected — fact-checked only,first,"Could not verify against a primary source, move to the watch list",Watch list (unverified),Unverified,None confirmed (watch list),https://www.snopes.com/news/2017/01/26/senior-state-department-officials-resign/,n/a,"The primary record (agency data, official document, transcript) needed to test the claim was not reached or located in this pass. The case rests on fact-checker reporting only. State Dept statement (Toner, Jan 26, 2017) not located on a state.gov archive.",,,,C,,,2026-09-24 (MT)
"Phone records / intercepts showed Trump campaign aides had repeated contacts with Russian intelligence officials.
Began: Feb 14, 2017 | Ended: Jun 8, 2017 (Comey testimony)",https://www.nytimes.com/2017/02/14/us/politics/russia-intelligence-communications-trump.html,"The New York Times (Feb. 14, 2017)","months until Comey testimony contradicted (Feb→Jun 8, 2017)",premature “proven” framing,misleading,66,Times stood by reporting; Comey said story “in the main… not true” Merged batch7 stronger evidence (Official record).,Proven false,https://www.intelligence.senate.gov/sites/default/files/documents/os-jcomey-060817.pdf,Official record,Never corrected,first,Verified by SwampForce (no approved checker covered it),Proven false,Official record,Official hearing record,https://www.govinfo.gov/content/pkg/CHRG-115shrg25890/html/CHRG-115shrg25890.htm,200,"June 8, 2017 SSCI hearing: Risch: ""that report by the New York Times was not true. Is that a fair statement?"" Comey: ""In the main, it was not true.""",,,Verified by SwampForce,,"The NYT stood by its reporting; Comey's sworn statement is the primary contradiction. The Senate Intelligence Committee Vol. 5 later documented contacts by some aides (e.g., Manafort-Kilimnik), so ""repeated contacts"" is not wholly baseless.",,2026-09-24 (MT)
"Special Counsel Mueller had subpoenaed Deutsche Bank for Trump’s personal/family bank records.
Began: Dec 5, 2017 | Ended: Dec 6, 2017 (Bloomberg/WSJ corrections)",https://www.reuters.com/article/world/trump-lawyer-denies-deutsche-bank-got-subpoena-on-trump-accounts-idUSKBN1DZ0XH/,"Bloomberg News; Wall Street Journal (Dec. 5, 2017)","~1 day until Bloomberg/WSJ corrections (Dec 6, 2017)",retracted invention,retracted/corrected,67,,Proven false,https://www.reuters.com/article/world/trump-lawyer-denies-deutsche-bank-got-subpoena-on-trump-accounts-idUSKBN1DZ0XH/,Outlet's own correction,Appended correction line,first,"Could not verify against a primary source, move to the watch list",Watch list (unverified),Unverified,None confirmed (watch list),https://www.reuters.com/article/world/trump-lawyer-denies-deutsche-bank-got-subpoena-on-trump-accounts-idUSKBN1DZ0XH/,n/a,"The outlet's own correction or editor's note was not loaded or seen. Evidence is only secondary (other outlets, Attkisson, iMediaEthics, Poynter, or fact-checkers). Reuters returned 401; Deutsche Bank/Reuters correction not seen.",,,,B,"Evidence weaker than the catalog stated: catalog Proof_Basis ""Outlet's own correction"", but no primary proof could be confirmed.",Yes,2026-09-24 (MT)
"Cover package used Yanela Sanchez’s crying photo to symbolize Trump family-separation policy in a way that implied this child was taken from her mother.
Began: Jun 2018 | Ended: Jun 19, 2018 (TIME article-line correction)",https://apnews.com/article/685ff48c1b814f1fb8c32f62ea6dcb91,TIME magazine (June 2018 cover; related online text),"days until TIME article-line correction (Jun 19, 2018)",false photo/video attribution / omitted context,misleading / false,68,TIME corrected “carried away” line; defended symbolic cover use,Rated misleading,https://apnews.com/article/685ff48c1b814f1fb8c32f62ea6dcb91,Outlet's own correction,Appended correction line,first,"Could not verify against a primary source, move to the watch list",Watch list (unverified),Unverified,None confirmed (watch list),https://apnews.com/article/685ff48c1b814f1fb8c32f62ea6dcb91,n/a,"The outlet's own correction or editor's note was not loaded or seen. Evidence is only secondary (other outlets, Attkisson, iMediaEthics, Poynter, or fact-checkers). AP quotes Time's correction, but this is secondary; Time's own page not loaded.",,,,B,"Evidence weaker than the catalog stated: catalog Proof_Basis ""Outlet's own correction"", but no primary proof could be confirmed.",Yes,2026-09-24 (MT)
"Colorful “facts” about a Trump-supporting Midwestern town (characters, quotes, a “Mexicans Keep Out” sign, election details).
Began: 2017 | Ended: Dec 19, 2018 (Spiegel Relotius scandal)",https://www.spiegel.de/international/zeitgeist/claas-relotius-reporter-forgery-scandal-a-1244755.html,"Der Spiegel reporter Claas Relotius (2017 feature on Fergus Falls, Minnesota as Trump-country archetype); CNN International had honored Relotius previously","months–~1 year until Relotius confession / Spiegel removal (Dec 19, 2018)",retracted invention,retracted/corrected / false,69,,Proven false,,Fact-check only,Never corrected — fact-checked only,first,Verified by SwampForce (no approved checker covered it),Proven false,Outlet's own correction,Read Der Spiegel's own published admission,https://www.spiegel.de/international/zeitgeist/claas-relotius-reporter-forgery-scandal-a-1244755.html,"HTTP 200, 2026-09-24","DER SPIEGEL: the ""Mexicans Keep Out"" sign ""never existed, except for in the author's imagination. But he passed on his creation as fact to hundreds of thousands of readers""; ""DER SPIEGEL would like to apologize to anyone and everyone who has appeared in the magazine ... with false quotations, made-up details...""",,,Verified by SwampForce,,Catalog said 'Fact-check only' / 'Never corrected'; this is the outlet's own retraction.,,2026-09-24 (MT)
"Pressed Trump that South Korea had done ~5× more COVID tests per capita than the U.S.
Began: Apr 28, 2020 | Ended: Apr 28, 2020 (Birx correction + Walker apology)",https://apnews.com/arts-and-entertainment-general-news-8abb428b94c45a621c80a82eba8e3ea7,"Hunter Walker, Yahoo News (Apr. 28, 2020 Oval Office exchange)","hours (same-briefing Birx correction + apology, Apr 28, 2020)",retracted invention,retracted/corrected,70,,Proven false,https://apnews.com/arts-and-entertainment-general-news-8abb428b94c45a621c80a82eba8e3ea7,Outlet's own correction,Appended correction line,first,"Could not verify against a primary source, move to the watch list",Watch list (unverified),Unverified,None confirmed (watch list),https://apnews.com/arts-and-entertainment-general-news-8abb428b94c45a621c80a82eba8e3ea7,n/a,"The outlet's own correction or editor's note was not loaded or seen. Evidence is only secondary (other outlets, Attkisson, iMediaEthics, Poynter, or fact-checkers). AP report of the reporter's apology tweet is secondary.",,,,B,"Evidence weaker than the catalog stated: catalog Proof_Basis ""Outlet's own correction"", but no primary proof could be confirmed.",Yes,2026-09-24 (MT)
"Video of overcrowded hospital ward presented in reporting on New York (and later Pennsylvania) COVID crisis.
Began: Mar 25, 2020 | Ended: Mar 30, 2020 (CBS admitted error/removal)",https://www.snopes.com/fact-check/cbs-news-italian-hospital/,CBS This Morning; CBS News (late Mar–Apr 2020),"days until CBS removed clip / admitted error (Mar 30, 2020)",false photo/video attribution,retracted/corrected / false,71,,Proven false,,Fact-check only,Never corrected — fact-checked only,first,"Could not verify against a primary source, move to the watch list",Watch list (unverified),Unverified,None confirmed (watch list),https://www.snopes.com/fact-check/cbs-news-italian-hospital/,n/a,"Viral media (video/photo/screenshot). No primary record (original footage, metadata, or an official statement) was available to establish authenticity or date; the case rests on fact-checker analysis.",,,,A,,,2026-09-24 (MT)
"Sen. Tom Cotton was repeating a “coronavirus conspiracy theory that was already debunked” (lab-origin discussion tied to Trump-era China scrutiny).
Began: Feb 16, 2020 | Ended: Jun 2021 (WaPo editor’s note)",https://www.washingtonpost.com/politics/2020/02/16/tom-cotton-coronavirus-conspiracy/,"The Washington Post; Paulina Firozi (Feb. 16, 2020 piece; corrected June 2021)",~16 months until WaPo editor’s note (Feb 2020→Jun 2021),premature “proven” framing / retracted invention,retracted/corrected,72,,Proven false,https://www.washingtonpost.com/politics/2020/02/16/tom-cotton-coronavirus-conspiracy/,Outlet's own correction,Editor's note at bottom of article,first,Verified by SwampForce (no approved checker covered it),Proven false,Outlet's own correction,Outlet's own correction (Washington Post correction),https://www.washingtonpost.com/politics/2020/02/16/tom-cotton-coronavirus-conspiracy/,200 (via WebFetch; curl times out),"WaPo correction: ""Earlier versions of this story and its headline inaccurately characterized comments by Sen. Tom Cotton ... The term 'debunked' and The Post's use of 'conspiracy theory' have been removed because, then as now, there was no determination about the origins of the virus.""",,,Verified by SwampForce,,,,2026-09-24 (MT)
"Broadcast a photo of Trump with Laura Loomer as authentic visual context.
Began: Sep 13, 2024 | Ended: Sep 16, 2024 (CNN on-air regrets)",https://www.snopes.com/news/2024/09/26/cnn-trump-photo-loomer/,"CNN (Pamela Brown, Anderson Cooper, Michael Smerconish segments, Sept. 2024)","days until on-air regrets (Sep 16, 2024)",false photo/video attribution / retracted invention,retracted/corrected,73,,Proven false,,Fact-check only,On-air correction,later,"Could not verify against a primary source, move to the watch list",Watch list (unverified),Unverified,None confirmed (watch list),https://www.snopes.com/news/2024/09/26/cnn-trump-photo-loomer/,n/a,"Viral media (video/photo/screenshot). No primary record (original footage, metadata, or an official statement) was available to establish authenticity or date; the case rests on fact-checker analysis.",,,,A,,,2026-09-24 (MT)
"Trump called Robert E. Lee “incredible”.
Began: Oct 12, 2018 | Ended: Oct 14, 2018 (NBC correction)",https://www.huffpost.com/entry/nbc-news-trump-robert-e-lee_n_5bc3813de4b0bd9ed55b2eda,NBC News social/video post (Oct. 2018 Ohio rally coverage),"days until NBC correction (Oct 14, 2018)",misquote / truncation / retracted invention,retracted/corrected / misquote,74,,Proven false,https://www.huffpost.com/entry/nbc-news-trump-robert-e-lee_n_5bc3813de4b0bd9ed55b2eda,Outlet's own correction,Appended correction line,first,"Could not verify against a primary source, move to the watch list",Watch list (unverified),Unverified,None confirmed (watch list),https://www.huffpost.com/entry/nbc-news-trump-robert-e-lee_n_5bc3813de4b0bd9ed55b2eda,n/a,"The outlet's own correction or editor's note was not loaded or seen. Evidence is only secondary (other outlets, Attkisson, iMediaEthics, Poynter, or fact-checkers). HuffPost report of NBC's correction is secondary.",,,,B,"Evidence weaker than the catalog stated: catalog Proof_Basis ""Outlet's own correction"", but no primary proof could be confirmed.",Yes,2026-09-24 (MT)
"Lawsuit alleged deceptive editing of Harris answers (including on Israel/Trump-related debate framing) that misled viewers about the race against Trump.
Began: Oct 7, 2024 | Ended: Jul 1, 2025 (Paramount settlement)",https://apnews.com/article/trump-media-harris-minutes-paramount-6415042fe910ae60b432dd8c73ef61b2,Paramount (CBS parent); Trump lawsuit over Oct. 2024 60 Minutes Kamala Harris interview edits,"months until Paramount settlement (Oct 2024→Jul 1, 2025)",omitted context (alleged selective edit) settlement,retracted/corrected,75,Settlement without admission of liability; ~$16M to Trump library + fees,Proven false,https://storage.courtlistener.com/recap/gov.uscourts.txnd.396451/gov.uscourts.txnd.396451.69.0_1.pdf,Official record,Retraction after legal threat/settlement,later,"Could not verify against a primary source, move to the watch list",Watch list (unverified),Unverified,None confirmed (watch list),https://storage.courtlistener.com/recap/gov.uscourts.txnd.396451/gov.uscourts.txnd.396451.69.0_1.pdf,n/a,"The primary record (agency data, official document, transcript) needed to test the claim was not reached or located in this pass. The case rests on fact-checker reporting only. Catalog PRIM is a joint notice of settlement (no admission, no findings), which does not establish the editing claim. The unedited transcript CBS released to the FCC would be the primary record; not located.",,,,C,"Evidence weaker than the catalog stated: catalog Proof_Basis ""Official record"", but no primary proof could be confirmed.",Yes,2026-09-24 (MT)
"Agata Kornhauser-Duda deliberately refused Trump’s handshake.
Began: Jul 6, 2017 | Ended: Jul 6, 2017 (fuller video / Duda context)",https://www.snopes.com/fact-check/polish-first-lady-trump-handshake/,Newsweek and other outlets amplifying short clip (July 2017 Warsaw visit),"hours–same day until fuller video / Duda rebuttal (Jul 6, 2017)",omitted context / false photo/video attribution,misleading / false,76,Merged batch7 stronger evidence (Original transcript/video).,Proven false,https://sharylattkisson.substack.com/p/media-mistakes-in-reporting-on-donald,Original transcript/video,Appended correction line,first,"Could not verify against a primary source, move to the watch list",Watch list (unverified),Unverified,None confirmed (watch list),https://sharylattkisson.substack.com/p/media-mistakes-in-reporting-on-donald,n/a,"Viral media (video/photo/screenshot). No primary record (original footage, metadata, or an official statement) was available to establish authenticity or date; the case rests on fact-checker analysis. Catalog PRIM is Attkisson's Substack (not a primary source); unedited Warsaw video not reviewed.",,,,A,"Evidence weaker than the catalog stated: catalog Proof_Basis ""Original transcript/video"", but no primary proof could be confirmed.",Yes,2026-09-24 (MT)
"Framing that Trump awkwardly/impulsively dumped the whole box while Abe behaved properly.
Began: Nov 6, 2017 | Ended: Not clearly documented",https://www.snopes.com/fact-check/did-trump-impatiently-dump-fish-food-in-japanese-koi-pond/,"CNN and many outlets (Nov. 6, 2017 Abe–Trump koi feeding)",Not clearly documented,omitted context / false photo/video attribution,misleading,77,Merged batch7 stronger evidence (Original transcript/video).,Proven false,https://www.cnn.com/videos/world/2017/11/06/trump-japan-koi-fish-food-lon-orig-ejk.cnn,Original transcript/video,Appended correction line,first,"Could not verify against a primary source, move to the watch list",Watch list (unverified),Unverified,None confirmed (watch list),https://www.cnn.com/videos/world/2017/11/06/trump-japan-koi-fish-food-lon-orig-ejk.cnn,n/a,"Viral media (video/photo/screenshot). No primary record (original footage, metadata, or an official statement) was available to establish authenticity or date; the case rests on fact-checker analysis. Catalog PRIM is an edited CNN clip; unedited pool footage not reviewed.",,,,A,"Evidence weaker than the catalog stated: catalog Proof_Basis ""Original transcript/video"", but no primary proof could be confirmed.",Yes,2026-09-24 (MT)
"All 17 U.S. intelligence agencies concluded Russia intervened to help Trump.
Began: 2016 | Ended: No ending date (still repeated)",https://www.politifact.com/article/2017/jul/06/17-intelligence-organizations-or-four-either-way-r/,Hillary Clinton (debates/campaign); widespread media shorthand 2016–2017,months–years of shorthand (2016–2017+),policy-scope inflation / omitted context,misleading,78,"Primary record: The Jan. 6, 2017 ODNI ICA states the assessment was drafted/coordinated among CIA, FBI, and NSA—three agencies—not all 17 U.S. intelligence organizations.",Rated misleading,https://www.intelligence.senate.gov/sites/default/files/documents/ICA_2017_01.pdf,Official record,Never corrected — fact-checked only,first,Verified by SwampForce + independently confirmed,Rated misleading,Official record,"Official record (ODNI ICA, Senate Intelligence Committee copy)",https://www.intelligence.senate.gov/sites/default/files/documents/ICA_2017_01.pdf,200,"Jan 6, 2017 ICA Scope: ""drafted and coordinated among The Central Intelligence Agency (CIA), The Federal Bureau of Investigation (FBI), and The National Security Agency (NSA) ... those three agencies."" Kept Rated misleading.",PolitiFact,https://www.politifact.com/article/2017/jul/06/17-intelligence-organizations-or-four-either-way-r/,Verified by SwampForce | Independently confirmed by PolitiFact,,,,2026-09-24 (MT)
"Evidence including cell data placed Michael Cohen near Prague around time of alleged Russia collusion meeting (Steele dossier plot point).
Began: Dec 2018 | Ended: Apr 18, 2019 (Mueller report)",https://www.justice.gov/d9/report.pdf,McClatchy (Dec. 2018 and related Cohen–Prague stories),"months until Mueller contradicted Prague travel (Apr 18, 2019)",premature “proven” framing,misleading / false,79,McClatchy largely stood by sources after Mueller; added editor’s notes,Proven false,https://www.justice.gov/d9/report.pdf,Official record,Editor's note at bottom of article,first,Verified by SwampForce (no approved checker covered it),Proven false,Official record,Official record (Mueller Report),https://cdn.cnn.com/cnn/2019/images/04/18/mueller-report-searchable.pdf,200,"Mueller Report: ""Cohen had never traveled to Prague and was not concerned about those allegations, which he believed were provably false.""",,,Verified by SwampForce,,Copy hosted by CNN/web.archive.org because justice.gov returns 401; text is the DOJ-released report. The report relays Cohen's account; the Horowitz report also found the FBI could not corroborate the Steele allegations.,,2026-09-24 (MT)
"Trump told Mexico’s president the U.S. might send troops into Mexico to take care of “bad hombres” (invasion/war framing in headlines).
Began: Feb 1, 2017 | Ended: Feb 2, 2017 (U.S./Mexico official pushback)",https://apnews.com/article/mexico-united-states-government-5972d796cb884da8902f492049ea05ef,"Associated Press (Feb. 1, 2017); wide pickup","~1 day until U.S./Mexico official pushback (Feb 2, 2017)",inflammatory false premise / omitted context,misleading,80,,Rated misleading,https://apnews.com/article/mexico-united-states-government-5972d796cb884da8902f492049ea05ef,Fact-check only,Unknown,first,"Could not verify against a primary source, move to the watch list",Watch list (unverified),Unverified,None confirmed (watch list),https://apnews.com/article/mexico-united-states-government-5972d796cb884da8902f492049ea05ef,n/a,"The primary record (agency data, official document, transcript) needed to test the claim was not reached or located in this pass. The case rests on fact-checker reporting only.",,,,C,,,2026-09-24 (MT)
"White House set up matching Twitter accounts for SCOTUS finalists to conceal the choice.
Began: Jan 31, 2017 | Ended: Jan 31, 2017 (Zeleny correction)",https://www.cnn.com/2017/01/30/politics/donald-trump-supreme-court-choice-announcement-coming-tuesday-8-p-m-,"Jeff Zeleny, CNN (Jan. 2017, before Gorsuch announcement)",hours–same day until Zeleny correction (Jan 2017),retracted invention,retracted/corrected,81,,Proven false,https://www.cnn.com/2017/01/30/politics/donald-trump-supreme-court-choice-announcement-coming-tuesday-8-p-m-,Outlet's own correction,Appended correction line,first,"Could not verify against a primary source, move to the watch list",Watch list (unverified),Unverified,None confirmed (watch list),https://www.cnn.com/2017/01/30/politics/donald-trump-supreme-court-choice-announcement-coming-tuesday-8-p-m-,n/a,"The outlet's own correction or editor's note was not loaded or seen. Evidence is only secondary (other outlets, Attkisson, iMediaEthics, Poynter, or fact-checkers). CNN URL returned 404.",,,,B,"Evidence weaker than the catalog stated: catalog Proof_Basis ""Outlet's own correction"", but no primary proof could be confirmed.",Yes,2026-09-24 (MT)
"“Undoubtedly, there is collusion” / “ample evidence of collusion in plain sight” framed as settled despite Mueller’s no-conspiracy finding.
Began: Mar 2019 | Ended: No ending date (still repeated)",https://www.politifact.com/article/2019/mar/25/what-democrats-said-about-trump-collusion-mueller/,Rep. Adam Schiff (Mar. 2019 interviews after Barr summary of Mueller),ongoing despite Mueller finding (from Mar 2019),premature “proven” framing / omitted context,misleading,82,"Distinct from pre-Mueller item 11; post-Barr absolute “collusion” framing
Primary record: Mueller Report Vol. I states the investigation 'did not establish that members of the Trump Campaign conspired or coordinated with the Russian government,' undercutting absolute 'undeniable collusion' framing.",Proven false,https://cdn.cnn.com/cnn/2019/images/04/18/mueller-report-searchable.pdf,Official record,Never corrected — fact-checked only,first,Verified by SwampForce + independently confirmed,Proven false,Official record,"Official record (Mueller Report Vol. I, searchable copy)",https://cdn.cnn.com/cnn/2019/images/04/18/mueller-report-searchable.pdf,200,"Vol. I: ""the investigation did not establish that members of the Trump Campaign conspired or coordinated with the Russian government in its election interference activities.""",PolitiFact,https://www.politifact.com/article/2019/mar/25/what-democrats-said-about-trump-collusion-mueller/,Verified by SwampForce | Independently confirmed by PolitiFact,,Copy hosted by CNN (justice.gov returns 401); text is the DOJ-released report.,,2026-09-24 (MT)
"Trump administration banned CDC officials from saying diversity, fetus, transgender, vulnerable, entitlement, evidence-based, science-based.
Began: Dec 15, 2017 | Ended: Not clearly documented",https://www.snopes.com/news/2017/12/15/trump-administration-bans-cdc-officials-using-certain-words/,Washington Post initial framing (Dec. 2017) and viral political amplification that Trump “banned” words at CDC,days–weeks of viral “speech ban” framing (Dec 2017–Jan 2018),policy-scope inflation / omitted context,misleading,83,,Rated misleading,,Fact-check only,Never corrected — fact-checked only,first,"Could not verify against a primary source, move to the watch list",Watch list (unverified),Unverified,None confirmed (watch list),https://www.snopes.com/news/2017/12/15/trump-administration-bans-cdc-officials-using-certain-words/,n/a,"The primary record (agency data, official document, transcript) needed to test the claim was not reached or located in this pass. The case rests on fact-checker reporting only. Primary HHS/CDC statements not loaded. Note: later reporting indicates career budget officials did advise avoiding the words, so the case correctly stays Rated misleading, not Unsupported.",,,,C,,,2026-09-24 (MT)
"AG Jeff Sessions told Comey not to call the Russia probe an “investigation” but a “matter”.
Began: Jun 8, 2017 | Ended: Jun 8, 2017 (Weisman correct/delete)",https://www.cbsnews.com/news/comey-says-ag-loretta-lynch-wanted-clinton-investigation-to-be-called-a-matter/,"Jonathan Weisman, New York Times (June 2017 tweet during Comey testimony)","hours (same-day correct/delete, Jun 8, 2017)",false attribution of words/intent / retracted invention,retracted/corrected / false,84,,Proven false,https://www.cbsnews.com/news/comey-says-ag-loretta-lynch-wanted-clinton-investigation-to-be-called-a-matter/,Fact-check only,Appended correction line,first,Verified by SwampForce (no approved checker covered it),Proven false,Original transcript/video,Read the official Senate Intelligence hearing transcript (GPO),https://www.govinfo.gov/content/pkg/CHRG-115shrg25890/html/CHRG-115shrg25890.htm,"HTTP 200, 2026-09-24","Comey (June 8, 2017), speaking of the previous Attorney General on the Clinton e-mail case: ""she said 'Yes,' but don't call it that, call it a 'matter.'"" Sen. Cornyn: ""the sitting Attorney General, Loretta Lynch ... you'd been asked to accept that this was a 'matter'"". The direction came from Lynch, not Sessions.",,,Verified by SwampForce,,Weisman's own tweet and its deletion were not retrievable (X). The contradiction rests on the hearing transcript.,,2026-09-24 (MT)
"Absolute framing that Horowitz found “no political bias” in the Trump–Russia probe (implying process fully vindicated).
Began: Dec 9, 2019 | Ended: Not clearly documented",https://www.justice.gov/storage/120919-examination.pdf,Multiple cable/print headlines after Dec. 2019 DOJ IG Horowitz FISA report,Not clearly documented,omitted context,misleading,85,,Proven false,https://www.justice.gov/storage/120919-examination.pdf,Official record,Unknown,first,Verified by SwampForce (no approved checker covered it),Proven false,Official record,Official record (DOJ OIG FISA report),https://web.archive.org/web/2020id_/https://www.justice.gov/storage/120919-examination.pdf,200,"OIG did not find ""documentary or testimonial evidence"" of political bias in the opening decision, but ""identified at least 17 significant errors or omissions"" in the FISA applications, so ""fully vindicated"" framing is contradicted.",,,Verified by SwampForce,,"Kept Proven false for the ""fully vindicated"" implication; the literal ""no bias found in the opening decision"" is accurate. Consider Rated misleading.",,2026-09-24 (MT)
"Capitol Police Officer Brian Sicknick was killed after being struck in the head with a fire extinguisher by Trump supporters during the Jan. 6 Capitol riot.
Began: Jan 8, 2021 | Ended: Feb 12, 2021 (NYT update questioning cause); Apr 19, 2021 (D.C. medical examiner: natural causes/stroke)",https://www.snopes.com/fact-check/brian-sicknick-fire-extinguisher/,The New York Times (initial report citing two law-enforcement officials); widespread cable/network amplification; House impeachment memorandum citing the extinguisher claim,about 5 weeks until NYT update; about 3.5 months until medical examiner ruling,"premature ""proven"" framing",retracted/corrected,86,"Sources were anonymous LE officials; ME ruled natural causes (stroke). Assault of officers including chemical spray still documented separately.
Primary record: U.S. Capitol Police's release of the D.C. medical examiner finding states Officer Brian Sicknick died of natural causes (acute brainstem and cerebellar infarcts), not from being struck with a fire extinguisher.",Proven false,https://www.uscp.gov/media-center/press-releases/medical-examiner-finds-uscp-officer-brian-sicknick-died-natural-causes,Official record,Never corrected — fact-checked only,first,Verified by SwampForce + independently confirmed,Proven false,Official record,Official record (U.S. Capitol Police),https://www.uscp.gov/media-center/press-releases/medical-examiner-finds-uscp-officer-brian-sicknick-died-natural-causes,200,"USCP: ""accepts the findings from the District of Columbia's Office of the Chief Medical Examiner that Officer Brian Sicknick died of natural causes.""",Snopes,https://www.snopes.com/fact-check/brian-sicknick-fire-extinguisher/,Verified by SwampForce | Independently confirmed by Snopes,,,,2026-09-24 (MT)
"UN Ambassador Nikki Haley was responsible for a $52,701 curtain purchase at the UN envoy residence.
Began: Sep 13, 2018 | Ended: Sep 14, 2018 (NYT editors' note: unfair impression; lease/curtains decided under Obama admin)",https://www.businessinsider.com/new-york-times-nikki-haley-curtains-story-correction-2018-9,The New York Times,1 day until editors' note and headline/photo change,omitted context,retracted/corrected,87,Editors' note: article should not have focused on Haley nor used her photo.,Proven false,,Outlet's own correction,Editor's note at bottom of article,first,"Could not verify against a primary source, move to the watch list",Watch list (unverified),Unverified,None confirmed (watch list),https://www.businessinsider.com/new-york-times-nikki-haley-curtains-story-correction-2018-9,n/a,"The outlet's own correction or editor's note was not loaded or seen. Evidence is only secondary (other outlets, Attkisson, iMediaEthics, Poynter, or fact-checkers). Business Insider report of the NYT correction is secondary.",,,,B,"Evidence weaker than the catalog stated: catalog Proof_Basis ""Outlet's own correction"", but no primary proof could be confirmed.",Yes,2026-09-24 (MT)
"ICE used Facebook data to find and track immigrants for immigration violations (as framed in original Intercept headline/lede).
Began: Mar 26, 2018 | Ended: Mar 26–27, 2018 (Intercept correction: documents showed a criminal suspect, not an immigration target; editor Ryan Grim inserted the error)",https://www.imediaethics.org/intercept-issues-correction-ice-facebook-story-says-editor-inserted-errors/,The Intercept (editor Ryan Grim); viral amplification framing Trump ICE as hunting immigrants via Facebook,hours until correction,retracted invention,retracted/corrected,88,Reporter Lee Fang's filing was accurate; Grim changed 'suspect' to 'immigrant.',Proven false,https://www.imediaethics.org/topics/apologies-retractions/,Outlet's own correction,Appended correction line,first,"Could not verify against a primary source, move to the watch list",Watch list (unverified),Unverified,None confirmed (watch list),https://www.imediaethics.org/topics/apologies-retractions/,n/a,"The outlet's own correction or editor's note was not loaded or seen. Evidence is only secondary (other outlets, Attkisson, iMediaEthics, Poynter, or fact-checkers).",,,,B,"Evidence weaker than the catalog stated: catalog Proof_Basis ""Outlet's own correction"", but no primary proof could be confirmed.",Yes,2026-09-24 (MT)
"The WHO offered COVID-19 test kits to the United States and the Trump administration refused/rejected them.
Began: Mar 15, 2020 | Ended: Mar 16, 2020 (PolitiFact Mostly False; WHO said no discussions about providing kits to the U.S.)",https://politifact.com/factchecks/2020/mar/16/joe-biden/biden-falsely-says-trump-administration-rejected-w/,Joe Biden (Democratic debate); viral Facebook posts,days of campaign amplification; fact-check next day,false attribution of words/intent,misleading,89,U.S. developed its own CDC test; WHO typically does not supply kits to countries with advanced lab capacity.,Proven false,,Fact-check only,Never corrected — fact-checked only,first,"Could not verify against a primary source, move to the watch list",Watch list (unverified),Unverified,None confirmed (watch list),https://politifact.com/factchecks/2020/mar/16/joe-biden/biden-falsely-says-trump-administration-rejected-w/,n/a,"The primary record (agency data, official document, transcript) needed to test the claim was not reached or located in this pass. The case rests on fact-checker reporting only. The WHO statement that there were ""no discussions"" is reported only via media; the WHO Mar 25, 2020 transcript loaded but does not address the U.S.",,,,C,,,2026-09-24 (MT)
"The Trump administration made no effort to get U.S. medical experts into China early in the COVID outbreak.
Began: Mar 27, 2020 | Ended: Apr 1, 2020 (FactCheck.org: False; CDC offered a team Jan 6, 2020)",https://www.factcheck.org/2020/04/bidens-false-claim-on-trumps-response-to-coronavirus/,Joe Biden (CNN virtual town hall),about 5 days until FactCheck adjudication,retracted invention,false,90,China limited access; U.S. offers were documented by HHS/Azar.,Proven false,,Fact-check only,Never corrected — fact-checked only,first,Verified by SwampForce + independently confirmed,Proven false,Official record,Official record,https://cn.usembassy.gov/excerpts-of-press-briefing-on-coronavirus/,200,"U.S. Embassy China (State Dept) posting of the Jan 28, 2020 HHS briefing: Secretary Azar: ""On January 6 we offered to send a CDC team to China"". Contradicts claim of no effort.",FactCheck.org,https://www.factcheck.org/2020/04/bidens-false-claim-on-trumps-response-to-coronavirus/,Verified by SwampForce | Independently confirmed by FactCheck.org,,,,2026-09-24 (MT)
"Trump 'cut' or 'slashed' CDC funding (presented as enacted cuts, not merely proposed).
Began: Feb 25–26, 2020 | Ended: Mar 3, 2020 (FactCheck.org: Congress rejected proposed cuts and often increased CDC funding)",https://www.factcheck.org/2020/03/democrats-misleading-coronavirus-claims/,Joe Biden; Mike Bloomberg; other Democrats,weeks of campaign messaging; ongoing variants,policy-scope inflation,misleading,91,Trump proposed CDC cuts; Congress did not enact them. Accurate to say he 'tried' to cut.,Rated misleading,,Fact-check only,Never corrected — fact-checked only,first,"Could not verify against a primary source, move to the watch list",Watch list (unverified),Unverified,None confirmed (watch list),https://www.factcheck.org/2020/03/democrats-misleading-coronavirus-claims/,n/a,"The primary record (agency data, official document, transcript) needed to test the claim was not reached or located in this pass. The case rests on fact-checker reporting only.",,,,C,,,2026-09-24 (MT)
"Trump 'hasn't allowed his scientists to speak' / was 'muzzling' CDC/NIH scientists on COVID-19.
Began: Feb 28, 2020 | Ended: Mar 1–3, 2020 (FactCheck.org: went too far; Fauci said he was not muzzled; clearance process after Pence took over)",https://www.factcheck.org/2020/03/democrats-misleading-coronavirus-claims/,"Joe Biden (CNN, ABC This Week)",several days of campaign claims,omitted context,misleading,92,Scientists were told to clear appearances through the task force; they continued public interviews.,Rated misleading,,Fact-check only,Never corrected — fact-checked only,first,"Could not verify against a primary source, move to the watch list",Watch list (unverified),Unverified,None confirmed (watch list),https://www.factcheck.org/2020/03/democrats-misleading-coronavirus-claims/,n/a,"The primary record (agency data, official document, transcript) needed to test the claim was not reached or located in this pass. The case rests on fact-checker reporting only.",,,,C,,,2026-09-24 (MT)
"Donald Trump says he will 'terminate' Social Security if re-elected.
Began: Aug 10, 2020 | Ended: Aug 12, 2020 (PolitiFact Mostly False: he discussed terminating the payroll tax funding source, not ending Social Security benefits)",https://politifact.com/factchecks/2020/aug/12/social-security-works/did-trump-say-he-will-terminate-social-security-if/,Social Security Works (Facebook post/advocacy),days of viral Facebook spread; variants recurred in later campaigns,misquote / truncation,misleading,93,"Distinct from later 2024 Harris/Biden 'intends to cut Social Security' items already in the 85.
Primary record: The Aug. 12, 2020 press-conference transcript shows Trump saying he would terminate the payroll tax and protect Social Security via the general fund—not that he would terminate Social Security itself.",Proven false,https://www.rev.com/transcripts/donald-trump-press-conference-transcript-august-12,Original transcript/video,Never corrected — fact-checked only,first,Verified by SwampForce + independently confirmed,Proven false,Original transcript/video,Original transcript (rev.com),https://www.rev.com/transcripts/donald-trump-press-conference-transcript-august-12,200,"Aug 2020 press conference: ""I'm going to terminate the payroll tax"" and ""forgive all deferred payroll taxes without in any way, shape or form hurting social security. That money is going to come from the general fund. We're not going to touch social security.""",PolitiFact,https://politifact.com/factchecks/2020/aug/12/social-security-works/did-trump-say-he-will-terminate-social-security-if/,Verified by SwampForce | Independently confirmed by PolitiFact,,rev.com third-party transcription.,,2026-09-24 (MT)
"Trump 'lied' about not knowing the pandemic office was disbanded, because he earlier defended cutting that team when he said 'some of the people we cut.'
Began: Mar 14, 2020 | Ended: Mar 20, 2020 (FactCheck.org: Feb 26 remarks answered a question about proposed CDC/NIH/WHO budget cuts, not the NSC pandemic office)",https://www.factcheck.org/2020/03/dems-misconstrue-trump-budget-remarks/,Democratic National Committee; Protect Our Care; Independent (UK) framing; celebrity/journalist retweets,about 1 week of viral clip framing,omitted context,misleading,94,NSC global health office was reorganized in 2018; separate from the Feb 26 budget-cut Q&A.,Rated misleading,,Fact-check only,Never corrected — fact-checked only,first,Verified by SwampForce + independently confirmed,Rated misleading,Original transcript/video,Official transcript,https://trumpwhitehouse.archives.gov/briefings-statements/remarks-president-trump-vice-president-pence-members-coronavirus-task-force-press-conference/,200,"Feb 26, 2020 WH transcript: the ""Some of the people we cut, they haven't been used"" answer follows a reporter question on proposed CDC/NIH/WHO budget cuts, not the 2018 NSC global-health office reorganization. Case kept as Rated misleading (omitted context).",FactCheck.org,https://www.factcheck.org/2020/03/dems-misconstrue-trump-budget-remarks/,Verified by SwampForce | Independently confirmed by FactCheck.org,,,,2026-09-24 (MT)
"Trump fired the 'entire' pandemic response team in 2018.
Began: Mar 2020 (viral posts; Bloomberg/Biden variants earlier Feb–Mar 2020) | Ended: Mar 25–26, 2020 (Reuters: partly false; some staff reassigned under reorganized NSC structure)",https://www.reuters.com/article/world/partly-false-claim-trump-fired-entire-pandemic-response-team-in-2018-idUSKBN21C32C/,Viral social media posts/images; Mike Bloomberg ('fired the pandemic team'); Joe Biden ('eliminated' the directorate),weeks of viral/campaign claims in early COVID period,policy-scope inflation,misleading,95,Directorate was disbanded/reorganized May 2018 under Bolton; 'entire team fired' overstates.,Rated misleading,,Fact-check only,Never corrected — fact-checked only,first,"Could not verify against a primary source, move to the watch list",Watch list (unverified),Unverified,None confirmed (watch list),https://www.reuters.com/article/world/partly-false-claim-trump-fired-entire-pandemic-response-team-in-2018-idUSKBN21C32C/,n/a,"The primary record (agency data, official document, transcript) needed to test the claim was not reached or located in this pass. The case rests on fact-checker reporting only.",,,,C,,,2026-09-24 (MT)
"Trump said eliminating the White House pandemic office was among the 'very first' things his administration did.
Began: Mar 27, 2020 | Ended: Apr 1, 2020 (FactCheck.org: happened in May 2018, well into year two—not among first actions)",https://www.factcheck.org/2020/04/bidens-false-claim-on-trumps-response-to-coronavirus/,Joe Biden (CNN town hall characterization of timing),days,omitted context,misleading,96,Office elimination itself is documented; the 'first things' timing claim was wrong.,Rated misleading,,Fact-check only,Never corrected — fact-checked only,first,"Could not verify against a primary source, move to the watch list",Watch list (unverified),Unverified,None confirmed (watch list),https://www.factcheck.org/2020/04/bidens-false-claim-on-trumps-response-to-coronavirus/,n/a,"The primary record (agency data, official document, transcript) needed to test the claim was not reached or located in this pass. The case rests on fact-checker reporting only.",,,,C,,,2026-09-24 (MT)
"House Judiciary Committee Republicans voted to 'allow Trump to DEPORT U.S. citizens to a foreign country.'
Began: Apr 30, 2025 | Ended: May 6, 2025 (PolitiFact Mostly False: voting down a Democratic amendment did not confer legal authority to deport citizens)",https://www.politifact.com/factchecks/2025/may/06/eric-swalwell/democrats-mislead-judiciary-vote-deport-citizens/,Rep. Eric Swalwell; Rep. Daniel Goldman; Rep. Pramila Jayapal,about 1 week of social/political amplification until fact-check,policy-scope inflation,misleading,97,U.S. case law still bars deporting citizens; committee vote left status quo.,Proven false,,Fact-check only,Never corrected — fact-checked only,later,"Could not verify against a primary source, move to the watch list",Watch list (unverified),Unverified,None confirmed (watch list),https://www.politifact.com/factchecks/2025/may/06/eric-swalwell/democrats-mislead-judiciary-vote-deport-citizens/,n/a,"The primary record (agency data, official document, transcript) needed to test the claim was not reached or located in this pass. The case rests on fact-checker reporting only.",,,,C,,,2026-09-24 (MT)
"DOGE/Trump SSA staffing and procedure changes are cutting or eliminating Social Security benefits / setting up privatization that will 'rip away benefits.'
Began: Mar 2025 | Ended: Apr 9, 2025 (FactCheck.org: no proposed change to legally mandated benefit amounts; privatization claims speculative)",https://www.factcheck.org/2025/04/democrats-question-social-security-administration-changes-in-misleading-terms/,Democratic National Committee; Sen. Bernie Sanders; Sen. Chuck Schumer; Sens. Elizabeth Warren and Ron Wyden; Rep. John Larson (MSNBC),weeks of March–April 2025 messaging; variants ongoing,policy-scope inflation,misleading,98,Administrative disruption concerns may be real; conflating that with statutory benefit cuts was misleading. Distinct from 2024 campaign 'intends to cut SS' items 44–46.,Rated misleading,,Fact-check only,Never corrected — fact-checked only,later,"Could not verify against a primary source, move to the watch list",Watch list (unverified),Unverified,None confirmed (watch list),https://www.factcheck.org/2025/04/democrats-question-social-security-administration-changes-in-misleading-terms/,n/a,"The primary record (agency data, official document, transcript) needed to test the claim was not reached or located in this pass. The case rests on fact-checker reporting only.",,,,C,,,2026-09-24 (MT)
"Project 2025 / Trump allies' plan calls for restricting access to IVF and contraception (as a blanket plan Trump would enact).
Began: Jul 18, 2024 | Ended: Jul 24, 2024 (PolitiFact Mostly False: no specific IVF ban; no general ban of standard contraception)",https://politifact.com/factchecks/2024/jul/24/kamala-harris/fact-checking-kamala-harris-on-project-2025-limiti/,Kamala Harris; Democratic campaign messaging,months of 2024 campaign recirculation,policy-scope inflation,misleading,99,"Document does recommend limits on some emergency contraception coverage and Planned Parenthood funding; not a general IVF/contraception ban. Distinct from pregnancy-registry items 42–43, 55.
Primary record: Trump's April 8, 2024 Truth Social video says he strongly supports IVF availability in every state, contradicting a blanket claim that Project 2025/Trump allies' plan restricts IVF and contraception as his plan.",Proven false,https://www.trumpstruth.org/statuses/3310,Original transcript/video,Never corrected — fact-checked only,later,Verified by SwampForce + independently confirmed,Proven false,Primary document,Primary document (Project 2025 Mandate text) + original post,https://web.archive.org/web/20241231222507id_/https://static.project2025.org/2025_MandateForLeadership_FULL.pdf,200,"Mandate full-text search finds no IVF/""in vitro fertilization""/assisted-reproduction proposal (the only ""in vitro"" hit is ""in vitro diagnostics""); contraception hits concern USAID funding and restoring religious/moral exemptions to the contraceptive mandate, not a blanket restriction. Trump's Apr 8, 2024 video (trumpstruth.org/statuses/3310) supports IVF ""in every state"".",PolitiFact,https://politifact.com/factchecks/2024/jul/24/kamala-harris/fact-checking-kamala-harris-on-project-2025-limiti/,Verified by SwampForce | Independently confirmed by PolitiFact,,"The Mandate does propose narrowing the contraceptive-mandate exemptions and USAID contraception funding, so ""Proven false"" rests on the ""blanket restriction"" framing.",,2026-09-24 (MT)
"As a result of the 'Big Beautiful Bill,' 15 million Americans have already been thrown off the healthcare they need.
Began: Apr 22, 2026 | Ended: Apr 30, 2026 (PolitiFact Mostly False: premature; ~1 million ACA enrollment drop so far; CBO projected ~10M uninsured by 2034 from the law)",https://politifact.com/factchecks/2026/apr/30/bernie-sanders/one-big-beautiful-bill-aca-health-care-medicaid/,Sen. Bernie Sanders,days–weeks of repeated claims; fact-check about 1 week later,"premature ""proven"" framing",misleading,100,Future coverage losses projected; 'have been thrown off' past-tense overstated.,Proven false,,Fact-check only,Never corrected — fact-checked only,later,"Could not verify against a primary source, move to the watch list",Watch list (unverified),Unverified,None confirmed (watch list),https://politifact.com/factchecks/2026/apr/30/bernie-sanders/one-big-beautiful-bill-aca-health-care-medicaid/,n/a,"The primary record (agency data, official document, transcript) needed to test the claim was not reached or located in this pass. The case rests on fact-checker reporting only.",,,,C,,,2026-09-24 (MT)
"ICE secretly deported Allentown, PA 'grandfather' Luis Leon to Guatemala (and related claims he died in custody).
Began: Jul 18–20, 2025 | Ended: Jul 21–25, 2025 (Morning Call unpublished stories; Guatemala no match; photos were of a different man who died in 2021; DHS/ICE said never arrested/deported)",https://www.mcall.com/2025/07/25/luis-leon-chile-allentown-grandfather-photos-update/,The Morning Call (Allentown); viral social amplification,about 5–7 days until unpublishing and photo debunk,retracted invention,retracted/corrected,101,Verify via outlet's own update and AP/Guatemala denials; do not rely solely on DHS press release rhetoric.,Proven false,,Fact-check only,Never corrected — fact-checked only,later,Verified by SwampForce (no approved checker covered it),Proven false,Outlet's own correction,Read The Morning Call's own update and unpublishing notice,https://www.mcall.com/2025/07/25/luis-leon-chile-allentown-grandfather-photos-update/,"HTTP 200, 2026-09-24","The Morning Call (July 25, 2025): ""The Morning Call has since unpublished those stories based on additional information that has come to light."" Photographs ""are actually of a man with a different name who died four years ago"".",,,Verified by SwampForce,,Outlet unpublished its own stories. The 'died in custody' variant rests on the same retracted material.,,2026-09-24 (MT)
"Trump ordered the cutting down of iconic weeping willow trees outside the Kennedy Center.
Began: Sep 1, 2026 | Ended: Sep 2, 2026 (Snopes False; facilities VP sworn testimony: trees removed for safety/decay; Trump not involved in decision)",https://www.snopes.com/fact-check/weeping-willows-kennedy-center/,Adam Parkhomenko (former Clinton adviser); viral social posts,days of viral claims,false attribution of words/intent,false,102,Trees removed ~Oct 2025 for maintenance per center testimony.,Proven false,,Fact-check only,Never corrected — fact-checked only,later,Reclassify as Unsupported,Unsupported,Sworn testimony + documented record search,"Sworn testimony (hearing transcript, D.D.C.) + court opinion",https://storage.courtlistener.com/recap/gov.uscourts.dcd.287972/gov.uscourts.dcd.287972.45.1_1.pdf,200,"Searched: sworn hearing transcript (Beatty v. Trump, D.D.C. 1:25-cv-04480, Doc 45-1, pp. 26-28), the DC Preservation League v. Kennedy Center opinion (1:26-cv-00981, Doc 45, May 29, 2026) and plaintiffs' brief (Doc 40). On-record denial: Kennedy Center executive Matthew Floca, under oath: ""The trees were taken out because they were falling down ... we took them out because of a maintenance need""; asked about the chairman's tree preference: ""[President Trump and I] haven't specifically talked about the weeping willows or the replacement"" (quoted in Doc 45 at Hr'g Tr. 28:17-19). No record, filing, order or statement produced shows Trump ordered the removal. Context: the court remarked that the planned changes ""seem based purely on the personal preferences of President Trump and Mr. Floca"" (about the replacement species and columns).",Snopes,https://www.snopes.com/fact-check/weeping-willows-kennedy-center/,Unsupported (separate section; never labeled a lie),,"Reclassified from Proven false: the only contrary evidence is a sworn denial by an interested official (Trump's Kennedy Center executive). That shows no evidence for the claim, but it does not prove the claim false.",Yes,2026-09-24 (MT)
"Trump’s tariffs cost each Michigan household $5,619.
Began: Sep 1, 2026 | Ended: Sep 17, 2026 (PolitiFact Mostly False: figure divides importer-paid tariffs by households; costs not borne solely by MI households)",https://politifact.com/factchecks/2026/sep/17/abdul-el-sayed/senate-candidate-abdul-el-sayed-overstates-michiganders-cost-for-trumps-tariffs/,"Abdul El-Sayed (Democratic U.S. Senate nominee, Michigan)",about 2 weeks until PolitiFact Mostly False,policy-scope inflation,misleading,103,,Proven false,,Fact-check only,Never corrected — fact-checked only,later,"Could not verify against a primary source, move to the watch list",Watch list (unverified),Unverified,None confirmed (watch list),https://politifact.com/factchecks/2026/sep/17/abdul-el-sayed/senate-candidate-abdul-el-sayed-overstates-michiganders-cost-for-trumps-tariffs/,n/a,"The primary record (agency data, official document, transcript) needed to test the claim was not reached or located in this pass. The case rests on fact-checker reporting only.",,,,C,,,2026-09-24 (MT)
"The Trump administration was 'raiding money' from military service members' pensions to fund the border wall.
Began: Mar 8, 2019 | Ended: Mar 28, 2019 (PolitiFact False: leftover personnel funds; no pension cuts)",https://www.politifact.com/factchecks/2019/mar/28/kamala-harris/kamala-harris-wrong-trump-isnt-raiding-money-milit/,Sen. Kamala Harris,about 3 weeks until PolitiFact False,policy-scope inflation,false,104,Harris linked an AP headline; defense-budget experts said no service member would lose pension payments.,Proven false,,Fact-check only,Never corrected — fact-checked only,first,"Could not verify against a primary source, move to the watch list",Watch list (unverified),Unverified,None confirmed (watch list),https://www.politifact.com/factchecks/2019/mar/28/kamala-harris/kamala-harris-wrong-trump-isnt-raiding-money-milit/,n/a,"The primary record (agency data, official document, transcript) needed to test the claim was not reached or located in this pass. The case rests on fact-checker reporting only.",,,,C,,,2026-09-24 (MT)
"Ohio, Michigan, and Pennsylvania 'in the latest jobs data have lost jobs, not gained them' under Trump.
Began: Oct 15, 2019 | Ended: Oct 16, 2019 (PolitiFact False: latest month-to-month BLS showed gains; Castro cherry-picked March–July)",https://politifact.com/factchecks/2019/oct/16/julian-castro/julian-castro-wrong-about-job-losses-ohio-michigan/,Julián Castro (Democratic debate),1 day until False rating,omitted context,false,105,Year-over-year and since-inauguration employment rose in all three states.,Proven false,,Fact-check only,Never corrected — fact-checked only,first,Verified by SwampForce + independently confirmed,Proven false,Official record,"Official data (BLS API, state CES series)",https://data.bls.gov/timeseries/SMS26000000000000001,200,"BLS state nonfarm payrolls (thousands, current vintage), July → Aug 2019 (the latest data at the Oct 15, 2019 debate): Ohio 5,598.9 → 5,602.2; Michigan 4,440.7 → 4,448.8; Pennsylvania 6,067.0 → 6,082.1. All gained. Michigan fell Mar → Jul (4,445.8 → 4,440.7), the cherry-picked window.",PolitiFact,https://politifact.com/factchecks/2019/oct/16/julian-castro/julian-castro-wrong-about-job-losses-ohio-michigan/,Verified by SwampForce | Independently confirmed by PolitiFact,,"Values are the current revised vintage, not the Oct 2019 vintage.",,2026-09-24 (MT)
"The U.S. under Trump currently had more than 100,000 children in migration-related detention (world's highest rate).
Began: Nov 18–19, 2019 | Ended: Nov 19–20, 2019 (AFP/Reuters withdrew; UN expert clarified figure was cumulative 2015/Obama-era, not current)",https://freebeacon.com/politics/reuters-afp-retract-migrant-children-articles-that-were-based-on-obama-era-figures/,AFP; Reuters; NPR pickup; House Homeland Security Committee Democrats; Sen. Bernie Sanders (tweet later deleted),1–2 days until wire retractions,"premature ""proven"" framing",retracted/corrected,106,Contemporaneous ORR/family detention numbers were far lower (~thousands). Also: https://apnews.com/general-news-e20822a6893944c5b563d00e987d2240,Proven false,,Outlet's own correction,Appended correction line,first,"Could not verify against a primary source, move to the watch list",Watch list (unverified),Unverified,None confirmed (watch list),https://freebeacon.com/politics/reuters-afp-retract-migrant-children-articles-that-were-based-on-obama-era-figures/,n/a,"The outlet's own correction or editor's note was not loaded or seen. Evidence is only secondary (other outlets, Attkisson, iMediaEthics, Poynter, or fact-checkers). Free Beacon report of the Reuters/AFP withdrawals is secondary.",,,,B,"Evidence weaker than the catalog stated: catalog Proof_Basis ""Outlet's own correction"", but no primary proof could be confirmed.",Yes,2026-09-24 (MT)
"President Trump spent Thanksgiving 2019 tweeting and golfing at Mar-a-Lago rather than visiting U.S. troops.
Began: Nov 28, 2019 | Ended: Nov 28, 2019 evening (Newsweek substantially updated); reporter later fired / editor demoted",https://www.imediaethics.org/newsweek-reporter-fired-editor-demoted-for-trump-thanksgiving-article/,Newsweek (Jessica Kwong),hours until update after Afghanistan trip became public,"premature ""proven"" framing",retracted/corrected,107,Trip was secret until return; Kwong called pre-announcement reporting an 'honest mistake.' Also: https://www.thewrap.com/newsweek-demotes-editor-after-firing-reporter-for-inaccurate-trump-thanksgiving-story/,Proven false,https://www.imediaethics.org/topics/apologies-retractions/,Outlet's own correction,Appended correction line,first,"Could not verify against a primary source, move to the watch list",Watch list (unverified),Unverified,None confirmed (watch list),https://www.imediaethics.org/topics/apologies-retractions/,n/a,"The outlet's own correction or editor's note was not loaded or seen. Evidence is only secondary (other outlets, Attkisson, iMediaEthics, Poynter, or fact-checkers).",,,,B,"Evidence weaker than the catalog stated: catalog Proof_Basis ""Outlet's own correction"", but no primary proof could be confirmed.",Yes,2026-09-24 (MT)
"Trump chose not to listen to the translation of the Italian prime minister's speech at the G7 (shown without large headphones).
Began: May 27, 2017 | Ended: May 27, 2017 (BBC correspondent James Landale corrected within ~30 minutes; White House: single in-ear piece)",https://www.huffingtonpost.co.uk/entry/sean-spicer-bbc-fake-news-tweet_uk_592dc372e4b0c0608e8bf993,BBC Diplomatic Correspondent James Landale; amplified by other journalists' retweets,under an hour until correction; original tweet far more viral,false photo/video attribution,retracted/corrected,108,Spicer later cited the viral false framing; Landale acknowledged the earpiece explanation. Also: https://gizmodo.com/president-trumps-translation-earpiece-is-just-really-sm-1795615655,Proven false,https://www.huffingtonpost.co.uk/static/corrections,Fact-check only,Appended correction line,first,"Could not verify against a primary source, move to the watch list",Watch list (unverified),Unverified,None confirmed (watch list),https://www.huffingtonpost.co.uk/static/corrections,n/a,"Viral media (video/photo/screenshot). No primary record (original footage, metadata, or an official statement) was available to establish authenticity or date; the case rests on fact-checker analysis. HuffPost UK page not checked for a correction; the underlying G7 video was not reviewed.",,,,A,,,2026-09-24 (MT)
"Children of U.S. troops born overseas would no longer automatically get U.S. citizenship under a Trump/USCIS policy change (as broadly framed).
Began: Aug 28, 2019 | Ended: Aug 28–29, 2019 (NBC correction; USCIS/Military Times clarified narrow adoption/noncitizen-parent cases)",https://www.snopes.com/fact-check/overseas-us-troops-kids-citizens/,Tal Kopan (San Francisco Chronicle); Task & Purpose; NBC News (Ken Dilanian initial tweets before correction),hours of viral panic until corrections,policy-scope inflation,misleading,109,Did not end birthright citizenship for children of U.S. citizen service members; AP said ~20–25 cases/year affected.,Rated misleading,,Outlet's own correction,Appended correction line,first,"Could not verify against a primary source, move to the watch list",Watch list (unverified),Unverified,None confirmed (watch list),https://www.snopes.com/fact-check/overseas-us-troops-kids-citizens/,n/a,"The outlet's own correction or editor's note was not loaded or seen. Evidence is only secondary (other outlets, Attkisson, iMediaEthics, Poynter, or fact-checkers).",,,,B,"Evidence weaker than the catalog stated: catalog Proof_Basis ""Outlet's own correction"", but no primary proof could be confirmed.",Yes,2026-09-24 (MT)
"Arizona Republic used 2014 photos of migrant children in holding facilities as if depicting then-current Trump-era detention conditions.
Began: May 27, 2018 | Ended: May 27–28, 2018 (azcentral clarification that photos were from 2014)",https://www.poynter.org/fact-checking/2018/the-funny-the-weird-and-the-serious-33-media-corrections-from-2018/,The Arizona Republic / azcentral,hours–1 day until clarification,false photo/video attribution,retracted/corrected,110,Related theme to NYT Magazine cage RT (v2) but distinct outlet correction listed by Poynter.,Proven false,,Fact-check only,Never corrected — fact-checked only,first,"Could not verify against a primary source, move to the watch list",Watch list (unverified),Unverified,None confirmed (watch list),https://www.poynter.org/fact-checking/2018/the-funny-the-weird-and-the-serious-33-media-corrections-from-2018/,n/a,"Viral media (video/photo/screenshot). No primary record (original footage, metadata, or an official statement) was available to establish authenticity or date; the case rests on fact-checker analysis. Arizona Republic/azcentral clarification not located; Poynter roundup is not a primary source.",,,,A,,,2026-09-24 (MT)
"Trump's tax cut was 'a middle-class tax hike' evidenced by average tax refunds being down about $170.
Began: Feb 11, 2019 | Ended: Feb 13, 2019 (PolitiFact Mostly False: early refund drop ≠ higher tax burden; most middle-class households projected tax cuts)",https://politifact.com/factchecks/2019/feb/13/kamala-harris/checking-kamala-harris-tax-refunds-and-gop-tax-law/,Sen. Kamala Harris,days of tax-season messaging,omitted context,misleading,111,Refund size depends on withholding; WaPo Fact Checker also criticized the leap. Also: https://www.washingtonpost.com/politics/2019/02/13/kamala-harris-leaps-unwarranted-conclusions-tax-tweet/,Proven false,,Fact-check only,Never corrected — fact-checked only,first,Verified by SwampForce + independently confirmed,Proven false,Official record,Official record (JCT JCX-68-17),https://www.jct.gov/getattachment/45580637-252a-4c6f-b434-a2085f417920/x-68-17-5054.pdf,200,"JCT JCX-68-17 (TCJA conference agreement), 2019: federal taxes fall on average in every income class (e.g., ""Less than $10,000 ... -5.6%"", $20,000-30,000 ""-13.5%""; total -$259.5B, of which $1M+ -$36.9B). The average middle-income household got a tax cut; smaller early-season refunds reflected withholding changes, not higher liability.",PolitiFact,https://politifact.com/factchecks/2019/feb/13/kamala-harris/checking-kamala-harris-tax-refunds-and-gop-tax-law/,Verified by SwampForce | Independently confirmed by PolitiFact,,,,2026-09-24 (MT)
"Donald Trump 'just promised that if he wins reelection, he'll gut Social Security and Medicare.'
Began: Aug 9, 2020 | Ended: Aug 13, 2020 (PolitiFact Mostly False: no such promise; payroll-tax deferral did not affect Medicare funding)",https://www.politifact.com/factchecks/2020/aug/13/kamala-harris/kamala-harris-flawed-social-security-medicare-atta/,Sen. Kamala Harris (Instagram),days around Aug 2020 payroll-tax EO debate,misquote / truncation,misleading,112,"Distinct from excluded staging FT-9 (Social Security Works 'terminate') and from 2024 'intends to cut' items 44–46. Trump discussed payroll-tax permanence, not gutting benefits.
Primary record: Same Aug. 12, 2020 transcript has Trump pledging Social Security 'will be totally protected' while discussing terminating the payroll tax, contradicting claims he promised to gut Social Security and Medicare.",Proven false,https://www.rev.com/transcripts/donald-trump-press-conference-transcript-august-12,Original transcript/video,Never corrected — fact-checked only,first,Verified by SwampForce + independently confirmed,Proven false,Original transcript/video,Original transcript (rev.com),https://www.rev.com/transcripts/donald-trump-press-conference-transcript-august-12,200,"Same transcript: ""Medicare will be protected, but social security will be totally protected under me.""",PolitiFact,https://www.politifact.com/factchecks/2020/aug/13/kamala-harris/kamala-harris-flawed-social-security-medicare-atta/,Verified by SwampForce | Independently confirmed by PolitiFact,,rev.com third-party transcription.,,2026-09-24 (MT)
"Trump 'signed an executive action directing funding cuts for Social Security' and 'proposed slashing hundreds of billions of dollars from the Social Security Trust Fund every year' / 'promised to defund Social Security.'
Began: Aug 11–14, 2020 | Ended: Aug 14, 2020 (PolitiFact Ad Watch: Biden exaggerates; deferral ≠ benefit cut; White House disputed 'terminate tax' meaning)",https://politifact.com/article/2020/aug/14/ad-watch-biden-exaggerates-trumps-social-security/,Joe Biden campaign (Florida TV ad; Tampa Bay Times op-ed),days of Florida ad buy around Aug 2020,policy-scope inflation,misleading,113,"Distinct from excluded FT-9 terminate meme and from 2024 intends-to-cut items. Legitimate solvency questions about payroll-tax talk; ad overstated 'directing funding cuts' / 'defund.'
Primary record: The Aug. 8, 2020 presidential memorandum in the Federal Register only directed Treasury to defer certain employee payroll-tax withholdings for Sept.–Dec. 2020—not an executive action cutting Social Security Trust Fund benefit payments.",Rated misleading,https://www.govinfo.gov/content/pkg/FR-2020-08-13/pdf/2020-17899.pdf,Official record,Never corrected — fact-checked only,first,Verified by SwampForce + independently confirmed,Rated misleading,Official record,Official record (Federal Register),https://www.govinfo.gov/content/pkg/FR-2020-08-13/pdf/2020-17899.pdf,200,"Memorandum of Aug 8, 2020 ""Deferring Payroll Tax Obligations..."": directs Treasury ""to defer the withholding, deposit, and payment of the tax"" for Sept-Dec 2020; no benefit or trust-fund cut. Kept Rated misleading.",PolitiFact,https://politifact.com/article/2020/aug/14/ad-watch-biden-exaggerates-trumps-social-security/,Verified by SwampForce | Independently confirmed by PolitiFact,,,,2026-09-24 (MT)
"The Trump administration declared that erecting a White House ballroom is the president's main priority (over cost of living, health care, or reopening government).
Began: Oct 23, 2025 | Ended: Oct 24, 2025 (PolitiFact False: Leavitt answered about renovation priorities only)",https://politifact.com/factchecks/2025/oct/24/hakeem-jeffries/democrats-leavitt-priority-ballroom-white-house/,House Minority Leader Hakeem Jeffries; House Democratic Caucus; Democratic National Committee; Sen. Chuck Schumer (amplifying clipped clip),1–2 days until PolitiFact False,misquote / truncation,false,114,"Leavitt's 'main priority' answer was about White House construction projects, not all presidential priorities. Also: https://www.pbs.org/newshour/politics/fact-checking-democrats-claim-that-white-house-said-ballroom-is-trumps-top-priority",Proven false,,Fact-check only,Never corrected — fact-checked only,later,Verified by SwampForce + independently confirmed,Rated misleading,Original transcript/video,"Original transcript (rev.com, Oct 23, 2025 briefing)",https://www.rev.com/transcripts/karoline-leavitt-white-house-press-briefing-on-10-23-25,200,"Asked whether the President was ""looking at any other renovations or significant projects here at the White House"", Leavitt said: ""at this moment in time, of course, the ballroom is really the President's main priority."" The context is White House grounds projects, not policy priorities.",PolitiFact,https://politifact.com/factchecks/2025/oct/24/hakeem-jeffries/democrats-leavitt-priority-ballroom-white-house/,Verified by SwampForce | Independently confirmed by PolitiFact,,"Downgraded from Proven false to Rated misleading: the words ""main priority"" were said, and the claim strips their context. rev.com is a third-party transcription; the official WH video is at whitehouse.gov/videos/press-secretary-karoline-leavitt-briefs-members-of-the-media-oct-23-2025/.",Yes,2026-09-24 (MT)
"Republicans have 'effectively ended medical research in the United States of America' via Trump's second-term NIH and research cuts.
Began: Sep 24, 2025 | Ended: Sep 29, 2025 (PolitiFact Mostly False: proposed NIH budget would still be ~$27B; appropriations panels rejected steep cuts)",https://www.politifact.com/factchecks/2025/sep/29/hakeem-jeffries/trump-medical-research-cuts-nih/,House Minority Leader Hakeem Jeffries,about 5 days until Mostly False rating,policy-scope inflation,misleading,115,Real steep proposed cuts and grant terminations existed; 'effectively ended' overstated remaining funding and congressional pushback.,Proven false,,Fact-check only,Never corrected — fact-checked only,later,"Could not verify against a primary source, move to the watch list",Watch list (unverified),Unverified,None confirmed (watch list),https://www.politifact.com/factchecks/2025/sep/29/hakeem-jeffries/trump-medical-research-cuts-nih/,n/a,"The primary record (agency data, official document, transcript) needed to test the claim was not reached or located in this pass. The case rests on fact-checker reporting only.",,,,C,,,2026-09-24 (MT)
"When Biden took office, the Trump administration had contracted for 'not nearly enough' COVID vaccine to cover U.S. adults.
Began: Mar 2, 2021 | Ended: Mar 5, 2021 (PolitiFact Mostly False: Warp Speed portfolio contracts covered far more than the adult population if cleared)",https://politifact.com/factchecks/2021/mar/05/joe-biden/bidens-criticism-trump-administration-vaccine-cont/,President Joe Biden,days of White House messaging,omitted context,misleading,116,Authorized Pfizer/Moderna doses alone were short of all adults; total Warp Speed contracts were much larger.,Proven false,,Fact-check only,Never corrected — fact-checked only,later,"Could not verify against a primary source, move to the watch list",Watch list (unverified),Unverified,None confirmed (watch list),https://politifact.com/factchecks/2021/mar/05/joe-biden/bidens-criticism-trump-administration-vaccine-cont/,n/a,"The primary record (agency data, official document, transcript) needed to test the claim was not reached or located in this pass. The case rests on fact-checker reporting only.",,,,C,,,2026-09-24 (MT)
"The process to distribute COVID vaccine to the broader community 'did not really exist' when the Biden team entered the White House.
Began: Jan 24, 2021 | Ended: Jan 27, 2021 (PolitiFact Mostly False: a state-led federal distribution plan existed despite flaws)",https://politifact.com/factchecks/2021/jan/27/ron-klain/trump-vaccine-plan-left-logistics-states-it-did-ex/,White House Chief of Staff Ron Klain (Meet the Press),days of early-administration framing,policy-scope inflation,misleading,117,Experts criticized communication and funding gaps; 'did not really exist' overstated a real state-centric plan.,Proven false,,Fact-check only,Never corrected — fact-checked only,later,"Could not verify against a primary source, move to the watch list",Watch list (unverified),Unverified,None confirmed (watch list),https://politifact.com/factchecks/2021/jan/27/ron-klain/trump-vaccine-plan-left-logistics-states-it-did-ex/,n/a,"The primary record (agency data, official document, transcript) needed to test the claim was not reached or located in this pass. The case rests on fact-checker reporting only.",,,,C,,,2026-09-24 (MT)
"When President Biden took office there was 'no vaccine available' for COVID-19 (implying Trump left Americans with none).
Began: May 12, 2022 | Ended: May 13, 2022 (White House corrected tweet); May 16, 2022 (PolitiFact False)",https://politifact.com/factchecks/2022/may/16/joe-biden/white-house-errs-vaccine-availability-then-correct/,The White House (@WhiteHouse under Biden),1 day until White House walk-back,retracted invention,retracted/corrected,118,"20M+ doses administered under Trump; Biden himself vaccinated Dec 2020. Correction: 'not widely available.'
Primary record: The White House's own May 13, 2022 correction tweet states it 'previously misstated that vaccines were unavailable in January 2021' and should have said they were 'not widely available.'",Proven false,https://x.com/WhiteHouse46/status/1525239715372359681,Outlet's own correction,Appended correction line,later,Verified by SwampForce + independently confirmed,Proven false,Outlet's own correction,Claimant's own correction (@WhiteHouse46),https://x.com/WhiteHouse46/status/1525239715372359681,200,"White House: ""We previously misstated that vaccines were unavailable in January 2021. We should have said that they were not widely available.""",PolitiFact,https://politifact.com/factchecks/2022/may/16/joe-biden/white-house-errs-vaccine-availability-then-correct/,Verified by SwampForce | Independently confirmed by PolitiFact,,,,2026-09-24 (MT)
"In Trump's first year back he created only about 185,000 jobs total (versus 2.2 million in Biden's last year).
Began: Feb 27, 2026 | Ended: Mar 5, 2026 (FactCheck.org: Biden inflated his figure and undersold Trump; ~359,000 Jan 2025–Jan 2026)",https://www.factcheck.org/2026/03/biden-makes-flawed-comparisons-with-trump/,Former President Joe Biden (South Carolina Democratic Party event),days until FactCheck adjudication,omitted context,false,119,Relied on outdated/revision-sensitive BLS figures after annual revisions lowered Biden-era estimates.,Proven false,,Fact-check only,Never corrected — fact-checked only,later,Verified by SwampForce + independently confirmed,Rated misleading,Official record,"Official data (BLS API, CES0000000001)",https://data.bls.gov/timeseries/CES0000000001,200,"BLS total nonfarm (current vintage, thousands): Jan 2025 158,268 → Jan 2026 158,592 (+324k); Jan 2024 157,032 → Jan 2025 158,268 (+1,236k). The claim's figures (185k vs 2.2M) undersell Trump's first year and roughly double Biden's last year, but the direction (Trump's first year weaker) holds.",FactCheck.org,https://www.factcheck.org/2026/03/biden-makes-flawed-comparisons-with-trump/,Verified by SwampForce | Independently confirmed by FactCheck.org,,"Downgraded from Proven false to Rated misleading: both figures are wrong, but the comparison's direction is right. BLS figures are revised; values are the current vintage.",Yes,2026-09-24 (MT)
"Melania Trump was 'very involved' in Trump's Epstein relationship / was introduced to Trump via a modeling agent connected to Jeffrey Epstein.
Began: Jul 2025 | Ended: Jul 2025 (article removed); Sep 10–15, 2025 (updated Daily Beast apology to Melania)",https://nypost.com/2025/09/15/us-news/daily-beast-apologizes-to-melania-trump-over-retracted-article-alleging-an-epstein-link/,The Daily Beast (based on Michael Wolff interview/podcast),weeks from publication to apology update,retracted invention,retracted/corrected,120,Outlet said article did not meet standards; Melania memoir describes Kit Kat Klub meeting. Also: https://www.foxnews.com/media/daily-beast-apologizes-melania-trump-over-retracted-epstein-allegations-article,Proven false,,Outlet's own correction,Appended correction line,later,"Could not verify against a primary source, move to the watch list",Watch list (unverified),Unverified,None confirmed (watch list),https://nypost.com/2025/09/15/us-news/daily-beast-apologizes-to-melania-trump-over-retracted-article-alleging-an-epstein-link/,n/a,"The outlet's own correction or editor's note was not loaded or seen. Evidence is only secondary (other outlets, Attkisson, iMediaEthics, Poynter, or fact-checkers). NY Post report of the Daily Beast editor's note is secondary.",,,,B,"Evidence weaker than the catalog stated: catalog Proof_Basis ""Outlet's own correction"", but no primary proof could be confirmed.",Yes,2026-09-24 (MT)
"There was an 'Epstein connection' involving Melania Trump and Donald Trump (as framed in Carville's YouTube title and comments).
Began: early Aug 2025 | Ended: Aug 8, 2025 (Carville apology; video removed; comments edited out)",https://nypost.com/2025/08/08/us-news/james-carville-apologizes-and-pulls-video-suggesting-a-melania-trump-epstein-connection/,James Carville (Democratic strategist; Politics War Room),about 1 week until apology after Melania's lawyer letter,inflammatory false premise,retracted/corrected,121,Carville: 'I also take back these statements and apologize.' Distinct from Daily Beast article. Also: https://thehill.com/homenews/administration/5441667-carville-apologizes-for-podcast/,Proven false,,Outlet's own correction,Appended correction line,later,"Could not verify against a primary source, move to the watch list",Watch list (unverified),Unverified,None confirmed (watch list),https://nypost.com/2025/08/08/us-news/james-carville-apologizes-and-pulls-video-suggesting-a-melania-trump-epstein-connection/,n/a,"The outlet's own correction or editor's note was not loaded or seen. Evidence is only secondary (other outlets, Attkisson, iMediaEthics, Poynter, or fact-checkers). NY Post report is secondary.",,,,B,"Evidence weaker than the catalog stated: catalog Proof_Basis ""Outlet's own correction"", but no primary proof could be confirmed.",Yes,2026-09-24 (MT)
"Senate Minority Leader Chuck Schumer was notified of Trump's Iran nuclear-site strikes only after the attack (Democrats not informed in advance).
Began: Jun 22, 2025 | Ended: Jun 22–23, 2025 (CNN correction: Schumer was called before the strike)",https://kpic.com/news/nation-world/leavitt-demands-retraction-after-cnn-claims-dems-not-informed-of-iran-strike,CNN (initial report); similar framing amplified elsewhere including MSNBC critiques of notification,hours until CNN update/correction,retracted invention,retracted/corrected,122,CNN updated that Schumer was called ~1 hour before strikes; Jeffries reached later.,Proven false,https://thenationaldesk.com/news/americas-news-now/leavitt-demands-retraction-after-cnn-claims-dems-not-informed-of-iran-strike,Outlet's own correction,Appended correction line,later,"Could not verify against a primary source, move to the watch list",Watch list (unverified),Unverified,None confirmed (watch list),https://thenationaldesk.com/news/americas-news-now/leavitt-demands-retraction-after-cnn-claims-dems-not-informed-of-iran-strike,n/a,"The outlet's own correction or editor's note was not loaded or seen. Evidence is only secondary (other outlets, Attkisson, iMediaEthics, Poynter, or fact-checkers). Local-station report quoting CNN's correction is secondary; CNN's own article not loaded.",,,,B,"Evidence weaker than the catalog stated: catalog Proof_Basis ""Outlet's own correction"", but no primary proof could be confirmed.",Yes,2026-09-24 (MT)
"Penn Wharton / 'Wharton School' determined Harris's plan would strengthen the economy and Trump's would weaken it.
Began: Sep 19, 2024 | Ended: Sep 27, 2024 (FactCheck.org: PWBM found Harris plan reduces GDP more than Trump's)",https://www.factcheck.org/2024/09/harris-misleadingly-cites-some-economic-analyses-of-her-policies-and-trumps/,Vice President Kamala Harris,about 1–2 weeks of campaign citations,false attribution of words/intent,misleading,123,"PWBM: both plans raise deficits; Harris GDP hit larger. Distinct from tariff $4,000 Half True ratings.",Rated misleading,,Fact-check only,Never corrected — fact-checked only,later,"Could not verify against a primary source, move to the watch list",Watch list (unverified),Unverified,None confirmed (watch list),https://www.factcheck.org/2024/09/harris-misleadingly-cites-some-economic-analyses-of-her-policies-and-trumps/,n/a,"The primary record (agency data, official document, transcript) needed to test the claim was not reached or located in this pass. The case rests on fact-checker reporting only.",,,,C,,,2026-09-24 (MT)
"Goldman Sachs said Harris's plan would grow the economy and Trump's would shrink it.
Began: Sep 10–25, 2024 | Ended: Sep 27, 2024 (FactCheck.org: Goldman modeled continued growth under both; Trump scenario slower growth, not shrinkage)",https://www.factcheck.org/2024/09/harris-misleadingly-cites-some-economic-analyses-of-her-policies-and-trumps/,Vice President Kamala Harris,weeks of debate/campaign citations,false attribution of words/intent,misleading,124,Goldman CEO said difference was about two-tenths of a percent.,Rated misleading,,Fact-check only,Never corrected — fact-checked only,later,"Could not verify against a primary source, move to the watch list",Watch list (unverified),Unverified,None confirmed (watch list),https://www.factcheck.org/2024/09/harris-misleadingly-cites-some-economic-analyses-of-her-policies-and-trumps/,n/a,"The primary record (agency data, official document, transcript) needed to test the claim was not reached or located in this pass. The case rests on fact-checker reporting only.",,,,C,,,2026-09-24 (MT)
"Trump announced a budget to cut Social Security and Medicare every single year he was in office (as benefit cuts for seniors).
Began: Aug 14, 2024 | Ended: Aug 19, 2024 (Washington Post Fact Checker: budgets did not seek cuts to SS retirement benefits; Medicare items largely provider-payment reforms)",https://www.washingtonpost.com/politics/2024/08/19/no-every-trump-budget-did-not-seek-cut-social-security-medicare/,Harris-Walz campaign (tweet labeled 'Fact'),days of Aug 2024 campaign messaging,policy-scope inflation,misleading,125,"Distinct from 2024 'intends to cut' items 44–46; this is about every past Trump budget as benefit cuts. Also: https://www.factcheck.org/2024/08/final-night-of-the-democratic-national-convention/
Primary record: FY2020 Major Savings and Reforms frames Medicare proposals as waste/fraud/provider-payment reforms while stating protection of Medicare for seniors—not annual cuts to Social Security/Medicare benefits for retirees.",Rated misleading,https://www.govinfo.gov/content/pkg/BUDGET-2020-MSV/pdf/BUDGET-2020-MSV.pdf,Official record,Never corrected — fact-checked only,later,Verified by SwampForce + independently confirmed,Rated misleading,Official record,Official record (FY2020 President's Budget),https://www.govinfo.gov/content/pkg/BUDGET-2020-BUD/pdf/BUDGET-2020-BUD.pdf,200,"FY2020 Budget (govinfo): Medicare proposals ""reduce wasteful spending and incentivize efficiency ... extending the solvency of the program ... consistent with the President's promise to protect Medicare"" and move hospital payments ""not directly related to Medicare's health insurance role outside the Medicare Trust Fund""; MSV: ""without affecting beneficiary access to providers or the care they receive."" Proposals are savings, largely provider-side. Kept Rated misleading.",Washington Post Fact Checker,https://www.washingtonpost.com/politics/2024/08/19/no-every-trump-budget-did-not-seek-cut-social-security-medicare/,Verified by SwampForce | Independently confirmed by Washington Post Fact Checker,,Covers FY2020 only; the claim covers every budget year.,,2026-09-24 (MT)
"Harris said Trump 'tried to cut Social Security and Medicare' in his presidential budgets (as cuts to seniors' retirement/Medicare benefits).
Began: Aug 22, 2024 | Ended: Aug 23, 2024 (FactCheck.org: budgets did not propose cutting SS retirement benefits; Medicare proposals largely provider-payment reforms)",https://www.factcheck.org/2024/08/final-night-of-the-democratic-national-convention/,Vice President Kamala Harris; Sen. Tammy Baldwin (related CNBC 'cutting' quote framing),DNC week with long prior Mediscare variants,policy-scope inflation,misleading,126,"About first-term budgets but pushed in 2024. Distinct from 'intends to cut' items 44–46 and every-year budget tweet. Also: https://www.washingtonpost.com/politics/2024/08/19/no-every-trump-budget-did-not-seek-cut-social-security-medicare/
Primary record: Official FY2020 budget savings document describes Medicare integrity/provider reforms rather than cutting seniors' Social Security or Medicare benefit checks.",Rated misleading,https://www.govinfo.gov/content/pkg/BUDGET-2020-MSV/pdf/BUDGET-2020-MSV.pdf,Official record,Never corrected — fact-checked only,later,Verified by SwampForce + independently confirmed,Rated misleading,Official record,Official record (FY2020 President's Budget),https://www.govinfo.gov/content/pkg/BUDGET-2020-BUD/pdf/BUDGET-2020-BUD.pdf,200,"FY2020 Budget (govinfo): Medicare proposals ""reduce wasteful spending and incentivize efficiency ... extending the solvency of the program ... consistent with the President's promise to protect Medicare"" and move hospital payments ""not directly related to Medicare's health insurance role outside the Medicare Trust Fund""; MSV: ""without affecting beneficiary access to providers or the care they receive."" Proposals are savings, largely provider-side. Kept Rated misleading.",FactCheck.org,https://www.factcheck.org/2024/08/final-night-of-the-democratic-national-convention/,Verified by SwampForce | Independently confirmed by FactCheck.org,,,,2026-09-24 (MT)
"The Supreme Court ruled that Trump 'would be immune from criminal prosecution' (absolute-immunity framing).
Began: Aug 22, 2024 | Ended: Aug 23, 2024 (FactCheck.org: Court held a presumption of immunity for official acts, not immunity for unofficial acts)",https://www.factcheck.org/2024/08/final-night-of-the-democratic-national-convention/,Vice President Kamala Harris (DNC acceptance speech),DNC night and immediate recirculation,omitted context,misleading,127,"Roberts: president has no immunity for unofficial acts; not everything is official.
Primary record: Trump v. United States (July 1, 2024) holds absolute immunity only for conclusive/preclusive constitutional acts, presumptive immunity for other official acts, and no immunity for unofficial acts—not blanket absolute criminal immunity.",Rated misleading,https://www.supremecourt.gov/opinions/23pdf/23-939_e2pg.pdf,Official record,Never corrected — fact-checked only,later,Verified by SwampForce + independently confirmed,Rated misleading,Official record,Official record (Supreme Court opinion),https://www.supremecourt.gov/opinions/23pdf/23-939_e2pg.pdf,200,"Trump v. United States syllabus: absolute immunity for core constitutional powers; ""at least presumptive immunity"" for official acts; ""There is no immunity for unofficial acts."" Kept Rated misleading.",FactCheck.org,https://www.factcheck.org/2024/08/final-night-of-the-democratic-national-convention/,Verified by SwampForce | Independently confirmed by FactCheck.org,,,,2026-09-24 (MT)
"Trump 'encouraged Putin to invade' a NATO ally / invited Russia to 'do whatever the hell they want' (omitting the NATO dues-delinquency condition).
Began: Feb 10, 2024 (rally); heavily repeated Aug 22, 2024 DNC | Ended: Aug 23, 2024 (FactCheck.org: Trump said he told a delinquent NATO member he would not protect it unless bills were paid)",https://www.factcheck.org/2024/08/final-night-of-the-democratic-national-convention/,Kamala Harris; Sen. Mark Kelly; former Defense Secretary Leon Panetta (DNC speakers),months of truncated clip use; DNC spike Aug 2024,misquote / truncation,misleading,128,"Still aggressive rhetoric; Democrats omitted the stated condition about delinquent NATO spending.
Primary record: The Feb. 10, 2024 Conway, SC rally transcript shows the 'whatever the hell they want' line conditioned on a NATO ally being 'delinquent' on bills—not an unconditioned invitation for Russia to invade any NATO ally.",Rated misleading,https://www.rev.com/transcripts/donald-trump-delivers-speech-in-south-carolina-transcript,Original transcript/video,Never corrected — fact-checked only,later,Verified by SwampForce + independently confirmed,Rated misleading,Original transcript/video,Original transcript (rev.com),https://www.rev.com/transcripts/donald-trump-delivers-speech-in-south-carolina-transcript,200,"Feb 10, 2024 SC rally: ""You didn't pay. You're delinquent?"" ... ""No, I would not protect you. In fact, I would encourage them to do whatever the hell they want. You got to pay."" Conditional on non-payment. Kept Rated misleading.",FactCheck.org,https://www.factcheck.org/2024/08/final-night-of-the-democratic-national-convention/,Verified by SwampForce | Independently confirmed by FactCheck.org,,rev.com third-party transcription.,,2026-09-24 (MT)
"President Trump said Israel's assassination campaign of Iranian leaders was complicating U.S. negotiations with Iran (paraphrase/truncation).
Began: Jul 2, 2026 | Ended: Jul 13, 2026 (Washington Post correction: Trump did not directly mention Israel; quote improperly truncated)",https://www.washingtonpost.com/national-security/2026/07/02/us-warned-iran-about-israels-aims-assassinate-leaders/,The Washington Post,about 11 days until correction,misquote / truncation,retracted/corrected,129,CAMERA documented WaPo correction restoring fuller quote without Israel attribution. Also: https://www.camera.org/article/washington-post-reporters-falsify-a-trump-quote-to-manufacture-an-anti-israel-narrative/,Proven false,https://www.washingtonpost.com/national-security/2026/07/02/us-warned-iran-about-israels-aims-assassinate-leaders/,Outlet's own correction,Appended correction line,later,"Could not verify against a primary source, move to the watch list",Watch list (unverified),Unverified,None confirmed (watch list),https://www.washingtonpost.com/national-security/2026/07/02/us-warned-iran-about-israels-aims-assassinate-leaders/,n/a,"The outlet's own correction or editor's note was not loaded or seen. Evidence is only secondary (other outlets, Attkisson, iMediaEthics, Poynter, or fact-checkers). WaPo article loaded only partially (WebFetch); no correction text visible.",,,,B,"Evidence weaker than the catalog stated: catalog Proof_Basis ""Outlet's own correction"", but no primary proof could be confirmed.",Yes,2026-09-24 (MT)
"The Philadelphia Eagles declined / gave a 'massive no' to a White House invitation to celebrate their Super Bowl win with Trump.
Began: Feb 9–23, 2025 | Ended: Feb 24, 2025 (PolitiFact False: White House said no invitation had yet been extended)",https://politifact.com/factchecks/2025/feb/24/social-media/did-philadelphia-eagles-decline-trump-white-house/,The U.S. Sun; Newsweek (amplifying reported snub); viral social posts,about 2 weeks of premature snub narrative,"premature ""proven"" framing",false,130,Unfavorable 'snubbed Trump' framing before any invite existed. Also: https://www.snopes.com/fact-check/philadelphia-eagles-decline-white-house-invite-2025/; https://www.newsweek.com/philadelphia-eagles-invitation-maga-white-house-trump-super-bowl-2035202,Proven false,,Fact-check only,Never corrected — fact-checked only,later,Verified by SwampForce + independently confirmed,Proven false,Original transcript/video,"Original transcript (UCSB, released by WH Office of Communications)",http://presidency.ucsb.edu/documents/remarks-honoring-the-2024-super-bowl-champion-philadelphia-eagles,200,"Trump's Apr 28, 2025 remarks: ""we are thrilled to welcome everyone to the White House ... to celebrate the Super Bowl LIX champion: the Philadelphia Eagles."" The team visited, so there was no ""massive no"".",PolitiFact,https://politifact.com/factchecks/2025/feb/24/social-media/did-philadelphia-eagles-decline-trump-white-house/,Verified by SwampForce | Independently confirmed by PolitiFact,,,,2026-09-24 (MT)
"Trump reversed all Biden-negotiated Medicare/Medicaid drug price caps, raising prescription costs by as much as 4,200%.
Began: Jan 21, 2025 | Ended: Feb 28, 2025 (USA TODAY False: IRA caps are statute; executive order did not remove them)",https://www.usatoday.com/story/news/factcheck/2025/02/28/medicare-drug-price-trump-fact-check/80724101007/,Tristan Snell (political commentator/attorney on X); Facebook recirculation,about 5–6 weeks until USA TODAY False,policy-scope inflation,false,131,Trump rescinded a Biden EO directing CMS Innovation Center consideration; insulin/vaccine caps are in the Inflation Reduction Act.,Proven false,,Fact-check only,Never corrected — fact-checked only,later,Verified by SwampForce + independently confirmed,Proven false,Official record,Official record (Federal Register EO + CMS program page),https://www.federalregister.gov/documents/2025/01/28/2025-01901/initial-rescissions-of-harmful-executive-orders-and-actions,200,"The Jan 20, 2025 ""Initial Rescissions"" EO rescinds EO 14087 (a Biden order on drug-cost models), not the Inflation Reduction Act's statutory negotiation program. CMS's program page (cms.gov, last modified 06/15/2026) still runs the ""Medicare Drug Price Negotiation Program"" and lists ""Selected Drugs and Negotiated Prices"".",USA TODAY Fact Check,https://www.usatoday.com/story/news/factcheck/2025/02/28/medicare-drug-price-trump-fact-check/80724101007/,Verified by SwampForce | Independently confirmed by USA TODAY Fact Check,,,,2026-09-24 (MT)
"Leaked DHS/TSA memos showed the Trump administration was testing 'internal travel restrictions' inside the U.S. (checkpoints, boarding denials, dual-nationality stops).
Began: Early July 2025 | Ended: July 7, 2025 (Snopes: false; White House: 'obviously fake news')",https://www.snopes.com/fact-check/trump-us-travel-restrictions/,Viral/anonymous: Viral Facebook reels / TikTok narration accounts,Days until Snopes False,fabrication,false; Viral fake (anonymous/social media),133,No media coverage of any such leaked memos; Snopes flagged likely AI narration/scripting.,Proven false,,Fact-check only,Never corrected — fact-checked only,later,"Could not verify against a primary source, move to the watch list",Watch list (unverified),Unverified,None confirmed (watch list),https://www.snopes.com/fact-check/trump-us-travel-restrictions/,n/a,"Viral media (video/photo/screenshot). No primary record (original footage, metadata, or an official statement) was available to establish authenticity or date; the case rests on fact-checker analysis.",,,,A,,,2026-09-24 (MT)
"President Trump posted on Truth Social that he was ending dual citizenship under the Espionage Act and would 'denaturalize and deport' 'traitors.'
Began: April 1, 2025 | Ended: April 4, 2025 (PolitiFact False: fabricated screenshot)",https://www.politifact.com/factchecks/2025/apr/04/viral-image/this-isnt-a-real-truth-social-post-from-trump-abou/,Viral/anonymous: Viral Facebook posts with fake Truth Social screenshot,~3 days until PolitiFact False,fabrication / false attribution,false; Viral fake (anonymous/social media),134,Lead Stories also found no matching post on Trump's account or archives. Also: https://leadstories.com/hoax-alert/2025/04/fact-check-trump-truth-social-dual-citizens-deported-dual-citizenship-espionage-act.html,Proven false,,Fact-check only,Never corrected — fact-checked only,later,Verified by SwampForce + independently confirmed,Proven false,Primary record search (archive),Search of the original post record (third-party archive),https://trumpstruth.org/search?query=Espionage+Act&start_date=2025-03-28&end_date=2025-04-06&removed=include&scope=all&media=all&per_page=100,200,"Third-party archive of the original record (trumpstruth.org, Defending Democracy Together; indexes all @realDonaldTrump Truth Social posts incl. removed posts and video transcripts): ""Espionage Act"", ""denaturalize"", ""traitors"", ""dual citizenship"" in Mar 28-Apr 6, 2025: no matches (135 posts archived in that window). Caveat: absence in an archive is strong but not direct proof; the checker also reports no such post. Official Truth Social is not machine-searchable.",PolitiFact,https://www.politifact.com/factchecks/2025/apr/04/viral-image/this-isnt-a-real-truth-social-post-from-trump-abou/,Verified by SwampForce | Independently confirmed by PolitiFact,,,,2026-09-24 (MT)
"A 2025 ICE photo showed agents arresting a man in a 'Latinos for Trump 2024' shirt (framed as Trump voters being swept up).
Began: Jan 27–28, 2025 | Ended: Jan 30, 2025 (PolitiFact False; Reuters Altered; USA Today Manipulated media)",https://www.politifact.com/factchecks/2025/jan/30/viral-image/image-of-ice-officers-arresting-someone-wearing-a/,Instagram/social posts; El Chigüire Bipolar among amplifiers,~2–3 days until major fact-checks,false photo attribution / fabrication,false,135,2018 Fresh Mark (Ohio) raid photo; original shirt blank; vests read HSI not ICE. Also: https://www.reuters.com/fact-check/picture-man-detained-immigration-raid-was-altered-say-latinos-trump-2025-01-30/ https://eu.usatoday.com/story/news/factcheck/2025/01/30/ice-arresting-latinos-for-trump-shirt-fact-check/78023836007/,Proven false,,Fact-check only,Never corrected — fact-checked only,later,"Could not verify against a primary source, move to the watch list",Watch list (unverified),Unverified,None confirmed (watch list),https://www.politifact.com/factchecks/2025/jan/30/viral-image/image-of-ice-officers-arresting-someone-wearing-a/,n/a,"Viral media (video/photo/screenshot). No primary record (original footage, metadata, or an official statement) was available to establish authenticity or date; the case rests on fact-checker analysis.",,,,A,,,2026-09-24 (MT)
"Video showed Donald Trump announcing the U.S. would no longer give visas to Nigerians / limit visas for Nigerian professionals.
Began: Jan 25, 2025 | Ended: Jan 31, 2025 (PolitiFact False: altered audio; no such policy)",https://www.politifact.com/factchecks/2025/jan/31/viral-image/video-purportedly-showing-donald-trump-announcing/,Viral/anonymous: Facebook viral video posts,~6 days until PolitiFact False,fabrication / misquote,false; Viral fake (anonymous/social media),136,"Audio mismatched mouth movements; source was Nov. 6, 2024 election-night remarks that did not mention Nigeria or visas.",Proven false,,Fact-check only,Never corrected — fact-checked only,later,"Could not verify against a primary source, move to the watch list",Watch list (unverified),Unverified,None confirmed (watch list),https://www.politifact.com/factchecks/2025/jan/31/viral-image/video-purportedly-showing-donald-trump-announcing/,n/a,"Viral media (video/photo/screenshot). No primary record (original footage, metadata, or an official statement) was available to establish authenticity or date; the case rests on fact-checker analysis.",,,,A,,,2026-09-24 (MT)
"Viral TikTok montage documented ICE removing undocumented foster children from foster homes for deportation.
Began: June 11, 2025 | Ended: July 8, 2025 (Lead Stories: unrelated prank/local-police/Inside Edition clips)",https://leadstories.com/hoax-alert/2025/07/fact-check-tiktok-video-does-not-document-ice-detaining-foster-children.html,Viral/anonymous: TikTok @newshr19 and viral shares,~4 weeks until Lead Stories,false video attribution / fabrication,false; Viral fake (anonymous/social media),137,Opening clip was a humor toddler-'arrest' prank; other clips lacked ICE insignia.,Proven false,,Fact-check only,Never corrected — fact-checked only,later,"Could not verify against a primary source, move to the watch list",Watch list (unverified),Unverified,None confirmed (watch list),https://leadstories.com/hoax-alert/2025/07/fact-check-tiktok-video-does-not-document-ice-detaining-foster-children.html,n/a,"Viral media (video/photo/screenshot). No primary record (original footage, metadata, or an official statement) was available to establish authenticity or date; the case rests on fact-checker analysis.",,,,A,,,2026-09-24 (MT)
"Viral video showed ICE mass-arresting/deporting Walmart store staff.
Began: Oct 22, 2025 | Ended: Oct 29, 2025 (Lead Stories: AI-generated; headless officer artifacts)",https://leadstories.com/hoax-alert/2025/10/fact-check-video-of-ice-arresting-and-deporting-staff-of-a-walmart-store-is-not-real.html,Viral/anonymous: TikTok viral posts,~1 week until Lead Stories,fabrication,false; Viral fake (anonymous/social media),138,AI glitches included a headless ICE officer and tape passing through a body.,Proven false,,Fact-check only,Never corrected — fact-checked only,later,"Could not verify against a primary source, move to the watch list",Watch list (unverified),Unverified,None confirmed (watch list),https://leadstories.com/hoax-alert/2025/10/fact-check-video-of-ice-arresting-and-deporting-staff-of-a-walmart-store-is-not-real.html,n/a,"Viral media (video/photo/screenshot). No primary record (original footage, metadata, or an official statement) was available to establish authenticity or date; the case rests on fact-checker analysis.",,,,A,,,2026-09-24 (MT)
"President Trump posted on Truth Social calling for cellphone camera 'kill switches' so ICE (and 'my SS') could stop filming of agents, with noncompliance a felony.
Began: Jan 26, 2026 | Ended: Jan 26, 2026 (Lead Stories: satire/fake; no such Truth Social post)",https://leadstories.com/hoax-alert/2026/01/fact-check-trump-did-not-call-for-kill-switch-on-phones-to-stop-video-recording.html,Viral/anonymous: 'Gavin Newsom for President 2028' Facebook Group and viral shares,Same-day Lead Stories finding,fabrication / false attribution,false; Viral fake (anonymous/social media),139,Satirical tells included 'my SS' and 'proud ICE boys' language.,Proven false,,Fact-check only,Never corrected — fact-checked only,later,Verified by SwampForce + independently confirmed,Proven false,Primary record search (archive),Search of the original post record (third-party archive),https://trumpstruth.org/search?query=kill+switch&start_date=2026-01-15&end_date=2026-02-05&removed=include&scope=all&media=all&per_page=100,200,"Third-party archive of the original record (trumpstruth.org, Defending Democracy Together; indexes all @realDonaldTrump Truth Social posts incl. removed posts and video transcripts): ""kill switch"", ""phones"", ""felony"", ""filming"" in Jan 20-28, 2026: only unrelated hits in reposted video transcripts (election-fraud videos); no post calling for camera kill switches (320 posts archived in window). Caveat: absence in an archive is strong but not direct proof; the checker also reports no such post. Official Truth Social is not machine-searchable.",Lead Stories,https://leadstories.com/hoax-alert/2026/01/fact-check-trump-did-not-call-for-kill-switch-on-phones-to-stop-video-recording.html,Verified by SwampForce | Independently confirmed by Lead Stories,,,,2026-09-24 (MT)
"President Trump asked via Truth Social that ICE detention centers also be used to lock up 'communists' (including Democrat politicians).
Began: July 8, 2026 | Ended: July 8, 2026 (Lead Stories: fake screenshot)",https://leadstories.com/hoax-alert/2026/07/fact-check-trump-markwayne-mullin-ice-detention-centers-communists.html,Viral/anonymous: Viral X posts with fabricated Truth Social image,Same-day Lead Stories,fabrication / false attribution,false; Viral fake (anonymous/social media),140,Fake post also mocked people 'demanding affordable childcare' / 'giving everyone healthcare.',Proven false,,Fact-check only,Never corrected — fact-checked only,later,Verified by SwampForce + independently confirmed,Proven false,Primary record search (archive),Search of the original post record (third-party archive),https://trumpstruth.org/search?query=detention+centers&start_date=2026-07-01&end_date=2026-07-15&removed=include&scope=all&media=all&per_page=100,200,"Third-party archive of the original record (trumpstruth.org, Defending Democracy Together; indexes all @realDonaldTrump Truth Social posts incl. removed posts and video transcripts): ""communist ICE"", ""detention centers"", ""lock up"", ""Mullin"" in Jul 1-10, 2026: ""communists"" appears in unrelated posts (e.g., Fox link Jul 5) and the only Mullin hit is a Jul 6 WH naturalization document; no post asking ICE detention centers to hold communists/Democrats (77 posts in Jul 6-9). Caveat: absence in an archive is strong but not direct proof; the checker also reports no such post. Official Truth Social is not machine-searchable.",Lead Stories,https://leadstories.com/hoax-alert/2026/07/fact-check-trump-markwayne-mullin-ice-detention-centers-communists.html,Verified by SwampForce | Independently confirmed by Lead Stories,,,,2026-09-24 (MT)
"President Trump posted on Truth Social after a Minneapolis ICE-related shooting that 'only criminals carry guns on our streets.'
Began: Jan 24–25, 2026 | Ended: Jan 26, 2026 (PolitiFact Pants on Fire; NRA fake-news alert)",https://www.politifact.com/factchecks/2026/jan/26/social-media/Trump-Truth-Social-post-fake-guns-Minneapolis/,"Viral/anonymous: X, Facebook, and Threads users",1–2 days until PolitiFact Pants on Fire,fabrication / false attribution,pants-on-fire; Viral fake (anonymous/social media),141,Archives showed no such post; Trump's real post concerned the gunman's weapon.,Proven false,,Fact-check only,Never corrected — fact-checked only,later,Verified by SwampForce + independently confirmed,Proven false,Primary record search (archive),Search of the original post record (third-party archive),https://trumpstruth.org/search?query=only+criminals+carry+guns&start_date=2026-01-20&end_date=2026-01-31&removed=include&scope=all&media=all&per_page=100,200,"Third-party archive of the original record (trumpstruth.org, Defending Democracy Together; indexes all @realDonaldTrump Truth Social posts incl. removed posts and video transcripts): ""only criminals carry guns"", ""carry guns"" in Jan 20-31, 2026: no matches; ""criminals"" hits are unrelated Minnesota fraud/immigration posts (223 posts in Jan 22-27). Caveat: absence in an archive is strong but not direct proof; the checker also reports no such post. Official Truth Social is not machine-searchable.",PolitiFact,https://www.politifact.com/factchecks/2026/jan/26/social-media/Trump-Truth-Social-post-fake-guns-Minneapolis/,Verified by SwampForce | Independently confirmed by PolitiFact,,,,2026-09-24 (MT)
"President Trump posted on Truth Social that after annexing Greenland as the 52nd state he would 'annexe Alaska' as the 53rd.
Began: March 14–15, 2025 | Ended: March 19, 2025 (PolitiFact False: fabricated; Alaska already a state since 1959)",https://www.politifact.com/factchecks/2025/mar/19/threads-posts/purported-president-donald-trump-truth-social-post/,"Viral/anonymous: Threads, Facebook, and X users",~4–5 days until PolitiFact False,fabrication / false attribution,false; Viral fake (anonymous/social media),142,Falsely portrays Trump as not knowing Alaska is already a U.S. state.,Proven false,,Fact-check only,Never corrected — fact-checked only,later,Verified by SwampForce + independently confirmed,Proven false,Primary record search (archive),Search of the original post record (third-party archive),https://trumpstruth.org/search?query=annexe&start_date=2025-03-10&end_date=2025-03-20&removed=include&scope=all&media=all&per_page=100,200,"Third-party archive of the original record (trumpstruth.org, Defending Democracy Together; indexes all @realDonaldTrump Truth Social posts incl. removed posts and video transcripts): ""annexe"", ""Alaska 53rd"", ""Greenland"" in Mar 10-20, 2025: no matches (265 posts archived in window); ""53rd state"" across 2025 returns only unrelated hits (e.g., ""3rd District""). Caveat: absence in an archive is strong but not direct proof; the checker also reports no such post. Official Truth Social is not machine-searchable.",PolitiFact,https://www.politifact.com/factchecks/2025/mar/19/threads-posts/purported-president-donald-trump-truth-social-post/,Verified by SwampForce | Independently confirmed by PolitiFact,,,,2026-09-24 (MT)
"Elon Musk posted on X that DOGE found 'tens of millions of dollars spent on golf by a single government official' (implying Trump).
Began: March 31, 2025 | Ended: April 4, 2025 (PolitiFact False: fabricated; UI still said 'Retweets')",https://www.politifact.com/factchecks/2025/apr/04/viral-image/elon-musk-didnt-target-trumps-golf-trips-in-an-x-p/,Viral/anonymous: Viral Facebook posts,~4 days until PolitiFact False,fabrication / false attribution,false; Viral fake (anonymous/social media),143,Echoed Guardian golf-cost reporting but was not an authentic Musk post.,Proven false,,Fact-check only,Never corrected — fact-checked only,later,"Could not verify against a primary source, move to the watch list",Watch list (unverified),Unverified,None confirmed (watch list),https://www.politifact.com/factchecks/2025/apr/04/viral-image/elon-musk-didnt-target-trumps-golf-trips-in-an-x-p/,n/a,"Viral media (video/photo/screenshot). No primary record (original footage, metadata, or an official statement) was available to establish authenticity or date; the case rests on fact-checker analysis.",,,,A,,,2026-09-24 (MT)
"Rep. Eric Swalwell: 'No president has had more planes crash in their first month in office than Donald Trump.'
Began: Feb 17, 2025 | Ended: Feb 24, 2025 (PolitiFact: NTSB data show Biden/Obama first months had more aviation accidents)",https://www.politifact.com/article/2025/feb/24/are-there-more-plane-accidents-happening-this-year/,Rep. Eric Swalwell (D-CA); related viral Threads crash-spike posts,~1 week until PolitiFact analysis,misleading statistic / false absolute comparison,false,144,Swalwell later narrowed to two major commercial crashes; original absolute wording contradicted by NTSB (48 Trump vs 61 Biden first-month accidents). Fox/DOT figures similarly undercut the claim. Also: https://www.foxnews.com/politics/government-data-torpedoes-swalwells-viral-claim-plane-crashes-trumps-watch-habitual-liar,Proven false,,Fact-check only,Never corrected — fact-checked only,later,"Could not verify against a primary source, move to the watch list",Watch list (unverified),Unverified,None confirmed (watch list),https://www.politifact.com/article/2025/feb/24/are-there-more-plane-accidents-happening-this-year/,n/a,"The primary record (agency data, official document, transcript) needed to test the claim was not reached or located in this pass. The case rests on fact-checker reporting only.",,,,C,,,2026-09-24 (MT)
"Defense Secretary Pete Hegseth requested more than $137,000 in upgrades to his Fort McNair military residence.
Began: Around Jan 30, 2025 (Army notice to Congress; Democratic criticism) | Ended: AP: Hegseth did not request the work; Army initiated repairs on a vacant century-old home",https://apnews.com/article/hegseth-military-housing-costs-congress-6f9f9b2275ad2e73479ad07a62575783,Democratic lawmakers including Reps. Debbie Wasserman Schultz and Rosa DeLauro; media coverage of the cost figure,Days from notice until AP clarification,false attribution / omission,false,145,AP: official familiar with the work order said Hegseth did not request upgrades; ~$50k was paint.,Proven false,https://apnews.com/article/hegseth-military-housing-costs-congress-6f9f9b2275ad2e73479ad07a62575783,Fact-check only,Never corrected — fact-checked only,later,"Could not verify against a primary source, move to the watch list",Watch list (unverified),Unverified,None confirmed (watch list),https://apnews.com/article/hegseth-military-housing-costs-congress-6f9f9b2275ad2e73479ad07a62575783,n/a,"The primary record (agency data, official document, transcript) needed to test the claim was not reached or located in this pass. The case rests on fact-checker reporting only. Army notice and AP report not verified; AP is the subject (barred as confirmer).",,,,C,,,2026-09-24 (MT)
"New VA hospital guidelines under Trump allowed doctors to refuse to treat unmarried veterans and Democrats.
Began: June 16, 2025 (Guardian original headline/lede) | Ended: June 18, 2025 (Guardian amended after VA called story false and cited continuing federal protections)",https://www.snopes.com/news/2025/06/17/va-rules-refuse-treatment-veterans/,The Guardian (Aaron Glantz); VoteVets and social amplifiers of original framing,~2 days until Guardian amendment,premature framing / omission (later corrected),retracted/corrected,146,VA Secretary Doug Collins called original story false; updated Guardian headline focused on bylaw language removals while noting federal law still bars refusal of care. Also: https://www.theguardian.com/us-news/2025/jun/16/va-doctors-refuse-treat-patients,Proven false,,Fact-check only,Never corrected — fact-checked only,later,Verified by SwampForce + independently confirmed,Proven false,Outlet's own correction,Outlet's own correction (The Guardian amendment),https://www.theguardian.com/us-news/2025/jun/16/va-doctors-refuse-treat-patients,200,"Guardian note: ""This article and its headline were amended on 18 June 2025. An earlier version said that under the new rules, medical staff could refuse to treat veterans based on their beliefs or marital status ... After publication, the VA contacted the Guardian citing a 2013 policy directive...""",Snopes,https://www.snopes.com/news/2025/06/17/va-rules-refuse-treatment-veterans/,Verified by SwampForce | Independently confirmed by Snopes,,,,2026-09-24 (MT)
"Authentic photo showed an ICE agent grabbing/dragging a crying Latino child from a school classroom ('This is what conservatives voted for').
Began: Jan 24–27, 2025 | Ended: Jan 28–Feb 18, 2025 (Snopes/Reuters/Lead Stories: AI via Grok; creator confirmed)",https://www.snopes.com/fact-check/ice-agent-grab-girl-photo/,Viral/anonymous: X @LiveOnTheChat (creator) then viral Facebook/Instagram/Threads shares as real,~4 days to Snopes; ~3 weeks to Reuters,fabrication,false; Viral fake (anonymous/social media),147,Grok prompt: generate ICE agents aggressively dragging Latino children crying out of a 2nd-grade classroom. Also: https://www.reuters.com/fact-check/ai-created-image-ice-officer-seizing-child-shared-authentic-2025-02-18/ https://leadstories.com/hoax-alert/2025/02/fact-check-image-of-ice-agent-restraining-crying-girl-is-not-authentic-ai-generated.html,Proven false,,Fact-check only,Never corrected — fact-checked only,later,"Could not verify against a primary source, move to the watch list",Watch list (unverified),Unverified,None confirmed (watch list),https://www.snopes.com/fact-check/ice-agent-grab-girl-photo/,n/a,"Viral media (video/photo/screenshot). No primary record (original footage, metadata, or an official statement) was available to establish authenticity or date; the case rests on fact-checker analysis.",,,,A,,,2026-09-24 (MT)
"Video showed NYPD officers arresting ICE agents in New York ('Bye bye ICE!').
Began: Nov 4, 2025 | Ended: Nov 24, 2025 (AFP: AI-generated)",http://web.archive.org/web/20260608020339/https://factcheck.afp.com/doc.afp.com.84RL9G3,Viral/anonymous: Threads/X/Instagram/TikTok/Facebook celebratory posts; FunnelStreams.AI-linked origin,~3 weeks until AFP,fabrication,false; Viral fake (anonymous/social media),148,Uniform and door/trunk AI inconsistencies; Hive high AI probability. Archive replacement of dead link.,Proven false,,Fact-check only,Never corrected — fact-checked only,later,"Could not verify against a primary source, move to the watch list",Watch list (unverified),Unverified,None confirmed (watch list),http://web.archive.org/web/20260608020339/https://factcheck.afp.com/doc.afp.com.84RL9G3,n/a,"Viral media (video/photo/screenshot). No primary record (original footage, metadata, or an official statement) was available to establish authenticity or date; the case rests on fact-checker analysis.",,,,A,,,2026-09-24 (MT)
"Video showed workers fleeing an ICE/'migración' workplace raid in January 2025 after Trump's inauguration.
Began: Jan 21, 2025 | Ended: Jan 22, 2025 (Lead Stories: Tysons, VA footage predates Sept 2024 Google imagery)",https://leadstories.com/hoax-alert/2025/01/video-does-not-show-people-fleeing-ice-raid-in-january-2025.html,Viral/anonymous: TikTok Spanish-captioned posts ('LES CAYÓ MIGRACIÓN'),~1 day until Lead Stories,false video attribution / premature framing,false; Viral fake (anonymous/social media),149,Building under construction in video was already finished in Sept 2024 Street View.,Proven false,https://www.whitehouse.gov/presidential-actions/2025/01/securing-our-borders/,Official record,Unknown,later,"Could not verify against a primary source, move to the watch list",Watch list (unverified),Unverified,None confirmed (watch list),https://www.whitehouse.gov/presidential-actions/2025/01/securing-our-borders/,n/a,"Viral media (video/photo/screenshot). No primary record (original footage, metadata, or an official statement) was available to establish authenticity or date; the case rests on fact-checker analysis. Catalog PRIM (whitehouse.gov ""Securing Our Borders"" EO) does not establish when or where the video was filmed; the Street View comparison is a fact-checker's analysis, not a primary record.",,,,A,"Evidence weaker than the catalog stated: catalog Proof_Basis ""Official record"", but no primary proof could be confirmed.",Yes,2026-09-24 (MT)
"DOGE forwarded names of ~156–163 members of Congress (mostly Democrats) to the IRS for 'immediate audit.'
Began: Feb 16–19, 2025 | Ended: Feb 21, 2025 (USA Today False: stolen satire; watermark cropped)",https://www.usatoday.com/story/news/factcheck/2025/02/21/doge-irs-congress-democrats-satire-fact-check/79429910007/,Viral/anonymous: Viral Facebook/X/Instagram posts,~5 days until USA Today False,fabrication (stolen satire),false; Viral fake (anonymous/social media),150,Originated on America's Last Line of Defense satire network. Also: https://leadstories.com/hoax-alert/2025/02/fact-check-doge-forwarded-163-members-of-congress-to-irs.html,Proven false,,Fact-check only,Never corrected — fact-checked only,later,"Could not verify against a primary source, move to the watch list",Watch list (unverified),Unverified,None confirmed (watch list),https://www.usatoday.com/story/news/factcheck/2025/02/21/doge-irs-congress-democrats-satire-fact-check/79429910007/,n/a,"Viral media (video/photo/screenshot). No primary record (original footage, metadata, or an official statement) was available to establish authenticity or date; the case rests on fact-checker analysis.",,,,A,,,2026-09-24 (MT)
"Elon Musk posted on X that anyone protesting the Trump administration would be suspended from X.
Began: Feb 3, 2025 | Ended: Feb 5, 2025 (USA Today Manipulated media: fabricated)",https://www.usatoday.com/story/news/factcheck/2025/02/05/musk-post-threatens-trump-critics-fact-check/78209325007/,Viral/anonymous: Threads/Facebook/Instagram viral posts,~2 days until USA Today,fabrication / false attribution,false; Viral fake (anonymous/social media),151,No record on Musk's X account; identical crops indicated single fabricated source.,Proven false,,Fact-check only,Never corrected — fact-checked only,later,"Could not verify against a primary source, move to the watch list",Watch list (unverified),Unverified,None confirmed (watch list),https://www.usatoday.com/story/news/factcheck/2025/02/05/musk-post-threatens-trump-critics-fact-check/78209325007/,n/a,"Viral media (video/photo/screenshot). No primary record (original footage, metadata, or an official statement) was available to establish authenticity or date; the case rests on fact-checker analysis.",,,,A,,,2026-09-24 (MT)
"Video showed an ICE agent entering a Cal State University San Bernardino classroom looking for a student.
Began: Jan 19, 2026 | Ended: Jan 21, 2026 (Lead Stories: Sora AI watermark; no news of such raid)",https://leadstories.com/hoax-alert/2026/01/fact-check-video-of-ice-entering-class-at-cal-state-university-looking-for-student-is-fake-ai.html,Viral/anonymous: TikTok @eye.eat.ai and viral shares,~2 days until Lead Stories,fabrication,false; Viral fake (anonymous/social media),152,OpenAI Sora watermark visible in frame.,Proven false,,Fact-check only,Never corrected — fact-checked only,later,"Could not verify against a primary source, move to the watch list",Watch list (unverified),Unverified,None confirmed (watch list),https://leadstories.com/hoax-alert/2026/01/fact-check-video-of-ice-entering-class-at-cal-state-university-looking-for-student-is-fake-ai.html,n/a,"Viral media (video/photo/screenshot). No primary record (original footage, metadata, or an official statement) was available to establish authenticity or date; the case rests on fact-checker analysis.",,,,A,,,2026-09-24 (MT)
"Video authentically showed ICE agents arresting and deporting Pizza Hut employees.
Began: Nov 9, 2025 (~40M views in days) | Ended: Nov 13, 2025 (Snopes Fake: AI-generated)",https://www.snopes.com/fact-check/pizza-hut-ice-video/,Viral/anonymous: Facebook USA Journey 897 and viral Instagram/Facebook shares,~4 days until Snopes Fake,fabrication,false; Viral fake (anonymous/social media),153,Page later added an AI disclaimer after virality; dialogue role-swaps and disappearing agent.,Proven false,,Fact-check only,Never corrected — fact-checked only,later,"Could not verify against a primary source, move to the watch list",Watch list (unverified),Unverified,None confirmed (watch list),https://www.snopes.com/fact-check/pizza-hut-ice-video/,n/a,"Viral media (video/photo/screenshot). No primary record (original footage, metadata, or an official statement) was available to establish authenticity or date; the case rests on fact-checker analysis.",,,,A,,,2026-09-24 (MT)
"Trump passed a new law so that whoever pays child support gets to declare the children on their taxes.
Began: Jan 16–18, 2025 | Ended: Jan 21, 2025 (PolitiFact False: no such law; IRS rules unchanged)",https://www.politifact.com/factchecks/2025/jan/21/social-media/viral-rumor-falsely-claims-donald-trump-changed-ta/,Viral/anonymous: TikTok / Instagram / Facebook posts,~5 days until PolitiFact False,fabrication / false attribution,false; Viral fake (anonymous/social media),154,Claim circulated before inauguration; no Trump X announcement.,Proven false,,Fact-check only,Never corrected — fact-checked only,later,Verified by SwampForce + independently confirmed,Proven false,Official record,Official record (absence in the statute record),https://www.congress.gov/public-laws/119th-congress,200,"Congress.gov public-law list: the first law of the 119th Congress is P.L. 119-1 (Laken Riley Act), enacted 01/29/2025; no law existed when the claim circulated Jan 16-18, 2025, and Trump was not yet in office (inaugurated Jan 20, 2025). No child-support/dependent law is in the list.",PolitiFact,https://www.politifact.com/factchecks/2025/jan/21/social-media/viral-rumor-falsely-claims-donald-trump-changed-ta/,Verified by SwampForce | Independently confirmed by PolitiFact,,,,2026-09-24 (MT)
"President Trump 'made 4,725 wire transfers' to Jeffrey Epstein totaling nearly $1.1 billion.
Began: July 27, 2025 | Ended: Aug 5, 2025 (PolitiFact False: misrepresented Sen. Ron Wyden's Epstein-account remarks)",https://www.politifact.com/factchecks/2025/aug/05/social-media/donald-trump-jeffrey-epstein-wire-transfers/,Viral/anonymous: Facebook reels and X posts with misleading captions over Wyden clip,~9 days until PolitiFact False,misquote / truncation / false attribution,false; Viral fake (anonymous/social media),155,Wyden described wires in/out of one Epstein account; Finance Committee said reviewed docs did not mention Trump.,Proven false,,Fact-check only,Never corrected — fact-checked only,later,Verified by SwampForce + independently confirmed,Proven false,Official record,"Official record (Congressional Record, Senate floor remarks)",https://www.congress.gov/119/crec/2025/07/17/171/123/modified/CREC-2025-07-17-pt1-PgS4440-3.htm,200,"Wyden, Cong. Rec. July 17, 2025: ""Treasury's Epstein file details 4,725 wire transfers ... adding up to nearly $1.1 billion flowing in and out of just one of Mr. Epstein's bank accounts."" Not transfers made by Trump. Same text on the Finance Committee release.",PolitiFact,https://www.politifact.com/factchecks/2025/aug/05/social-media/donald-trump-jeffrey-epstein-wire-transfers/,Verified by SwampForce | Independently confirmed by PolitiFact,,,,2026-09-24 (MT)
"President Trump signed an executive order ending food stamps and cash assistance.
Began: Jan 25–27, 2025 | Ended: Jan 28, 2025 (Snopes: False; no such EO)",https://www.snopes.com/fact-check/trump-eo-ending-food-stamps/,Viral/anonymous: TikTok @krystalsohipapate; X amplifiers,~3 days until Snopes,fabrication / false attribution,false; Viral fake (anonymous/social media),156,Distinct from later legislative SNAP debates; specific EO-abolition claim was false. Also: https://checkyourfact.com/2025/02/03/fact-check-trump-executive-order-food-stamps-cash-assistance/,Proven false,,Fact-check only,Never corrected — fact-checked only,later,Verified by SwampForce + independently confirmed,Proven false,Official record search,"Official record search (Federal Register API, absence)",https://www.federalregister.gov/api/v1/documents.json?conditions[presidential_document_type]=executive_order&conditions[publication_date][gte]=2025-01-20&conditions[publication_date][lte]=2025-03-31&conditions[term]=food+stamps,200,"Federal Register executive orders published Jan 20-Mar 31, 2025: 0 results for ""food stamps"", ""Supplemental Nutrition"", and ""cash assistance"". No EO ending SNAP/cash assistance exists.",Snopes,https://www.snopes.com/fact-check/trump-eo-ending-food-stamps/,Verified by SwampForce | Independently confirmed by Snopes,,,,2026-09-24 (MT)
"Trump signed an executive order giving public-housing residents a two-year deadline (effective 2026) to leave.
Began: Feb 6, 2025 | Ended: Feb 12–14, 2025 (Lead Stories / USA Today False: no such EO)",https://www.usatoday.com/story/news/factcheck/2025/02/14/trump-public-housing-time-limits-2026-fact-check/78542403007/,Viral/anonymous: Instagram / Facebook viral posts,~1 week until USA Today / Lead Stories,fabrication / false attribution,false; Viral fake (anonymous/social media),157,White House/HUD sites had no such order; first-day housing EO did not set public-housing time limits. Also: https://leadstories.com/hoax-alert/2025/02/fact-check-no-evidence-trump-signed-executive-order-setting-two-year-deadline-for-residents-to-leave-public-housing.html,Proven false,,Fact-check only,Never corrected — fact-checked only,later,Verified by SwampForce + independently confirmed,Proven false,Official record search,"Official record search (Federal Register API, absence)",https://www.federalregister.gov/api/v1/documents.json?conditions[presidential_document_type]=executive_order&conditions[publication_date][gte]=2025-01-20&conditions[publication_date][lte]=2025-03-31&conditions[term]=public+housing,200,"Federal Register EOs Jan 20-Mar 31, 2025 mentioning ""public housing"": 8, all unrelated (e.g., water resources, educational freedom, MAHA commission); none sets a deadline for public-housing residents to leave.",USA TODAY Fact Check,https://www.usatoday.com/story/news/factcheck/2025/02/14/trump-public-housing-time-limits-2026-fact-check/78542403007/,Verified by SwampForce | Independently confirmed by USA TODAY Fact Check,,,,2026-09-24 (MT)
"ICE is offering a $750 reward for reporting 'illegal immigrants' via its tip line under Trump's mass-deportation push.
Began: Jan 20, 2025 | Ended: Jan 24, 2025 (USA Today False: ICE does not offer rewards for civil immigration tips)",https://www.usatoday.com/story/news/factcheck/2025/01/24/750-ice-reward-illegal-immigrants-fact-check/77876841007/,Viral/anonymous: Instagram / Facebook / X posts,~4 days until USA Today False,fabrication,false; Viral fake (anonymous/social media),158,ICE: tip line exists for criminal activity but no rewards for civil immigration enforcement tips.,Proven false,,Fact-check only,Never corrected — fact-checked only,later,"Could not verify against a primary source, move to the watch list",Watch list (unverified),Unverified,None confirmed (watch list),https://www.usatoday.com/story/news/factcheck/2025/01/24/750-ice-reward-illegal-immigrants-fact-check/77876841007/,n/a,"Viral media (video/photo/screenshot). No primary record (original footage, metadata, or an official statement) was available to establish authenticity or date; the case rests on fact-checker analysis.",,,,A,,,2026-09-24 (MT)
"Videos showed dozens of migrants/children sleeping on the floor of an ICE facility as proof of Trump-era 'disgrace' detention conditions.
Began: Nov 23, 2025 | Ended: Dec 1, 2025 (AFP: likely AI-generated; three forensics experts)",http://web.archive.org/web/20260614202509/https://factcheck.afp.com/doc.afp.com.86Q26G3,Viral/anonymous: X / Instagram / Threads posts; TikTok @multiversoviral1 origin,~8 days until AFP,fabrication,false; Viral fake (anonymous/social media),159,"Experts cited AI statistical traces, flickering blanket reflections, deformed fingers/faces; Sora-related account pattern. Archive replacement of dead link.",Proven false,,Fact-check only,Never corrected — fact-checked only,later,"Could not verify against a primary source, move to the watch list",Watch list (unverified),Unverified,None confirmed (watch list),http://web.archive.org/web/20260614202509/https://factcheck.afp.com/doc.afp.com.86Q26G3,n/a,"Viral media (video/photo/screenshot). No primary record (original footage, metadata, or an official statement) was available to establish authenticity or date; the case rests on fact-checker analysis.",,,,A,,,2026-09-24 (MT)
"Video showed Ethiopian opposition politicians Gedu Andargachew and Lidetu Ayalew being forcibly deported from the U.S. under Trump TPS/enforcement moves.
Began: Dec 16, 2025 | Ended: Dec 19, 2025 (AFP: AI-generated; no news of such deportations)",http://web.archive.org/web/20260116121336/https://factcheck.afp.com/doc.afp.com.88NH964,Viral/anonymous: Facebook posts in Amharic and English,~3 days until AFP,fabrication,false; Viral fake (anonymous/social media),160,"AI anomalies included self-rolling luggage and mismatched faces; Ethiopian TPS end was announced but effective Feb 2026, and no reports of these figures' deportation. Archive replacement of dead link.",Proven false,,Fact-check only,Never corrected — fact-checked only,later,"Could not verify against a primary source, move to the watch list",Watch list (unverified),Unverified,None confirmed (watch list),http://web.archive.org/web/20260116121336/https://factcheck.afp.com/doc.afp.com.88NH964,n/a,"Viral media (video/photo/screenshot). No primary record (original footage, metadata, or an official statement) was available to establish authenticity or date; the case rests on fact-checker analysis.",,,,A,,,2026-09-24 (MT)
"Video of an ICE agent deporting his own mother ('Sorry Mom, this is my job') was authentic San Bernardino enforcement footage.
Began: Oct 17, 2025 | Ended: Oct 23, 2025 (Lead Stories: AI-generated parody)",https://leadstories.com/hoax-alert/2025/10/fact-check-fake-video-of-agent-deporting-his-own-mother-ai-generated-parody.html,Viral/anonymous: TikTok @crusty.left.sock (labeled AI parody) and downstream shares treating it as real,~6 days until Lead Stories,fabrication,false; Viral fake (anonymous/social media),161,Scrambled vest symbols; original caption admitted AI parody.,Proven false,,Fact-check only,Never corrected — fact-checked only,later,"Could not verify against a primary source, move to the watch list",Watch list (unverified),Unverified,None confirmed (watch list),https://leadstories.com/hoax-alert/2025/10/fact-check-fake-video-of-agent-deporting-his-own-mother-ai-generated-parody.html,n/a,"Viral media (video/photo/screenshot). No primary record (original footage, metadata, or an official statement) was available to establish authenticity or date; the case rests on fact-checker analysis.",,,,A,,,2026-09-24 (MT)
"The Trump administration ""has banned the CDC even using the word 'transgender.'""
Began: June 26, 2018 (Baldwin HRC speech) | Ended: Aug 17, 2018 (PolitiFact False: CDC/HHS denied any word ban; guidance was budget-language advice)",https://www.politifact.com/factchecks/2018/aug/17/tammy-baldwin/sen-tammy-baldwins-claim-about-trump-administratio/,Sen. Tammy Baldwin (D-Wis.),~7 weeks until PolitiFact False,policy-scope inflation,false,162,Based on WaPo headline about avoiding words in budget docs; CDC Director and CDC spokeswoman said no ban. Also: https://www.nytimes.com/2017/12/16/health/centers-disease-diversity-fetus.html,Proven false,,Fact-check only,Never corrected — fact-checked only,first,"Could not verify against a primary source, move to the watch list",Watch list (unverified),Unverified,None confirmed (watch list),https://www.politifact.com/factchecks/2018/aug/17/tammy-baldwin/sen-tammy-baldwins-claim-about-trump-administratio/,n/a,"The primary record (agency data, official document, transcript) needed to test the claim was not reached or located in this pass. The case rests on fact-checker reporting only. CDC/HHS denials not loaded from a primary source.",,,,C,,,2026-09-24 (MT)
"You can see visits to Moscow made during the campaign by Paul Manafort and others (implying Manafort went).
Began: May 18, 2017 (MSNBC Morning Joe) | Ended: May 19, 2017 (PolitiFact Mostly False: no public record Manafort went; overstated 'and others')",https://www.politifact.com/factchecks/2017/may/19/maxine-waters/rep-waters-exaggerates-trump-associate-moscow-trip/,Rep. Maxine Waters (D-Calif.) on MSNBC,1 day until Mostly False rating,false attribution of travel / exaggeration,misleading,163,Carter Page went once; Flynn trip was before exclusive Trump-campaign role.,Proven false,,Fact-check only,Never corrected — fact-checked only,first,"Could not verify against a primary source, move to the watch list",Watch list (unverified),Unverified,None confirmed (watch list),https://www.politifact.com/factchecks/2017/may/19/maxine-waters/rep-waters-exaggerates-trump-associate-moscow-trip/,n/a,"The primary record (agency data, official document, transcript) needed to test the claim was not reached or located in this pass. The case rests on fact-checker reporting only.",,,,C,,,2026-09-24 (MT)
"If Trump had done his job from the beginning on COVID-19, 'all the people would still be alive. All the people.'
Began: Sept 17, 2020 (CNN town hall) | Ended: Sept 18, 2020 (PolitiFact False: experts said many lives could have been saved, not every death)",https://www.politifact.com/factchecks/2020/sep/18/joe-biden/joe-biden-wrongly-claims-trump-couldve-prevented-e/,Joe Biden (presidential nominee),1 day until False rating,policy-scope inflation,false,164,Columbia and other studies estimated large averted deaths from earlier mitigation—not zero U.S. deaths.,Proven false,,Fact-check only,Never corrected — fact-checked only,first,"Could not verify against a primary source, move to the watch list",Watch list (unverified),Unverified,None confirmed (watch list),https://www.politifact.com/factchecks/2020/sep/18/joe-biden/joe-biden-wrongly-claims-trump-couldve-prevented-e/,n/a,"The primary record (agency data, official document, transcript) needed to test the claim was not reached or located in this pass. The case rests on fact-checker reporting only.",,,,C,,,2026-09-24 (MT)
"Donald Trump asserted that immigrants would 'carve you up with a knife.'
Began: Aug 7, 2019 (Biden Iowa campaign stop) | Ended: Aug 9, 2019 (PolitiFact False; FactCheck.org same week: Trump referred to MS-13 gang members)",https://www.politifact.com/factchecks/2019/aug/09/joe-biden/joe-biden-takes-donald-trumps-words-about-gang-mem/,Joe Biden,~2 days until False ratings,misquote / omitted context,false,165,"Oct 22, 2018 Houston rally line was about MS-13, not immigrants generally. Also: https://www.factcheck.org/2019/08/biden-takes-trump-quote-out-of-context/",Proven false,,Fact-check only,Never corrected — fact-checked only,first,"Could not verify against a primary source, move to the watch list",Watch list (unverified),Unverified,None confirmed (watch list),https://www.politifact.com/factchecks/2019/aug/09/joe-biden/joe-biden-takes-donald-trumps-words-about-gang-mem/,n/a,"The primary record (agency data, official document, transcript) needed to test the claim was not reached or located in this pass. The case rests on fact-checker reporting only.",,,,C,,,2026-09-24 (MT)
"All of Trump's tax cuts 'went to folks at the top and corporations that pay no taxes' (audience got nothing).
Began: April 29, 2019 (Biden Pittsburgh kickoff) | Ended: April 30, 2019 (FactCheck.org: most households got a tax cut; TPC ~65%)",https://www.factcheck.org/2019/04/bidens-campaign-kickoff-claims/,Joe Biden,same day / next-day FactCheck,omitted context,false,166,"Higher earners gained more; claiming 'all' went only to the top is false.
Primary record: JCT's JCX-67-17 revenue score of TCJA lists individual rate-bracket and standard-deduction changes applying across the rate schedule—not a corporate-only cut that left ordinary taxpayers with nothing.",Proven false,https://www.jct.gov/getattachment/2f1d880c-ca26-429d-9044-63ac084d07cd/x-67-17-5053.pdf,Official record,Never corrected — fact-checked only,first,Verified by SwampForce + independently confirmed,Proven false,Official record,Official record (JCT JCX-67-17),https://www.jct.gov/getattachment/2f1d880c-ca26-429d-9044-63ac084d07cd/x-67-17-5053.pdf,200,"JCT conference-agreement score, ""I. Individual Tax Reform A. Simplification and Reform of Rates, Standard Deductions, and Exemptions 1. 10%, 12%, 22%, 24%, 32%, 35%, and 37% income tax rate brackets (sunset 12/31/25)"": individual cuts across brackets, not only top/corporate.",FactCheck.org,https://www.factcheck.org/2019/04/bidens-campaign-kickoff-claims/,Verified by SwampForce | Independently confirmed by FactCheck.org,,,,2026-09-24 (MT)
"45 nations had already restricted travel from China before Trump moved; the U.S. 'started off awfully slow.'
Began: April 5, 2020 (ABC This Week) | Ended: April 6, 2020 (FactCheck.org: U.S. neither late nor first among peers after WHO PHEIC)",https://www.factcheck.org/2020/04/trump-biden-spin-china-travel-restrictions/,Joe Biden,1 day until FactCheck,omitted context / chronology distortion,false,167,ThinkGlobalHealth tracker: dozens of countries moved in same WHO-window cluster as U.S.,Proven false,,Fact-check only,Never corrected — fact-checked only,first,"Could not verify against a primary source, move to the watch list",Watch list (unverified),Unverified,None confirmed (watch list),https://www.factcheck.org/2020/04/trump-biden-spin-china-travel-restrictions/,n/a,"The primary record (agency data, official document, transcript) needed to test the claim was not reached or located in this pass. The case rests on fact-checker reporting only.",,,,C,,,2026-09-24 (MT)
"After Las Vegas, Trump said he'd ban bump stocks—but 'Did he ban the bump stocks? No' because the NRA stopped him.
Began: June 2, 2019 (Fox News town hall) | Ended: June 5, 2019 (FactCheck.org: ATF final rule banned bump stocks effective March 2019)",https://www.factcheck.org/2019/06/gillibrand-misleads-on-trumps-bump-stock-ban/,Sen. Kirsten Gillibrand (D-N.Y.),~3 days until FactCheck,false denial of enacted policy,false,168,"Speed/legislation critiques are separate; the ban did take effect.
Primary record: The Dec. 26, 2018 Federal Register ATF final rule classifies bump-stock-type devices as machineguns and sets an effective date of March 26, 2019, documenting that bump stocks were banned.",Proven false,https://www.govinfo.gov/content/pkg/FR-2018-12-26/html/2018-27763.htm,Official record,Never corrected — fact-checked only,first,Verified by SwampForce + independently confirmed,Proven false,Official record,Official record (Federal Register),https://www.govinfo.gov/content/pkg/FR-2018-12-26/html/2018-27763.htm,200,"ATF final rule ""Bump-Stock-Type Devices"" (Dec 26, 2018) classifies them as ""machineguns""; ""This rule is effective March 26, 2019.""",FactCheck.org,https://www.factcheck.org/2019/06/gillibrand-misleads-on-trumps-bump-stock-ban/,Verified by SwampForce | Independently confirmed by FactCheck.org,,"Later vacated by the Supreme Court (Garland v. Cargill, 2024); the ban did take effect under Trump, so the claim remains false as stated.",,2026-09-24 (MT)
"Trump promised manufacturing jobs would stay but they're not / he failed to bring manufacturing jobs back (national impression).
Began: July 9–12, 2019 (Gillibrand CNN remarks + anti-Trump TV ad) | Ended: July 12, 2019 (FactCheck.org: net +~486k manufacturing jobs since Trump took office)",https://www.factcheck.org/2019/07/gillibrand-attacks-trump-on-manufacturing-jobs/,Sen. Kirsten Gillibrand; Gillibrand campaign ad citing MSNBC Lordstown framing,days of tour/ad cycle until FactCheck,cherry-picked plant closures as national trend,false,169,Local Rust Belt losses real; national BLS manufacturing employment rose.,Proven false,,Fact-check only,Never corrected — fact-checked only,first,Verified by SwampForce + independently confirmed,Proven false,Official record,"Official data (BLS API, CES3000000001)",https://data.bls.gov/timeseries/CES3000000001,200,"BLS manufacturing employment (thousands): Jan 2017 12,334 → Jun 2019 12,787 (+453k, current vintage). Manufacturing jobs grew through mid-2019.",FactCheck.org,https://www.factcheck.org/2019/07/gillibrand-attacks-trump-on-manufacturing-jobs/,Verified by SwampForce | Independently confirmed by FactCheck.org,,,,2026-09-24 (MT)
"Trump had to confess in writing in court to illegally diverting charitable contributions that were supposed to go to veterans.
Began: Nov 20, 2019 (Democratic primary debate, Atlanta) | Ended: Nov 21, 2019 (PolitiFact False: settlement admitted campaign control of fundraiser; funds reached veterans charities)",https://www.politifact.com/factchecks/2019/nov/21/pete-buttigieg/pete-buttigieg-falsely-says-donald-trump-illegally/,Pete Buttigieg,1 day until False rating,mischaracterization of court settlement,false,170,Judge found fiduciary breach aiding the campaign; not diversion away from veterans. Also: https://www.factcheck.org/2019/11/factchecking-the-november-democratic-debate/,Proven false,,Official record,Retraction after legal threat/settlement,first,"Could not verify against a primary source, move to the watch list",Watch list (unverified),Unverified,None confirmed (watch list),https://www.politifact.com/factchecks/2019/nov/21/pete-buttigieg/pete-buttigieg-falsely-says-donald-trump-illegally/,n/a,"The primary record (agency data, official document, transcript) needed to test the claim was not reached or located in this pass. The case rests on fact-checker reporting only. The NY AG press release URL returned 404; the NY Supreme Court decision and stipulation were not located.",,,,C,"Evidence weaker than the catalog stated: catalog Proof_Basis ""Official record"", but no primary proof could be confirmed.",Yes,2026-09-24 (MT)
"U.S. government wiretapped former Trump campaign chairman Paul Manafort under FISA (CNN exclusive).
Began: Sept 18, 2017 (CNN Politics exclusive) | Ended: Dec 9–17, 2019 (DOJ IG report contradicted; CNN editor's note acknowledging contradiction)",https://www.imediaethics.org/cnn-editor-note-2019-govt-report-says-opposite-what-we-reported-in-2017/,CNN Politics (anonymous-source exclusive),~2 years until IG report + editor's note,retracted/contradicted exclusive (editor's note),retracted/corrected,171,IG: Crossfire Hurricane team did not seek/seriously consider FISA on Manafort. CNN posted editor's note rather than full retraction. Also: https://www.washingtonpost.com/opinions/2019/12/09/did-government-wiretap-paul-manafort-ig-report-challenges-cnn-exclusive/; https://www.cnn.com/2017/09/18/politics/paul-manafort-government-wiretapped-fisa-russians,Proven false,https://www.imediaethics.org/cnn-editor-note-2019-govt-report-says-opposite-what-we-reported-in-2017/,Outlet's own correction,Editor's note at bottom of article,first,"Could not verify against a primary source, move to the watch list",Watch list (unverified),Unverified,None confirmed (watch list),https://www.imediaethics.org/cnn-editor-note-2019-govt-report-says-opposite-what-we-reported-in-2017/,n/a,"The outlet's own correction or editor's note was not loaded or seen. Evidence is only secondary (other outlets, Attkisson, iMediaEthics, Poynter, or fact-checkers).",,,,B,"Evidence weaker than the catalog stated: catalog Proof_Basis ""Outlet's own correction"", but no primary proof could be confirmed.",Yes,2026-09-24 (MT)
"Donald Trump stood on a debate stage and said wages in America are 'too high' (as if all wages).
Began: July 26, 2016 (DNC; Casey/Gillibrand speeches) | Ended: July 26, 2016 (FactCheck.org: context was opposing a $15 minimum wage)",https://www.factcheck.org/2016/07/democratic-convention-day-1/,Sen. Bob Casey; Sen. Kirsten Gillibrand (DNC),same-night FactCheck,misquote / omitted context,false,172,"Trump clarified two days after Nov 2015 debate he meant minimum wage.
Primary record: The Nov. 10, 2015 Milwaukee GOP debate transcript shows Trump saying 'wages too high' in answering whether to raise the minimum wage to $15—not a claim that all American wages are too high.",Proven false,https://www.presidency.ucsb.edu/documents/republican-candidates-debate-milwaukee-wisconsin,Original transcript/video,Never corrected — fact-checked only,first,Verified by SwampForce + independently confirmed,Proven false,Original transcript/video,Original transcript (UCSB),https://www.presidency.ucsb.edu/documents/republican-candidates-debate-milwaukee-wisconsin,200,"Nov 10, 2015 debate, answer on minimum wage: ""taxes too high, wages too high, we're not going to be able to compete against the world.""",FactCheck.org,https://www.factcheck.org/2016/07/democratic-convention-day-1/,Verified by SwampForce | Independently confirmed by FactCheck.org,,,,2026-09-24 (MT)
"On average, middle-class families earning under ~$86,000 would see a tax increase under the Republican tax reform plan (Harris/Casey tweets).
Began: Oct 24–27, 2017 (Casey/Harris tweets) | Ended: Nov 2, 2017 (Washington Post Fact Checker: falsely claim; Four Pinocchios; tweets later deleted)",https://www.washingtonpost.com/news/fact-checker/wp/2017/11/02/senate-democrats-falsely-claim-gop-tax-plan-will-raise-taxes-for-most-working-class-families/,Sen. Kamala Harris; Sen. Bob Casey Jr.; other Senate Democrats,~1 week until Four Pinocchios,statistical inversion of JCT tables,false,173,Subset facing increases misframed as typical/middle-class average outcome. Also: https://www.washingtonexaminer.com/news/937561/democrats-are-lying-about-republican-tax-plan-says-washington-post-fact-checker/,Proven false,,Fact-check only,Never corrected — fact-checked only,first,Verified by SwampForce (no approved checker covered it),Proven false,Official record,Official record (JCT JCX-68-17),https://www.jct.gov/getattachment/45580637-252a-4c6f-b434-a2085f417920/x-68-17-5054.pdf,200,"JCT JCX-68-17 (TCJA conference agreement), 2019: federal taxes fall on average in every income class (e.g., ""Less than $10,000 ... -5.6%"", $20,000-30,000 ""-13.5%""; total -$259.5B, of which $1M+ -$36.9B). Middle-income classes see average cuts in 2019.",,,Verified by SwampForce,,"Indirect: the claim (Oct 2017) concerned the GOP framework, which had no JCT score; JCT covers the enacted conference bill.",,2026-09-24 (MT)
"129 million people with preexisting conditions could be denied coverage under Trump/GOP health repeal (Harris tweet).
Began: May 4, 2017 (Harris tweet) | Ended: May 10, 2017 (WaPo Fact Checker Three Pinocchios: HHS figure was broad potential exposure, not certain denials)",https://www.washingtonpost.com/news/fact-checker/wp/2017/05/10/kamala-harriss-claim-that-129-million-people-with-preexisting-conditions-could-be-denied-coverage/,Sen. Kamala Harris,~6 days until Pinocchio rating,policy-scope inflation,misleading,174,WaPo Three Pinocchios; user bar also includes Four Pinocchios—kept as named WaPo Fact Checker case.,Proven false,,Fact-check only,Never corrected — fact-checked only,first,"Could not verify against a primary source, move to the watch list",Watch list (unverified),Unverified,None confirmed (watch list),https://www.washingtonpost.com/news/fact-checker/wp/2017/05/10/kamala-harriss-claim-that-129-million-people-with-preexisting-conditions-could-be-denied-coverage/,n/a,"The primary record (agency data, official document, transcript) needed to test the claim was not reached or located in this pass. The case rests on fact-checker reporting only.",,,,C,,,2026-09-24 (MT)
"Trump cut Justice Department funding to investigate domestic terrorist / white supremacist groups.
Began: March 27, 2019 (CNN town hall) | Ended: April 11, 2019 (PolitiFact Mostly False: cited DHS prevention grants, not DOJ/FBI investigative cuts)",https://www.politifact.com/factchecks/2019/apr/11/cory-booker/donald-trump-cut-funding-investigate-domestic-terr/,Sen. Cory Booker,~2 weeks until Mostly False,agency/program misidentification,misleading,175,CVE grant changes at DHS; no evidence FBI investigative funding cut as claimed.,Proven false,,Fact-check only,Never corrected — fact-checked only,first,"Could not verify against a primary source, move to the watch list",Watch list (unverified),Unverified,None confirmed (watch list),https://www.politifact.com/factchecks/2019/apr/11/cory-booker/donald-trump-cut-funding-investigate-domestic-terr/,n/a,"The primary record (agency data, official document, transcript) needed to test the claim was not reached or located in this pass. The case rests on fact-checker reporting only.",,,,C,,,2026-09-24 (MT)
"Trump's whole health-care plan is a six-word plan: replace Obamacare with 'something so much better.'
Began: July 27, 2016 (DNC; Howard Dean) | Ended: July 27, 2016 (FactCheck.org: Trump had posted a multi-point health plan on his site)",https://www.factcheck.org/2016/07/factchecking-day-2-of-the-dnc/,Former Vermont Gov. Howard Dean,same-night FactCheck,false denial of published plan,false,176,Plan substance debatable; claim of no plan beyond six words was false.,Proven false,,Fact-check only,Never corrected — fact-checked only,first,"Could not verify against a primary source, move to the watch list",Watch list (unverified),Unverified,None confirmed (watch list),https://www.factcheck.org/2016/07/factchecking-day-2-of-the-dnc/,n/a,"The primary record (agency data, official document, transcript) needed to test the claim was not reached or located in this pass. The case rests on fact-checker reporting only.",,,,C,,,2026-09-24 (MT)
"Trump would cut taxes for the richest Americans at the expense of the middle class (implying middle class gets no relief).
Began: July 26, 2016 (DNC; Sen. Bob Casey) | Ended: July 26, 2016 (FactCheck.org: TPC—middle-income households get average ~$2,700 cut under Trump plan)",https://www.factcheck.org/2016/07/democratic-convention-day-1/,Sen. Bob Casey,same-night FactCheck,omitted context,misleading,177,"Distribution skewed upward, but middle class was not excluded from cuts.
Primary record: Same JCT conference score documents broad individual-rate and standard-deduction provisions, undercutting claims that tax relief excluded the middle class entirely.",Rated misleading,https://www.jct.gov/getattachment/2f1d880c-ca26-429d-9044-63ac084d07cd/x-67-17-5053.pdf,Official record,Never corrected — fact-checked only,first,Verified by SwampForce + independently confirmed,Rated misleading,Official record,Official record (JCT JCX-67-17),https://www.jct.gov/getattachment/2f1d880c-ca26-429d-9044-63ac084d07cd/x-67-17-5053.pdf,200,Same JCT score: individual rate-bracket and standard-deduction provisions apply across the schedule. Kept Rated misleading.,FactCheck.org,https://www.factcheck.org/2016/07/democratic-convention-day-1/,Verified by SwampForce | Independently confirmed by FactCheck.org,,,,2026-09-24 (MT)
"The FBI gave Rudy Giuliani a 2019 defensive briefing warning he was a target of Russian disinformation (also claimed for OAN).
Began: April 29–30, 2021 (WaPo then NYT/NBC follow-ons after Giuliani raid) | Ended: May 1–3, 2021 (WaPo/NYT/NBC corrections; Poynter roundup)",https://www.poynter.org/newsletters/2021/troubling-corrections-at-the-washington-post-new-york-times-and-nbc-news/,The Washington Post; The New York Times; NBC News,~2–4 days until corrections,retracted invention (anonymous sources),retracted/corrected,178,NBC: briefing prepared but not delivered. Corrected stories removed assertions Giuliani/OAN received warnings. Also: https://www.cnn.com/2021/05/01/media/washington-post-new-york-times-retraction-giuliani,Proven false,https://www.cnn.com/2021/05/01/media/washington-post-new-york-times-retraction-giuliani,Outlet's own correction,Appended correction line,later,"Could not verify against a primary source, move to the watch list",Watch list (unverified),Unverified,None confirmed (watch list),https://www.cnn.com/2021/05/01/media/washington-post-new-york-times-retraction-giuliani,n/a,"The outlet's own correction or editor's note was not loaded or seen. Evidence is only secondary (other outlets, Attkisson, iMediaEthics, Poynter, or fact-checkers). CNN report of the WaPo/NYT/NBC corrections is secondary.",,,,B,"Evidence weaker than the catalog stated: catalog Proof_Basis ""Outlet's own correction"", but no primary proof could be confirmed.",Yes,2026-09-24 (MT)
"National Guard troops withdrew from Los Angeles, Chicago, and Portland with no public acknowledgment from the White House/Pentagon.
Began: Feb 11, 2026 (Washington Post reporting + X post) | Ended: Feb 11, 2026 (WaPo X correction noting Trump Truth Social announcement weeks earlier; prior post deleted)",https://dailycallernewsfoundation.org/2026/02/11/wapo-eats-crow-for-reporting-white-house-didnt-announce-something-trump-literally-put-on-truth-social/,The Washington Post,hours until same-day X correction,omitted context / false 'secret' framing,retracted/corrected,179,Correction text: withdrew with no public acknowledgment other than Trump social post weeks earlier. Primary WaPo story: https://www.washingtonpost.com/national-security/2026/02/11/national-guard-los-angeles-chicago-portland/ Also: https://www.washingtonpost.com/national-security/2026/02/11/national-guard-los-angeles-chicago-portland/,Proven false,,Outlet's own correction,Appended correction line,later,"Could not verify against a primary source, move to the watch list",Watch list (unverified),Unverified,None confirmed (watch list),https://dailycallernewsfoundation.org/2026/02/11/wapo-eats-crow-for-reporting-white-house-didnt-announce-something-trump-literally-put-on-truth-social/,n/a,"The outlet's own correction or editor's note was not loaded or seen. Evidence is only secondary (other outlets, Attkisson, iMediaEthics, Poynter, or fact-checkers). Daily Caller report of the WaPo correction is secondary.",,,,B,"Evidence weaker than the catalog stated: catalog Proof_Basis ""Outlet's own correction"", but no primary proof could be confirmed.",Yes,2026-09-24 (MT)
"Trump Media / Truth Social paid a $240,000 loan referral fee tied to a 'porn-friendly' bank trust stake narrative.
Began: May 13, 2023 (Washington Post article) | Ended: May 22, 2026 (WaPo Correction after discovery; court order notes Post admitted no such fee was paid)",https://www.washingtonpost.com/technology/2026/05/22/correction/,The Washington Post,~3 years until published Correction / litigation admission,retracted factual error,retracted/corrected,180,Federal summary-judgment order quotes Correction: discovery established TMTG didn't pay the $240k referral fee. Suit later dismissed on actual-malice grounds. Also: https://storage.courtlistener.com/recap/gov.uscourts.flmd.416050/gov.uscourts.flmd.416050.257.0.pdf,Proven false,https://storage.courtlistener.com/recap/gov.uscourts.flmd.416050/gov.uscourts.flmd.416050.257.0.pdf,Official record,Appended correction line,later,Verified by SwampForce (no approved checker covered it),Proven false,Official record,Official record (federal court order),https://storage.courtlistener.com/recap/gov.uscourts.flmd.416050/gov.uscourts.flmd.416050.257.0.pdf,200,"M.D. Fla. order (Doc 257, filed 07/16/26): ""the Post admits its story incorrectly stated that TMTG paid a $240,000 referral fee in connection with an $8 million loan from an entity known as ES Family Trust.""",,,Verified by SwampForce,,,,2026-09-24 (MT)
"Under Trump/DOGE, Social Security would communicate with the press and public exclusively via X (dropping press releases/Dear Colleague letters).
Began: April 2025 (WIRED report of internal meeting remarks; Warren and others amplified) | Ended: April 14, 2025 (SSA on X and to Newsweek: 'This is false'; continues any/all mediums; White House Rapid Response called Wired report fake)",https://www.newsweek.com/social-security-update-reports-messaging-changes-x-2059540,WIRED (meeting report); Sen. Elizabeth Warren (amplifying); viral posts,days until SSA public denial,overstated internal plan as locked exclusive policy,false,181,WIRED quoted regional commissioner; SSA official channel denied exclusive-X shift. Include as named-outlet claim later contradicted by agency. Also: https://www.wcnc.com/article/news/verify/social-security-administration-moving-public-communication-to-x-social-media-platform-elon-musk/275-a2663fd6-449d-4caa-ab64-eeaa584ee347,Proven false,,Fact-check only,Never corrected — fact-checked only,later,"Could not verify against a primary source, move to the watch list",Watch list (unverified),Unverified,None confirmed (watch list),https://www.newsweek.com/social-security-update-reports-messaging-changes-x-2059540,n/a,"The primary record (agency data, official document, transcript) needed to test the claim was not reached or located in this pass. The case rests on fact-checker reporting only. ssa.gov returned 403; SSA's on-record denial is available only via secondary reports.",,,,C,,,2026-09-24 (MT)
"NYT reported Pax Silica consortium sought $4 trillion / $1 trillion committed investment and quoted Under Secretary Helberg calling Hormuz disruption 'a blessing.'
Began: March 23, 2026 (NYT Pax Silica story) | Ended: March 23 & March 29, 2026 (NYT corrections: >$1T AUM not $4T; not committed $1T; quote was 'a lesson' not 'a blessing')",https://www.foxnews.com/media/trump-admin-official-shreds-ny-times-multiple-corrections-report-silicon-valley-initiative,The New York Times,~1 week across two corrections,retracted misquote + numeric error,retracted/corrected,182,Helberg posted full remarks; NYT Communications said errors corrected when aware. Secondary sources quote NYT correction boxes. Also: https://www.westernjournal.com/new-york-times-issues-correction-getting-called-trump-admin-fabricated-quotes/,Proven false,https://www.foxnews.com/media/trump-admin-official-shreds-ny-times-multiple-corrections-report-silicon-valley-initiative,Outlet's own correction,Appended correction line,later,"Could not verify against a primary source, move to the watch list",Watch list (unverified),Unverified,None confirmed (watch list),https://www.foxnews.com/media/trump-admin-official-shreds-ny-times-multiple-corrections-report-silicon-valley-initiative,n/a,"The outlet's own correction or editor's note was not loaded or seen. Evidence is only secondary (other outlets, Attkisson, iMediaEthics, Poynter, or fact-checkers). Fox report of the NYT corrections is secondary.",,,,B,"Evidence weaker than the catalog stated: catalog Proof_Basis ""Outlet's own correction"", but no primary proof could be confirmed.",Yes,2026-09-24 (MT)
"Trump left the Biden-Harris team the worst unemployment since the Great Depression.
Began: Sept 10, 2024 (ABC debate); repeated Sept 17, 2024 (NABJ) | Ended: Sept 11–17, 2024 (FactCheck.org False: Jan 2021 unemployment 6.4%, below many post-1930s peaks)",https://www.factcheck.org/2024/09/factchecking-the-harris-trump-debate/,Vice President Kamala Harris,days of debate/NABJ recirculation,false historical comparison,false,183,"Also flagged again in FactCheck Harris jobs piece Sept 17, 2024. Also: https://www.factcheck.org/2024/09/harris-jobs-remarks-lack-context/
Primary record: BLS CPS unemployment-rate series shows the COVID spike and recovery path; it does not support characterizing the January 2021 handoff as the worst unemployment since the Great Depression without that pandemic context.",Proven false,https://data.bls.gov/timeseries/LNS14000000,Official record,Never corrected — fact-checked only,later,Verified by SwampForce + independently confirmed,Proven false,Official record,Official data (BLS LNS14000000),https://data.bls.gov/timeseries/LNS14000000,200,"BLS unemployment rate: 14.8% Apr 2020, 6.7% Dec 2020, 6.4% Jan 2021, below the Great Depression peak and below the Apr 2020 pandemic spike.",FactCheck.org,https://www.factcheck.org/2024/09/factchecking-the-harris-trump-debate/,Verified by SwampForce | Independently confirmed by FactCheck.org,,,,2026-09-24 (MT)
"ICE agents used / held a 5-year-old autistic girl in a way NBC initially framed as pressuring her father to surrender (later corrected as mischaracterization).
Began: Sept 23, 2025 (NBC News / Telemundo video story) | Ended: Sept 23, 2025 (NBC CORRECTION: earlier version mischaracterized ICE agents' activities in the video)",https://www.nbcnews.com/news/us-news/ice-held-5-year-old-autistic-girl-massachusetts-pressure-father-surren-rcna233146,NBC News,hours until same-day correction,retracted mischaracterization,retracted/corrected,184,DHS said father fled vehicle and abandoned child; local police recovered child. Named-outlet correction on Trump-era ICE framing.,Proven false,https://www.nbcnews.com/news/us-news/ice-held-5-year-old-autistic-girl-massachusetts-pressure-father-surren-rcna233146,Outlet's own correction,Appended correction line,later,Verified by SwampForce (no approved checker covered it),Proven false,Outlet's own correction,Outlet's own correction (NBC News correction line),https://www.nbcnews.com/news/us-news/ice-held-5-year-old-autistic-girl-massachusetts-pressure-father-surren-rcna233146,200,"NBC: ""CORRECTION (Sept. 23, 2025): An earlier version of this article mischaracterized the activities of ICE agents in the video.""",,,Verified by SwampForce,,,,2026-09-24 (MT)
"As president, Trump 'cut overtime benefits for millions of workers.'
Began: Aug 13, 2024 (Walz AFSCME speech) | Ended: Aug 19, 2024 (FactCheck.org: Trump raised OT threshold vs status quo; did not cut existing OT; fell short of Obama rule)",https://www.factcheck.org/2024/08/walz-twists-some-labor-claims/,"Gov. Tim Walz (D-Minn.), Democratic VP nominee",~6 days until FactCheck,false description of regulatory change,false,185,"2019 Trump OT rule expanded eligibility vs prior law; abandoned larger Obama expansion.
Primary record: DOL's Sept. 27, 2019 FLSA overtime final rule raised the standard salary threshold to $684/week ($35,568/year) effective Jan. 1, 2020—expanding overtime eligibility versus prior law, not cutting overtime benefits.",Proven false,https://www.govinfo.gov/content/pkg/FR-2019-09-27/pdf/2019-20353.pdf,Official record,Never corrected — fact-checked only,later,Verified by SwampForce + independently confirmed,Proven false,Official record,Official record (Federal Register),https://www.govinfo.gov/content/pkg/FR-2019-09-27/pdf/2019-20353.pdf,200,"DOL final rule: salary level ""$684 per week ($35,568 per year)"", effective January 1, 2020, raising the threshold vs. prior enforced level (expands overtime eligibility).",FactCheck.org,https://www.factcheck.org/2024/08/walz-twists-some-labor-claims/,Verified by SwampForce | Independently confirmed by FactCheck.org,,,,2026-09-24 (MT)
"Violent crime was up under Donald Trump (as an overall Trump-term characterization).
Began: Aug 6, 2024 (Harris/Walz Philadelphia rally) | Ended: Aug 7–8, 2024 (FactCheck.org: murders/aggravated assault up via 2020 spike; overall violent crime rate down 2016→2020)",https://www.factcheck.org/2024/08/factchecking-the-first-harris-walz-rally/,Gov. Tim Walz,1–2 days until FactCheck,cherry-picked crime categories,misleading,186,FactCheck corrected its own initial rate direction Aug 8 using FBI 2022 CIUS.,Rated misleading,,Fact-check only,Never corrected — fact-checked only,later,"Could not verify against a primary source, move to the watch list",Watch list (unverified),Unverified,None confirmed (watch list),https://www.factcheck.org/2024/08/factchecking-the-first-harris-walz-rally/,n/a,"The primary record (agency data, official document, transcript) needed to test the claim was not reached or located in this pass. The case rests on fact-checker reporting only.",,,,C,,,2026-09-24 (MT)
"The Trump administration resulted in a trade deficit that was 'one of the highest we've ever seen in the history of America.'
Began: Sept 10, 2024 (ABC presidential debate) | Ended: Sept 11, 2024 (FactCheck.org: Biden-era annual deficits exceeded Trump's peak)",https://www.factcheck.org/2024/09/factchecking-the-harris-trump-debate/,Vice President Kamala Harris,1 day until FactCheck,false historical comparison,false,187,"BEA: 2020 Trump peak ~$654B; later Biden 12-month figures higher.
Primary record: BEA international trade data is the official series for U.S. goods-and-services deficits, against which claims that Trump left 'one of the highest' deficits in history can be checked against later larger totals.",Proven false,https://www.bea.gov/data/intl-trade-investment/international-trade-goods-and-services,Official record,Never corrected — fact-checked only,later,"Evidence contradicts the case, remove",Removed,Official record,Official data (Census/BEA historical trade series),https://www.census.gov/foreign-trade/statistics/historical/gands.pdf,200,"Census/BEA BOP series: 2020 goods deficit -$912.9B was the largest on record at the time (prior high 2006, -$837.3B); goods and services -$646.0B was the 5th-largest through 2020 (behind 2005-2008). ""One of the highest we've ever seen"" is supported by the primary record; later Biden-era deficits being higher does not make it false.",,,,,Evidence contradicts the case: the claim is substantially accurate.,Yes,2026-09-24 (MT)
"Biden-Harris digital ad featured Trump saying women must face 'some form of punishment' for abortion as if that remained his position (omitting same-day walk-back).
Began: Sept 2023 (Biden-Harris 'These Guys' digital ad) | Ended: Sept 11, 2023 (FactCheck.org: ad misleadingly used retracted 2016 town-hall clip)",https://www.factcheck.org/2023/09/trump-walked-back-abortion-statement-misleadingly-used-in-biden-harris-ad/,Biden-Harris 2024 campaign,ad flight until FactCheck,misleading edit / omitted retraction,misleading,188,"Trump same-day 2016 statement: physician responsible, woman a victim.",Proven false,,Outlet's own correction,Appended correction line,later,"Could not verify against a primary source, move to the watch list",Watch list (unverified),Unverified,None confirmed (watch list),https://www.factcheck.org/2023/09/trump-walked-back-abortion-statement-misleadingly-used-in-biden-harris-ad/,n/a,"The outlet's own correction or editor's note was not loaded or seen. Evidence is only secondary (other outlets, Attkisson, iMediaEthics, Poynter, or fact-checkers).",,,,B,"Evidence weaker than the catalog stated: catalog Proof_Basis ""Outlet's own correction"", but no primary proof could be confirmed.",Yes,2026-09-24 (MT)
"Trump is the only president other than Herbert Hoover who lost more jobs than he had when he began (ignoring COVID shock).
Began: June 27, 2024 (CNN Biden-Trump debate) | Ended: June 28, 2024 (FactCheck.org: net job loss driven by pandemic collapse; recovery underway before exit)",https://www.factcheck.org/2024/06/factchecking-the-biden-trump-debate/,President Joe Biden,1 day until FactCheck,omitted context,misleading,189,FactCheck section 'Biden Misleads on Jobs.',Rated misleading,,Fact-check only,Never corrected — fact-checked only,later,Verified by SwampForce + independently confirmed,Rated misleading,Official record,Official data (BLS CES0000000001),https://data.bls.gov/timeseries/CES0000000001,200,"BLS total nonfarm: Jan 2017 145,628 → Feb 2020 152,293 → Apr 2020 130,426 → Jan 2021 142,863. The net loss over the term is real but driven entirely by the 2020 pandemic collapse (+6.7M before it). Kept Rated misleading.",FactCheck.org,https://www.factcheck.org/2024/06/factchecking-the-biden-trump-debate/,Verified by SwampForce | Independently confirmed by FactCheck.org,,,,2026-09-24 (MT)
"Harris claimed Trump intends a 'sales tax' tariff plan that economists say would cost typical families about $4,000 a year (as the definitive estimate).
Began: Sept 10, 2024 (ABC debate) | Ended: Sept 11, 2024 (FactCheck.org: $4,000 is high-end CAP estimate assuming 20% global + 60% China; other nonpartisan estimates much lower)",https://www.factcheck.org/2024/09/factchecking-the-harris-trump-debate/,Vice President Kamala Harris,1 day until FactCheck,cherry-picked high-end estimate as consensus,misleading,190,"TPC/PIIE/Tax Foundation estimates ~$625–$1,700 range under common 10%/60% assumptions.",Rated misleading,,Fact-check only,Never corrected — fact-checked only,later,"Could not verify against a primary source, move to the watch list",Watch list (unverified),Unverified,None confirmed (watch list),https://www.factcheck.org/2024/09/factchecking-the-harris-trump-debate/,n/a,"The primary record (agency data, official document, transcript) needed to test the claim was not reached or located in this pass. The case rests on fact-checker reporting only.",,,,C,,,2026-09-24 (MT)
"Donald Trump said he'd ban abortion across this country and will do it whether or not Congress is there (as current 2024 position).
Began: Aug 6, 2024 (Walz Philadelphia rally) | Ended: Aug 7, 2024 (FactCheck.org: Trump said in 2024 he would leave abortion to states and would veto a national ban)",https://www.factcheck.org/2024/08/factchecking-the-first-harris-walz-rally/,Gov. Tim Walz,1 day until FactCheck,outdated position presented as current pledge,misleading,191,"Trump did support federal 20-week ban in 2016–18; 2024 video/interviews reject national ban.
Primary record: Same April 8, 2024 video transcript shows Trump's 2024 position as state-by-state determination with rape/incest/life exceptions, not a promise to ban abortion nationwide regardless of Congress.",Rated misleading,https://www.trumpstruth.org/statuses/3310,Original transcript/video,Never corrected — fact-checked only,later,Verified by SwampForce + independently confirmed,Rated misleading,Original transcript/video,Original post (archived Truth Social video transcript),https://www.trumpstruth.org/statuses/3310,200,"Apr 8, 2024: ""the states will determine...""; ""I am strongly in favor of exceptions for rape, incest, and life of the mother."" Kept Rated misleading.",FactCheck.org,https://www.factcheck.org/2024/08/factchecking-the-first-harris-walz-rally/,Verified by SwampForce | Independently confirmed by FactCheck.org,,,,2026-09-24 (MT)
"Trump's plan would again give tax cuts only to billionaires and the biggest corporations (and blow up the deficit)—implying no benefit for other taxpayers.
Began: Oct 16, 2024 (Fox News Bret Baier interview) | Ended: Oct 18, 2024 (FactCheck.org: extending TCJA and other Trump proposals also benefit most/middle taxpayers)",https://www.factcheck.org/2024/10/factchecking-harris-and-trumps-fox-news-appearances/,Vice President Kamala Harris,2 days until FactCheck,omitted context,misleading,192,Distinct from already-listed $5T billionaire-only framing; centers on Fox interview 'billionaires and biggest corporations' exclusivity.,Rated misleading,,Fact-check only,Never corrected — fact-checked only,later,Verified by SwampForce + independently confirmed,Rated misleading,Official record,Official record (JCT JCX-68-17),https://www.jct.gov/getattachment/45580637-252a-4c6f-b434-a2085f417920/x-68-17-5054.pdf,200,"JCT JCX-68-17 (TCJA conference agreement), 2019: federal taxes fall on average in every income class (e.g., ""Less than $10,000 ... -5.6%"", $20,000-30,000 ""-13.5%""; total -$259.5B, of which $1M+ -$36.9B). The 2024 plan was mainly to extend these TCJA provisions, which benefit all income classes. Kept Rated misleading.",FactCheck.org,https://www.factcheck.org/2024/10/factchecking-harris-and-trumps-fox-news-appearances/,Verified by SwampForce | Independently confirmed by FactCheck.org,,"Indirect: JCT scored the 2017 law, not the 2024 campaign plan.",,2026-09-24 (MT)
"Under Trump's administration, gender-affirming surgeries were available on a medical-necessity basis to people in the federal prison system (implying Trump-era practice matched Harris's position).
Began: Oct 16, 2024 (Fox News Bret Baier interview) | Ended: Oct 18, 2024 (FactCheck.org: BOP memo contemplated obligation, but first federal inmate surgeries occurred in 2022–23 under Biden)",https://www.factcheck.org/2024/10/factchecking-harris-and-trumps-fox-news-appearances/,Vice President Kamala Harris,2 days until FactCheck,omitted context,misleading,193,Hormone therapy occurred; surgeries for federal inmates came later. Used to claim Trump policy 'no different.',Rated misleading,,Fact-check only,Never corrected — fact-checked only,later,"Could not verify against a primary source, move to the watch list",Watch list (unverified),Unverified,None confirmed (watch list),https://www.factcheck.org/2024/10/factchecking-harris-and-trumps-fox-news-appearances/,n/a,"The primary record (agency data, official document, transcript) needed to test the claim was not reached or located in this pass. The case rests on fact-checker reporting only.",,,,C,,,2026-09-24 (MT)
"The new Republican tax law provides 'at least a $1.3 trillion tax break for corporations.'
Began: Jan 11, 2018 (Pelosi weekly press conference) | Ended: Jan 12, 2018 (FactCheck.org: misleading; net business cut ~$654B)",https://www.factcheck.org/2018/01/pelosi-inflates-tax-cuts/,House Minority Leader Nancy Pelosi,days (recurring talking point into 2019),cherry-picked line item / ignoring offsetting tax increases,misleading,194,FactCheck.org: Pelosi cited JCT corporate-rate cut (~$1.35T) but ignored other business provisions; net business tax cut ~$654B. Rating: misleading. Also: https://www.jct.gov/publications/2017/jcx-67-17/; https://www.budget.senate.gov/imo/media/doc/JCT.Table.pdf,Rated misleading,https://www.jct.gov/publications/2017/jcx-67-17/,Official record,Never corrected — fact-checked only,first,Verified by SwampForce + independently confirmed,Rated misleading,Official record,Official record (JCT JCX-67-17),https://www.jct.gov/getattachment/2f1d880c-ca26-429d-9044-63ac084d07cd/x-67-17-5053.pdf,200,"JCT: ""B. 21 Percent Corporate Tax Rate"" line is a large 10-year revenue loss (≈$1.35T), but the ""Total of Business Tax Reform"" line is offset by base broadeners and international provisions, so the net business cut is far smaller. Kept Rated misleading.",FactCheck.org,https://www.factcheck.org/2018/01/pelosi-inflates-tax-cuts/,Verified by SwampForce | Independently confirmed by FactCheck.org,,,,2026-09-24 (MT)
"Repealing the ACA individual mandate in the GOP tax bill would 'boot' 13 million people from the health insurance rolls.
Began: Nov 14, 2017 (Schumer Senate floor speech) | Ended: Nov 17, 2017 (FactCheck.org: Distorts the Facts)",https://www.factcheck.org/2017/11/democrats-inaccurate-talking-point/,Senate Minority Leader Chuck Schumer,~weeks during tax debate,voluntary disenrollment framed as kicking people off,misleading,195,"CBO/JCT estimated 13M fewer insured by 2025–27 if mandate penalty repealed; FactCheck: many would drop voluntarily, not be 'booted.' Also: https://www.cbo.gov/publication/53300",Rated misleading,https://www.cbo.gov/publication/53300,Official record,Never corrected — fact-checked only,first,"Could not verify against a primary source, move to the watch list",Watch list (unverified),Unverified,None confirmed (watch list),https://www.cbo.gov/publication/53300,n/a,"The primary record (agency data, official document, transcript) needed to test the claim was not reached or located in this pass. The case rests on fact-checker reporting only. CBO 53300 is blocked: cbo.gov returns 403, WebFetch returned empty or timed out, and web.archive.org gave repeated TLS errors.",,,,C,"Evidence weaker than the catalog stated: catalog Proof_Basis ""Official record"", but no primary proof could be confirmed.",Yes,2026-09-24 (MT)
"Republicans want to pay for tax cuts for the wealthy by 'taking health care away from 13 million Americans.'
Began: Nov 15, 2017 (Durbin tweet) | Ended: Nov 17, 2017 (FactCheck.org Distorts the Facts on same talking point)",https://www.factcheck.org/2017/11/democrats-inaccurate-talking-point/,Sen. Dick Durbin,~weeks during tax debate,CBO uninsured estimate reframed as forced loss of coverage,misleading,196,Same CBO 13M figure; FactCheck: not equivalent to taking coverage away from 13M. Also: https://www.cbo.gov/publication/53300,Rated misleading,https://www.cbo.gov/publication/53300,Official record,Never corrected — fact-checked only,first,"Could not verify against a primary source, move to the watch list",Watch list (unverified),Unverified,None confirmed (watch list),https://www.cbo.gov/publication/53300,n/a,"The primary record (agency data, official document, transcript) needed to test the claim was not reached or located in this pass. The case rests on fact-checker reporting only. CBO 53300 blocked (see #195).",,,,C,"Evidence weaker than the catalog stated: catalog Proof_Basis ""Official record"", but no primary proof could be confirmed.",Yes,2026-09-24 (MT)
"The GOP health/tax plan would 'knock 13 million people off health care.'
Began: Nov 16, 2017 (Warren on MSNBC Morning Joe) | Ended: Nov 17, 2017 (FactCheck.org Distorts the Facts)",https://www.factcheck.org/2017/11/democrats-inaccurate-talking-point/,Sen. Elizabeth Warren,~weeks during tax debate,CBO coverage estimate framed as forced removal,misleading,197,FactCheck.org grouped Warren with Schumer/Durbin on the inaccurate 'knock off' framing of CBO mandate estimates. Also: https://www.cbo.gov/publication/53300,Rated misleading,https://www.cbo.gov/publication/53300,Official record,Never corrected — fact-checked only,first,"Could not verify against a primary source, move to the watch list",Watch list (unverified),Unverified,None confirmed (watch list),https://www.cbo.gov/publication/53300,n/a,"The primary record (agency data, official document, transcript) needed to test the claim was not reached or located in this pass. The case rests on fact-checker reporting only. CBO 53300 blocked (see #195).",,,,C,"Evidence weaker than the catalog stated: catalog Proof_Basis ""Official record"", but no primary proof could be confirmed.",Yes,2026-09-24 (MT)
"The GOP tax plan 'Sabotages the health care of 13 MILLION Americans.'
Began: Nov 27, 2017 (TeamPelosi tweet) | Ended: Nov 29, 2017 (PolitiFact Half True: leaves out voluntary exits)",https://www.politifact.com/factchecks/2017/nov/29/nancy-pelosi/pelosis-problematic-claim-gop-tax-plan-sabotages-h/,Nancy Pelosi / TeamPelosi,~weeks,omits that most of the 13M would leave coverage voluntarily,Half True / misleading,198,PolitiFact Half True: 'partially accurate but leaves out important details or takes things out of context'; 'Sabotaged' doesn't fit for ~2/3 voluntary leavers (RAND). Also: https://www.cbo.gov/publication/53300,Rated misleading,https://www.cbo.gov/publication/53300,Official record,Never corrected — fact-checked only,first,"Could not verify against a primary source, move to the watch list",Watch list (unverified),Unverified,None confirmed (watch list),https://www.cbo.gov/publication/53300,n/a,"The primary record (agency data, official document, transcript) needed to test the claim was not reached or located in this pass. The case rests on fact-checker reporting only. CBO 53300 blocked (see #195).",,,,C,"Evidence weaker than the catalog stated: catalog Proof_Basis ""Official record"", but no primary proof could be confirmed.",Yes,2026-09-24 (MT)
"Trump and Republicans 'passed a tax bill that gave 80 percent of its benefits to the top 1 percent.'
Began: Jan 16, 2018 (DNC Medium post) | Ended: Jan 16, 2018 (PolitiFact Half True: cherry-picks 2027)",https://www.politifact.com/factchecks/2018/jan/16/democratic-national-committee/dnc-offers-one-sided-view-who-gets-tax-bills-benef/,Democratic National Committee,years as zombie talking point,cherry-picking post-sunset year (2027) as if typical,Half True / misleading,199,TPC: top 1% got ~20.5% of benefits in 2018 and ~25% in 2025; ~83% only in 2027 after middle-class provisions expire. PF: leaves out important details. Also: https://taxpolicycenter.org/sites/default/files/publication/150816/2001641_distributional_analysis_of_the_conference_agreement_for_the_tax_cuts_and_jobs_act_0.pdf,Rated misleading,https://taxpolicycenter.org/sites/default/files/publication/150816/2001641_distributional_analysis_of_the_conference_agreement_for_the_tax_cuts_and_jobs_act_0.pdf,Official record,Never corrected — fact-checked only,first,Verified by SwampForce + independently confirmed,Rated misleading,Official record,Official record (JCT JCX-68-17),https://www.jct.gov/getattachment/45580637-252a-4c6f-b434-a2085f417920/x-68-17-5054.pdf,200,"JCT JCX-68-17 distributional analysis of the TCJA conference agreement, calendar 2019: change in federal taxes ""Total, All Taxpayers ... -$259,454"" million; ""$1,000,000 and over ... -$36,853"" million (≈14% of the total cut); ""$500,000 to $1,000,000 ... -$23,947""; lower brackets also cut (e.g., ""Less than $10,000 ... -5.6%"", $20,000-30,000 ""-13.5%""). The share going to the highest class in the early years is far below 70-83%. Kept Rated misleading.",PolitiFact,https://www.politifact.com/factchecks/2018/jan/16/democratic-national-committee/dnc-offers-one-sided-view-who-gets-tax-bills-benef/,Verified by SwampForce | Independently confirmed by PolitiFact,,"Catalog PRIM was Tax Policy Center (a think tank, not a primary source); replaced with JCT (official congressional scorekeeper). JCT reports income classes, not a top-1% share; the 83% figure is a 2027 TPC estimate after individual provisions sunset.",,2026-09-24 (MT)
"With the Trump tax law, '70 percent of the benefits went to the wealthiest 1 percent.'
Began: Feb 18, 2019 (Brown interview on listening tour) | Ended: Mar 5, 2019 (PolitiFact Half True)",https://www.politifact.com/factchecks/2019/mar/05/sherrod-brown/do-70-benefits-trumps-tax-law-benefit-wealthiest-1/,Sen. Sherrod Brown,months of campaign recirculation,cherry-picking 2027 distribution,Half True / misleading,200,PolitiFact Half True: partially accurate but leaves out important information; through 2025 top 1% share ~20–25%. Also: https://taxpolicycenter.org/sites/default/files/publication/150816/2001641_distributional_analysis_of_the_conference_agreement_for_the_tax_cuts_and_jobs_act_0.pdf,Rated misleading,https://taxpolicycenter.org/sites/default/files/publication/150816/2001641_distributional_analysis_of_the_conference_agreement_for_the_tax_cuts_and_jobs_act_0.pdf,Official record,Never corrected — fact-checked only,first,Verified by SwampForce + independently confirmed,Rated misleading,Official record,Official record (JCT JCX-68-17),https://www.jct.gov/getattachment/45580637-252a-4c6f-b434-a2085f417920/x-68-17-5054.pdf,200,"JCT JCX-68-17 distributional analysis of the TCJA conference agreement, calendar 2019: change in federal taxes ""Total, All Taxpayers ... -$259,454"" million; ""$1,000,000 and over ... -$36,853"" million (≈14% of the total cut); ""$500,000 to $1,000,000 ... -$23,947""; lower brackets also cut (e.g., ""Less than $10,000 ... -5.6%"", $20,000-30,000 ""-13.5%""). The share going to the highest class in the early years is far below 70-83%. Kept Rated misleading.",PolitiFact,https://www.politifact.com/factchecks/2019/mar/05/sherrod-brown/do-70-benefits-trumps-tax-law-benefit-wealthiest-1/,Verified by SwampForce | Independently confirmed by PolitiFact,,"Catalog PRIM was Tax Policy Center (a think tank, not a primary source); replaced with JCT (official congressional scorekeeper). JCT reports income classes, not a top-1% share; the 83% figure is a 2027 TPC estimate after individual provisions sunset.",,2026-09-24 (MT)
"Under the Republican tax law, 'the rich folks got $1.5 trillion.'
Began: Jan 2, 2019 (Warren on MSNBC Rachel Maddow) | Ended: Jan 9, 2019 (PolitiFact Half True: overstates share for the rich)",https://www.politifact.com/factchecks/2019/jan/09/elizabeth-warren/warren-overstates-share-tax-cuts-rich/,Sen. Elizabeth Warren,~weeks of campaign kickoff messaging,conflates total deficit cost with amount going only to the rich,Half True / misleading,201,"JCT ~$1.5T net cost; top ~10% (~$200k+) got about half (~$750B–$1T), not all $1.5T. PF: exaggerated gains for the well-to-do. Also: https://www.jct.gov/publications/2017/jcx-67-17/",Rated misleading,https://www.jct.gov/publications/2017/jcx-67-17/,Official record,Never corrected — fact-checked only,first,Verified by SwampForce + independently confirmed,Rated misleading,Official record,Official record (JCT JCX-67-17),https://www.jct.gov/getattachment/2f1d880c-ca26-429d-9044-63ac084d07cd/x-67-17-5053.pdf,200,"JCT NET TOTAL ≈$1.46T over 2018-27 is the cost of the whole law (individual, business and international provisions), not a sum paid to ""rich folks"". Kept Rated misleading.",PolitiFact,https://www.politifact.com/factchecks/2019/jan/09/elizabeth-warren/warren-overstates-share-tax-cuts-rich/,Verified by SwampForce | Independently confirmed by PolitiFact,,"The share going to high earners needs JCT distribution tables (JCX-68-17), not checked here.",,2026-09-24 (MT)
"Between the first and second quarters of 2018 — after the tax cuts were enacted — real wages fell by 1.8 percent.
Began: Jul 26, 2018 (TeamPelosi tweet citing Vox/PayScale) | Ended: Aug 1, 2018 (PolitiFact Mostly False)",https://www.politifact.com/factchecks/2018/aug/01/nancy-pelosi/did-wages-fall-18-percent-after-donald-trumps-tax/,"Nancy Pelosi / TeamPelosi (also DGA, Fight for $15)",~1 week of viral talking point,outlier private index treated as official wage crash,Mostly False,202,PayScale Index outlier; BLS median usual weekly real earnings rose slightly Q1→Q2 2018. PF Mostly False. Also: https://fred.stlouisfed.org/series/LES1252881600Q; https://www.bls.gov/cps/,Proven false,https://data.bls.gov/timeseries/LES1252881600Q,Official record,Never corrected — fact-checked only,first,Verified by SwampForce + independently confirmed,Rated misleading,Official record,"Official data (BLS API, LES1252881600)",https://data.bls.gov/timeseries/LES1252881600,200,"BLS median usual weekly real earnings (1982-84 $, SA), full-time wage and salary workers: Q1 2018 = 351, Q2 2018 = 351 (flat); current-dollar LES1252881500: 875 → 881. No 1.8% fall in the official series; the figure came from the PayScale private index.",PolitiFact,https://www.politifact.com/factchecks/2018/aug/01/nancy-pelosi/did-wages-fall-18-percent-after-donald-trumps-tax/,Verified by SwampForce | Independently confirmed by PolitiFact,,"Catalog PRIM series ID ""LES1252881600Q"" is the FRED ID; on BLS it is invalid (""Invalid Series ID""), so it was corrected to LES1252881600. The catalog note said earnings ""rose slightly""; they were flat. Downgraded to Rated misleading: the claim relied on a real (if outlier) private index, so it is contradicted by, not fabricated against, official data.",Yes,2026-09-24 (MT)
"Trump's FY2020 budget 'slashes investments in health care to pay for tax cuts to billionaires.'
Began: Mar 12, 2019 (Castro tweet) | Ended: Mar 20, 2019 (PolitiFact Half True: no direct pay-for link; 'billionaires' overstated)",https://www.politifact.com/factchecks/2019/mar/20/julian-castro/fact-checking-julian-castros-claim-about-trump-202/,Julián Castro,~1–2 weeks around budget release,indirect budget pressure framed as earmarked pay-for for billionaires,Half True / misleading,203,PF Half True: health cuts real on Medicaid side; no direct link to TCJA; all income groups got cuts in 2019 on average. Also: https://www.factcheck.org/2019/03/democratic-medicare-spin/,Rated misleading,https://www.govinfo.gov/content/pkg/BUDGET-2020-BUD/pdf/BUDGET-2020-BUD.pdf,Official record,Never corrected — fact-checked only,first,Verified by SwampForce + independently confirmed,Rated misleading,Official record,Official record (FY2020 President's Budget),https://www.govinfo.gov/content/pkg/BUDGET-2020-BUD/pdf/BUDGET-2020-BUD.pdf,200,"FY2020 Budget (govinfo): Medicare proposals ""reduce wasteful spending and incentivize efficiency ... extending the solvency of the program ... consistent with the President's promise to protect Medicare"" and move hospital payments ""not directly related to Medicare's health insurance role outside the Medicare Trust Fund""; MSV: ""without affecting beneficiary access to providers or the care they receive."" Proposals are savings, largely provider-side. Kept Rated misleading.",PolitiFact,https://www.politifact.com/factchecks/2019/mar/20/julian-castro/fact-checking-julian-castros-claim-about-trump-202/,Verified by SwampForce | Independently confirmed by PolitiFact,,,,2026-09-24 (MT)
"Under Trump, 'the cost of living is going up, but paychecks aren't keeping up.'
Began: Jan 27, 2019 (Harris Oakland campaign kickoff) | Ended: Jan 29, 2019 (FactCheck.org: wages had risen in real terms)",https://www.factcheck.org/2019/01/harris-campaign-kickoff-claims/,Sen. Kamala Harris,campaign kickoff week,contradicted by then-current BLS real earnings data,false / misleading,204,FactCheck: real average weekly earnings for production/nonsupervisory workers up ~2.5% since Trump took office; paychecks had kept up with inflation. Also: https://www.bls.gov/ces/,Proven false,https://www.bls.gov/ces/,Official record,Never corrected — fact-checked only,first,Verified by SwampForce + independently confirmed,Proven false,Official record,Official data (BLS CES0500000031),https://data.bls.gov/timeseries/CES0500000031,200,"BLS real average weekly earnings, production/nonsupervisory (1982-84 $): Jan 2017 308.42 → Dec 2018 316.03 → Dec 2019 317.67. Real paychecks rose, so they kept pace with the cost of living.",FactCheck.org,https://www.factcheck.org/2019/01/harris-campaign-kickoff-claims/,Verified by SwampForce | Independently confirmed by FactCheck.org,,,,2026-09-24 (MT)
"The Trump administration's response was to 'give away a trillion dollars to the biggest corporations in this country.'
Began: Jan 27, 2019 (Harris Oakland speech) | Ended: Jan 29, 2019 (FactCheck.org: net business cut ~$654B, not $1T)",https://www.factcheck.org/2019/01/harris-campaign-kickoff-claims/,Sen. Kamala Harris,campaign kickoff week,gross corporate-rate cut treated as net giveaway,misleading,205,Campaign confirmed she meant corporate-rate cut; JCT net business tax reduction ~$653.8B. FactCheck: exaggerated / cherry-picked. Also: https://www.jct.gov/publications/2017/jcx-67-17/; https://www.factcheck.org/2018/01/pelosi-inflates-tax-cuts/,Rated misleading,https://www.jct.gov/publications/2017/jcx-67-17/,Official record,Never corrected — fact-checked only,first,Verified by SwampForce + independently confirmed,Rated misleading,Official record,Official record (JCT JCX-67-17),https://www.jct.gov/getattachment/2f1d880c-ca26-429d-9044-63ac084d07cd/x-67-17-5053.pdf,200,"JCT: the corporate-rate line is ≈$1.35T gross, but the ""Total of Business Tax Reform"" net is much smaller after offsets. Kept Rated misleading.",FactCheck.org,https://www.factcheck.org/2019/01/harris-campaign-kickoff-claims/,Verified by SwampForce | Independently confirmed by FactCheck.org,,,,2026-09-24 (MT)
"After exploding the deficit with the GOP tax scam, Trump is trying to 'ransack Medicare, Medicaid and the health care of seniors.'
Began: Mar 12, 2019 (Pelosi statement on FY2020 budget) | Ended: Mar 22, 2019 (FactCheck.org: Spins the Facts on Medicare 'slash/ransack')",https://www.factcheck.org/2019/03/democratic-medicare-spin/,House Speaker Nancy Pelosi,~2 weeks around FY2020 budget rollout,provider payment slowdowns framed as ransacking beneficiary Medicare,misleading / Spins the Facts,206,"FactCheck Spins the Facts: Medicaid cuts significant; Medicare net ~$515–575B mostly provider payment changes resembling Obama-era proposals, not direct beneficiary 'ransack.' Also: https://www.crfb.org/blogs/analysis-presidents-fy-2020-budget",Rated misleading,https://www.govinfo.gov/content/pkg/BUDGET-2020-BUD/pdf/BUDGET-2020-BUD.pdf,Official record,Never corrected — fact-checked only,first,Verified by SwampForce + independently confirmed,Rated misleading,Official record,Official record (FY2020 President's Budget),https://www.govinfo.gov/content/pkg/BUDGET-2020-BUD/pdf/BUDGET-2020-BUD.pdf,200,"FY2020 Budget (govinfo): Medicare proposals ""reduce wasteful spending and incentivize efficiency ... extending the solvency of the program ... consistent with the President's promise to protect Medicare"" and move hospital payments ""not directly related to Medicare's health insurance role outside the Medicare Trust Fund""; MSV: ""without affecting beneficiary access to providers or the care they receive."" Proposals are savings, largely provider-side. Kept Rated misleading.",FactCheck.org,https://www.factcheck.org/2019/03/democratic-medicare-spin/,Verified by SwampForce | Independently confirmed by FactCheck.org,,,,2026-09-24 (MT)
"Trump's budget 'cuts $845 billion, almost a trillion dollar cut in Medicare.'
Began: Mar 12, 2019 (Biden speech to IAFF) | Ended: Mar 26, 2019 (PolitiFact Mostly False)",https://www.politifact.com/factchecks/2019/mar/26/joe-biden/trump-medicare-budget-cuts-billion/,Joe Biden,~2 weeks of primary messaging,gross baseline reduction inflated to 'almost a trillion' beneficiary cut,Mostly False,207,"PF Mostly False: after relocating DSH/GME, net closer to $515–595B; mostly provider payment slowdowns; spending still rises year to year. Distinct stronger rating than FactCheck 'Spins' on similar Dem talking points. Also: https://www.factcheck.org/2019/03/democratic-medicare-spin/; https://www.govinfo.gov/content/pkg/BUDGET-2020-BUD/pdf/BUDGET-2020-BUD.pdf",Proven false,https://www.govinfo.gov/content/pkg/BUDGET-2020-BUD/pdf/BUDGET-2020-BUD.pdf,Official record,Never corrected — fact-checked only,first,Verified by SwampForce + independently confirmed,Rated misleading,Official record,Official record (FY2020 President's Budget),https://www.govinfo.gov/content/pkg/BUDGET-2020-BUD/pdf/BUDGET-2020-BUD.pdf,200,"FY2020 Budget (govinfo): Medicare proposals ""reduce wasteful spending and incentivize efficiency ... extending the solvency of the program ... consistent with the President's promise to protect Medicare"" and move hospital payments ""not directly related to Medicare's health insurance role outside the Medicare Trust Fund""; MSV: ""without affecting beneficiary access to providers or the care they receive."" Proposals are savings, largely provider-side. The budget does propose large 10-year Medicare reductions; the claim inflates scope (gross figure incl. relocated payments; framed as beneficiary cut). PolitiFact rated it Mostly False, not False.",PolitiFact,https://www.politifact.com/factchecks/2019/mar/26/joe-biden/trump-medicare-budget-cuts-billion/,Verified by SwampForce | Independently confirmed by PolitiFact,,Downgraded from Proven false to Rated misleading: the primary record does not contradict a large proposed reduction; evidence weaker than catalog stated.,Yes,2026-09-24 (MT)
"'In America, there is a father who is holding down two jobs and paying more taxes than the richest 400 families in America' (post-TCJA justice framing).
Began: Nov 13, 2019 (Harris Facebook ad) | Ended: Nov 21, 2019 (PolitiFact Mostly False)",https://www.politifact.com/factchecks/2019/nov/21/kamala-harris/kamala-harris-claim-about-typical-dad-paying-more/,Sen. Kamala Harris,~1–2 weeks of ad run,tax rates study misstated as dollars of taxes paid,Mostly False,208,Saez-Zucman rate comparison; Harris said paying more taxes (dollars). PF Mostly False. Used to attack post-2017 Trump tax settlement for the rich. Also: https://taxpolicycenter.org/,Proven false,https://www.politifact.com/factchecks/2019/nov/21/kamala-harris/kamala-harris-claim-about-typical-dad-paying-more/,Fact-check only,Retraction after legal threat/settlement,first,"Could not verify against a primary source, move to the watch list",Watch list (unverified),Unverified,None confirmed (watch list),https://www.politifact.com/factchecks/2019/nov/21/kamala-harris/kamala-harris-claim-about-typical-dad-paying-more/,n/a,"The primary record (agency data, official document, transcript) needed to test the claim was not reached or located in this pass. The case rests on fact-checker reporting only.",,,,C,,,2026-09-24 (MT)
"House Republicans' 'big, beautiful bill' will take Medicaid & health insurance away from 13.7 million Americans.
Began: May 12, 2025 (Sanders X post) | Ended: May 16, 2025 (PolitiFact Half True; FactCheck.org: Democrats exaggerate)",https://www.politifact.com/factchecks/2025/may/16/bernie-sanders/medicaid-cut-house-republicans-trump/,Sen. Bernie Sanders,~1 week of markup messaging (recurring),bundles bill score with separate credit-expiration baseline,Half True / misleading,209,CBO: bill alone ≥8.6M uninsured by 2034; 13.7M adds 4.2M from enhanced PTC expiration (current law) + marketplace rule effects. PF: ignores information / out of context. Also: https://www.factcheck.org/2025/05/democrats-exaggerate-estimated-impact-of-gop-bill-on-uninsured/; https://democrats-energycommerce.house.gov/sites/evo-subsites/democrats-energycommerce.house.gov/files/evo-media-document/cbo-emails-re-e%26c-reconcilation-scores-may-11%2C-2025.pdf,Rated misleading,https://democrats-energycommerce.house.gov/sites/evo-subsites/democrats-energycommerce.house.gov/files/evo-media-document/cbo-emails-re-e%26c-reconcilation-scores-may-11%2C-2025.pdf,Official record,Never corrected — fact-checked only,later,Verified by SwampForce + independently confirmed,Rated misleading,Official record,Official record (CBO correspondence),https://democrats-energycommerce.house.gov/sites/evo-subsites/democrats-energycommerce.house.gov/files/evo-media-document/cbo-emails-re-e%26c-reconcilation-scores-may-11%2C-2025.pdf,200,"CBO emails (May 11, 2025, posted by E&C Democrats): ""we estimate that the legislation would reduce the number of people with health insurance by at least 8.6 million in 2034""; ""these three actions would increase the number of people without health insurance by at least 13.7 million"", of which ""the expiration of the expanded premium tax credits will increase the number ... by 4.2 million"". 13.7M includes non-bill effects. Kept Rated misleading.",PolitiFact,https://www.politifact.com/factchecks/2025/may/16/bernie-sanders/medicaid-cut-house-republicans-trump/,Verified by SwampForce | Independently confirmed by PolitiFact,,"CBO emails as posted by committee minority, not a cbo.gov publication.",,2026-09-24 (MT)
"The GOP Energy & Commerce reconciliation agenda will 'kick at least 13.7 million people off of health care coverage according to the CBO.'
Began: May 13, 2025 (DeGette markup statement) | Ended: May 16, 2025 (FactCheck.org: Democrats Exaggerate)",https://www.factcheck.org/2025/05/democrats-exaggerate-estimated-impact-of-gop-bill-on-uninsured/,Rep. Diana DeGette,markup week,attributes combined policy package solely to the bill,misleading,210,FactCheck: CBO said legislation alone ≥8.6M; 13.7M includes PTC expiration not solely the bill. Also: https://democrats-energycommerce.house.gov/sites/evo-subsites/democrats-energycommerce.house.gov/files/evo-media-document/cbo-emails-re-e%26c-reconcilation-scores-may-11%2C-2025.pdf,Rated misleading,https://democrats-energycommerce.house.gov/sites/evo-subsites/democrats-energycommerce.house.gov/files/evo-media-document/cbo-emails-re-e%26c-reconcilation-scores-may-11%2C-2025.pdf,Official record,Never corrected — fact-checked only,later,Verified by SwampForce + independently confirmed,Rated misleading,Official record,Official record (CBO correspondence),https://democrats-energycommerce.house.gov/sites/evo-subsites/democrats-energycommerce.house.gov/files/evo-media-document/cbo-emails-re-e%26c-reconcilation-scores-may-11%2C-2025.pdf,200,"CBO emails (May 11, 2025, posted by E&C Democrats): ""we estimate that the legislation would reduce the number of people with health insurance by at least 8.6 million in 2034""; ""these three actions would increase the number of people without health insurance by at least 13.7 million"", of which ""the expiration of the expanded premium tax credits will increase the number ... by 4.2 million"". 13.7M includes non-bill effects. Kept Rated misleading.",FactCheck.org,https://www.factcheck.org/2025/05/democrats-exaggerate-estimated-impact-of-gop-bill-on-uninsured/,Verified by SwampForce | Independently confirmed by FactCheck.org,,"CBO emails as posted by committee minority, not a cbo.gov publication.",,2026-09-24 (MT)
"13.7 million Americans will be cut off from their health care and made completely uninsurable by the Republican bill.
Began: May 13, 2025 (AOC markup remarks) | Ended: May 16, 2025 (FactCheck.org Exaggerate)",https://www.factcheck.org/2025/05/democrats-exaggerate-estimated-impact-of-gop-bill-on-uninsured/,Rep. Alexandria Ocasio-Cortez,markup week,inflates bill-only CBO figure; adds 'completely uninsurable',misleading,211,Same CBO math: bill ≥8.6M; 13.7M is multi-action total Democrats requested. Also: https://democrats-energycommerce.house.gov/sites/evo-subsites/democrats-energycommerce.house.gov/files/evo-media-document/cbo-emails-re-e%26c-reconcilation-scores-may-11%2C-2025.pdf,Rated misleading,https://democrats-energycommerce.house.gov/sites/evo-subsites/democrats-energycommerce.house.gov/files/evo-media-document/cbo-emails-re-e%26c-reconcilation-scores-may-11%2C-2025.pdf,Official record,Never corrected — fact-checked only,later,Verified by SwampForce + independently confirmed,Rated misleading,Official record,Official record (CBO correspondence),https://democrats-energycommerce.house.gov/sites/evo-subsites/democrats-energycommerce.house.gov/files/evo-media-document/cbo-emails-re-e%26c-reconcilation-scores-may-11%2C-2025.pdf,200,"CBO emails (May 11, 2025, posted by E&C Democrats): ""we estimate that the legislation would reduce the number of people with health insurance by at least 8.6 million in 2034""; ""these three actions would increase the number of people without health insurance by at least 13.7 million"", of which ""the expiration of the expanded premium tax credits will increase the number ... by 4.2 million"". 13.7M includes non-bill effects. Kept Rated misleading.",FactCheck.org,https://www.factcheck.org/2025/05/democrats-exaggerate-estimated-impact-of-gop-bill-on-uninsured/,Verified by SwampForce | Independently confirmed by FactCheck.org,,"CBO emails as posted by committee minority, not a cbo.gov publication.",,2026-09-24 (MT)
"At least 14 million Americans would be 'ripped off of their health insurance' under the House Republican Medicaid proposal.
Began: May 13, 2025 (Schumer press briefing) | Ended: May 16, 2025 (FactCheck.org: CBO did not say nearly 14M from the proposal alone)",https://www.factcheck.org/2025/05/democrats-exaggerate-estimated-impact-of-gop-bill-on-uninsured/,Senate Minority Leader Chuck Schumer,markup week,rounds up and attributes multi-action total to the bill,misleading,212,FactCheck explicitly notes Schumer's ~14M claim exceeded what CBO attributed to the legislative proposal alone (≥8.6M). Also: https://democrats-energycommerce.house.gov/sites/evo-subsites/democrats-energycommerce.house.gov/files/evo-media-document/cbo-emails-re-e%26c-reconcilation-scores-may-11%2C-2025.pdf,Rated misleading,https://democrats-energycommerce.house.gov/sites/evo-subsites/democrats-energycommerce.house.gov/files/evo-media-document/cbo-emails-re-e%26c-reconcilation-scores-may-11%2C-2025.pdf,Official record,Never corrected — fact-checked only,later,Verified by SwampForce + independently confirmed,Rated misleading,Official record,Official record (CBO correspondence),https://democrats-energycommerce.house.gov/sites/evo-subsites/democrats-energycommerce.house.gov/files/evo-media-document/cbo-emails-re-e%26c-reconcilation-scores-may-11%2C-2025.pdf,200,"CBO emails (May 11, 2025, posted by E&C Democrats): ""we estimate that the legislation would reduce the number of people with health insurance by at least 8.6 million in 2034""; ""these three actions would increase the number of people without health insurance by at least 13.7 million"", of which ""the expiration of the expanded premium tax credits will increase the number ... by 4.2 million"". 13.7M includes non-bill effects. Kept Rated misleading.",FactCheck.org,https://www.factcheck.org/2025/05/democrats-exaggerate-estimated-impact-of-gop-bill-on-uninsured/,Verified by SwampForce | Independently confirmed by FactCheck.org,,"CBO emails as posted by committee minority, not a cbo.gov publication.",,2026-09-24 (MT)
"Trump 'just denied North Carolina’s request for FEMA relief from Hurricane Helene,' calling it unwarranted (implying relief ended).
Began: Apr 12, 2025 (Brian Tyler Cohen X post) | Ended: Apr 24, 2025 (PolitiFact Half True: missing context—90% cost share continues)",https://www.politifact.com/factchecks/2025/apr/24/brian-tyler-cohen/claim-about-trump-rejecting-helene-relief-for-nort/,Brian Tyler Cohen,~2 weeks viral (6.6M accounts reached),denial of 100% cost-share extension framed as denying FEMA relief,Half True / Missing Context,213,FEMA denied extending 100% federal cost share; continued 90% (vs normal 75%). PF: leaves out important detail. Also: https://www.fema.gov/,Rated misleading,https://www.politifact.com/factchecks/2025/apr/24/brian-tyler-cohen/claim-about-trump-rejecting-helene-relief-for-nort/,Fact-check only,Never corrected — fact-checked only,later,"Could not verify against a primary source, move to the watch list",Watch list (unverified),Unverified,None confirmed (watch list),https://www.politifact.com/factchecks/2025/apr/24/brian-tyler-cohen/claim-about-trump-rejecting-helene-relief-for-nort/,n/a,"The primary record (agency data, official document, transcript) needed to test the claim was not reached or located in this pass. The case rests on fact-checker reporting only.",,,,C,,,2026-09-24 (MT)
"The 2017 GOP 'tax scam' 'gave 83% of the benefits to the top 1%' (stated as what the law did, without the 2027 sunset caveat).
Began: Mar 14, 2021 (Pelosi on ABC This Week) | Ended: Mar 16, 2021 (PolitiFact Half True: cherry-picked 2027)",https://www.politifact.com/factchecks/2021/mar/16/nancy-pelosi/nancy-pelosi-repeats-incomplete-talking-point-2017/,House Speaker Nancy Pelosi,zombie claim across 2018–2021+,2027 expiry-year share presented as the law's overall effect,Half True / misleading,214,PF Half True: incomplete talking point; through 2025 top 1% share ~20–25%. WaPo Kessler also documented Jeffries/Biden repeating the zombie 83% claim. Also: https://www.washingtonpost.com/politics/2021/07/20/zombie-claim-2017-tax-cut-gave-83-percent-top-1-percent/; https://taxpolicycenter.org/sites/default/files/publication/150816/2001641_distributional_analysis_of_the_conference_agreement_for_the_tax_cuts_and_jobs_act_0.pdf,Rated misleading,https://taxpolicycenter.org/sites/default/files/publication/150816/2001641_distributional_analysis_of_the_conference_agreement_for_the_tax_cuts_and_jobs_act_0.pdf,Official record,Never corrected — fact-checked only,later,Verified by SwampForce + independently confirmed,Rated misleading,Official record,Official record (JCT JCX-68-17),https://www.jct.gov/getattachment/45580637-252a-4c6f-b434-a2085f417920/x-68-17-5054.pdf,200,"JCT JCX-68-17 distributional analysis of the TCJA conference agreement, calendar 2019: change in federal taxes ""Total, All Taxpayers ... -$259,454"" million; ""$1,000,000 and over ... -$36,853"" million (≈14% of the total cut); ""$500,000 to $1,000,000 ... -$23,947""; lower brackets also cut (e.g., ""Less than $10,000 ... -5.6%"", $20,000-30,000 ""-13.5%""). The share going to the highest class in the early years is far below 70-83%. Kept Rated misleading.",PolitiFact,https://www.politifact.com/factchecks/2021/mar/16/nancy-pelosi/nancy-pelosi-repeats-incomplete-talking-point-2017/,Verified by SwampForce | Independently confirmed by PolitiFact,,"Catalog PRIM was Tax Policy Center (a think tank, not a primary source); replaced with JCT (official congressional scorekeeper). JCT reports income classes, not a top-1% share; the 83% figure is a 2027 TPC estimate after individual provisions sunset.",,2026-09-24 (MT)
"Biden clipped Trump as proposing cuts to Social Security and Medicare from a CNBC line about 'cutting' entitlements (omitting waste/fraud context and later denials).
Began: Mar 11–12, 2024 (Biden X posts / Wisconsin speech) | Ended: Mar 15, 2024 (FactCheck.org: full CNBC answer + Breitbart clarification)",https://www.factcheck.org/2024/03/trumps-comments-about-cutting-entitlements-in-context/,President Joe Biden / Biden campaign,~1 week of ads/posts,selective clip truncating qualifying language,misleading / missing context,215,"FactCheck: Trump said cutting and also theft/bad management; later said he would never hurt SS/Medicare benefits. Room for disagreement, but Biden's 'end of quote' framing cut short. Also: https://www.cnbc.com/2024/03/11/trump-cnbc-squawk-box-interview.html",Rated misleading,https://www.cnbc.com/2024/03/11/trump-cnbc-squawk-box-interview.html,Original transcript/video,Never corrected — fact-checked only,later,Verified by SwampForce + independently confirmed,Rated misleading,Original transcript/video,Original transcript (CNBC-published interview transcript),https://www.cnbc.com/2024/03/11/cnbc-transcript-former-president-of-the-united-states-donald-trump-speaks-with-cnbcs-squawk-box-today-.html,200,"CNBC transcript, Mar 11, 2024: ""there is a lot you can do in terms of entitlements in terms of cutting and in terms of also the theft and the bad management of entitlements, tremendous bad management of entitlements."" The clip stopped at ""cutting"". Kept Rated misleading.",FactCheck.org,https://www.factcheck.org/2024/03/trumps-comments-about-cutting-entitlements-in-context/,Verified by SwampForce | Independently confirmed by FactCheck.org,,Catalog PRIM URL returned 404; corrected to CNBC's transcript page.,,2026-09-24 (MT)
"Trump is 'threatening to slash Medicare' / 'wants to cut Social Security and Medicare' (as stated at DNC 2024 without his repeated no-cut pledges).
Began: Aug 19, 2024 (Rodriguez / Biden DNC night 1) | Ended: Aug 20, 2024 (FactCheck.org: Trump has consistently said he will not cut either)",https://www.factcheck.org/2024/08/opening-night-of-the-democratic-national-convention/,Wisconsin Lt. Gov. Sara Rodriguez; President Joe Biden,convention + campaign ads,past budget proposals / CNBC clip treated as current intent to cut benefits,misleading,216,"FactCheck DNC night 1: Trump consistently said he will not cut SS/Medicare benefits; budgets targeted waste/disability/provider ideas. Distinct from already-covered 'gut SS/Medicare' absolute falsehoods. Also: https://www.factcheck.org/2024/03/trumps-comments-about-cutting-entitlements-in-context/
Also: https://www.govinfo.gov/content/pkg/BUDGET-2020-MSV/pdf/BUDGET-2020-MSV.pdf
Primary record: Primary budget text shows proposed Medicare savings via payment/fraud reforms and a stated aim to protect Medicare, contradicting absolute 'slash Medicare benefits' characterizations of those budgets.",Rated misleading,https://www.govinfo.gov/content/pkg/BUDGET-2020-MSV/pdf/BUDGET-2020-MSV.pdf,Official record,Never corrected — fact-checked only,later,Verified by SwampForce + independently confirmed,Rated misleading,Official record,Official record (FY2020 President's Budget),https://www.govinfo.gov/content/pkg/BUDGET-2020-BUD/pdf/BUDGET-2020-BUD.pdf,200,"FY2020 Budget (govinfo): Medicare proposals ""reduce wasteful spending and incentivize efficiency ... extending the solvency of the program ... consistent with the President's promise to protect Medicare"" and move hospital payments ""not directly related to Medicare's health insurance role outside the Medicare Trust Fund""; MSV: ""without affecting beneficiary access to providers or the care they receive."" Proposals are savings, largely provider-side. Kept Rated misleading.",FactCheck.org,https://www.factcheck.org/2024/08/opening-night-of-the-democratic-national-convention/,Verified by SwampForce | Independently confirmed by FactCheck.org,,,,2026-09-24 (MT)
"Trump 'lost millions of jobs in America' (as a presidency scorecard without pandemic context).
Began: Aug 19, 2024 (Durbin DNC speech) | Ended: Aug 20, 2024 (FactCheck.org: ignores COVID job-loss cause)",https://www.factcheck.org/2024/08/opening-night-of-the-democratic-national-convention/,Sen. Dick Durbin,convention night,pandemic employment collapse attributed as Trump job-loss record,misleading,217,BLS: +6.7M jobs first 37 months; −21.9M Mar–Apr 2020 COVID; −2.7M net end of term. FactCheck: claim ignores the pandemic reason. Also: https://www.bls.gov/ces/,Rated misleading,https://www.bls.gov/ces/,Official record,Never corrected — fact-checked only,later,Verified by SwampForce + independently confirmed,Rated misleading,Official record,Official data (BLS CES0000000001),https://data.bls.gov/timeseries/CES0000000001,200,"BLS total nonfarm (thousands): Jan 2017 145,628 → Feb 2020 152,293 → Apr 2020 130,426 → Jan 2021 142,863. Net loss over the term (about 2.8M) is entirely due to the 2020 pandemic collapse. Kept Rated misleading.",FactCheck.org,https://www.factcheck.org/2024/08/opening-night-of-the-democratic-national-convention/,Verified by SwampForce | Independently confirmed by FactCheck.org,,,,2026-09-24 (MT)
"Billionaires pay an average federal tax rate of 8.2% (presented as the ordinary tax-system rate).
Began: Aug 19, 2024 (Biden DNC; also prior WH talking point) | Ended: Aug 20, 2024 (FactCheck.org: misleading White House calc with unrealized gains)",https://www.factcheck.org/2024/08/opening-night-of-the-democratic-national-convention/,President Joe Biden,recurring 2021–2024 talking point,unrealized capital gains counted as income in bespoke rate,misleading,218,White House 2021 analysis counting unrealized gains; FactCheck: not the average rate in the current tax system; top earners pay higher rates on realized income. Also: https://www.whitehouse.gov/cea/written-materials/2021/09/23/what-is-the-average-federal-individual-income-tax-rate-on-the-wealthiest-americans/; https://www.factcheck.org/2023/02/bidens-tax-rate-comparison-for-billionaires-and-schoolteachers/,Rated misleading,https://www.whitehouse.gov/cea/written-materials/2021/09/23/what-is-the-average-federal-individual-income-tax-rate-on-the-wealthiest-americans/,Official record,Never corrected — fact-checked only,later,Verified by SwampForce + independently confirmed,Rated misleading,Official record,Official record (CEA/White House analysis),https://bidenwhitehouse.archives.gov/cea/written-materials/2021/09/23/what-is-the-average-federal-individual-income-tax-rate-on-the-wealthiest-americans/,200,"CEA/OMB: ""we estimate an average Federal individual income tax rate of 8.2 percent for the period 2010-2018"", using a measure that includes ""untaxed ('unrealized') capital gains income"". Not the ordinary statutory/realized-income rate. Kept Rated misleading.",FactCheck.org,https://www.factcheck.org/2024/08/opening-night-of-the-democratic-national-convention/,Verified by SwampForce | Independently confirmed by FactCheck.org,,,,2026-09-24 (MT)
"Trump 'created the largest debt any president had in four years with his $2 trillion tax cut for the wealthy' (as if Trump alone caused all added debt via that cut).
Began: Aug 19, 2024 (Biden DNC) | Ended: Aug 20, 2024 (FactCheck.org: incomplete; pre-existing debt path + Congress + COVID)",https://www.factcheck.org/2024/08/opening-night-of-the-democratic-national-convention/,President Joe Biden,convention speech,assigns all term debt increase to one tax cut and one person,misleading,219,Debt rose ~$7.8T under Trump; CBO Jan 2017 already projected large rises; TCJA needed Congress; COVID spending major. FactCheck: Trump alone not responsible for all debt added. Also: https://www.cbo.gov/publication/52370; https://fiscaldata.treasury.gov/datasets/debt-to-the-penny/debt-to-the-penny,Rated misleading,https://fiscaldata.treasury.gov/datasets/debt-to-the-penny/debt-to-the-penny,Official record,Never corrected — fact-checked only,later,Verified by SwampForce + independently confirmed,Rated misleading,Official record,Official data (Treasury Debt to the Penny API),"https://api.fiscaldata.treasury.gov/services/api/fiscal_service/v2/accounting/od/debt_to_penny?filter=record_date:in:(2017-01-20,2021-01-20,2009-01-20,2013-01-18,2021-01-19,2025-01-17)&fields=record_date,tot_pub_debt_out_amt",200,"Total public debt: 2017-01-20 $19.947T → 2021-01-20 $27.752T (+$7.80T); 2009-01-20 $10.627T → 2013-01-18 $16.433T (+$5.81T); 2021-01-20 → 2025-01-17 $36.207T (+$8.45T). The large increase is real, but COVID-era relief made up much of it, not only the ~$1.5T TCJA. Kept Rated misleading.",FactCheck.org,https://www.factcheck.org/2024/08/opening-night-of-the-democratic-national-convention/,Verified by SwampForce | Independently confirmed by FactCheck.org,,,,2026-09-24 (MT)
"Reconciliation was used in 2017 to pass the GOP tax scam where '83 percent of the benefits went to the wealthiest 1 percent' (Jeffries zombie claim).
Began: Jul 2021 (Jeffries remarks; WaPo Fact Checker column Jul 20, 2021) | Ended: Jul 20, 2021 (WaPo documents as zombie/misleading 83% claim)",https://www.washingtonpost.com/politics/2021/07/20/zombie-claim-2017-tax-cut-gave-83-percent-top-1-percent/,House Minority Leader Hakeem Jeffries,years of recirculation,cherry-picking 2027 TPC share,misleading / zombie claim,220,WaPo Kessler: 83% is 2027 figure after sunsets; 2018 top 1% share 20.5%. Same incomplete talking point PolitiFact rated Half True for Pelosi/DNC. Distinct speaker from Pelosi 2021 case. Also: https://www.politifact.com/factchecks/2021/mar/16/nancy-pelosi/nancy-pelosi-repeats-incomplete-talking-point-2017/; https://taxpolicycenter.org/sites/default/files/publication/150816/2001641_distributional_analysis_of_the_conference_agreement_for_the_tax_cuts_and_jobs_act_0.pdf,Rated misleading,https://taxpolicycenter.org/sites/default/files/publication/150816/2001641_distributional_analysis_of_the_conference_agreement_for_the_tax_cuts_and_jobs_act_0.pdf,Official record,Never corrected — fact-checked only,later,Verified by SwampForce + independently confirmed,Rated misleading,Official record,Official record (JCT JCX-68-17),https://www.jct.gov/getattachment/45580637-252a-4c6f-b434-a2085f417920/x-68-17-5054.pdf,200,"JCT JCX-68-17 distributional analysis of the TCJA conference agreement, calendar 2019: change in federal taxes ""Total, All Taxpayers ... -$259,454"" million; ""$1,000,000 and over ... -$36,853"" million (≈14% of the total cut); ""$500,000 to $1,000,000 ... -$23,947""; lower brackets also cut (e.g., ""Less than $10,000 ... -5.6%"", $20,000-30,000 ""-13.5%""). The share going to the highest class in the early years is far below 70-83%. Kept Rated misleading.",Washington Post Fact Checker,https://www.washingtonpost.com/politics/2021/07/20/zombie-claim-2017-tax-cut-gave-83-percent-top-1-percent/,Verified by SwampForce | Independently confirmed by Washington Post Fact Checker,,"Catalog PRIM was Tax Policy Center (a think tank, not a primary source); replaced with JCT (official congressional scorekeeper). JCT reports income classes, not a top-1% share; the 83% figure is a 2027 TPC estimate after individual provisions sunset.",,2026-09-24 (MT)
"Trump said he wants to be a dictator on 'Day 1' (presented without the border/drill jest context).
Began: Dec 2023 onward; Aug 19, 2024 (Biden DNC) | Ended: Aug 20, 2024 (FactCheck.org: full Hannity exchange + later 'joking' clarification)",https://www.factcheck.org/2024/08/opening-night-of-the-democratic-national-convention/,President Joe Biden (and other Democrats),months of campaign use,joke/qualified Day-1 remark framed as open dictatorship pledge,misleading / missing context,221,Hannity town hall: 'except for Day 1' then specified closing border and drilling; later said joking. FactCheck covers the misleading citation. Dedup: 'dictator' alone was HIT but 'Day 1' was NEW. Also: https://www.rev.com/blog/transcripts/trump-town-hall-with-hannity-12-5-23-transcript,Rated misleading,https://www.rev.com/blog/transcripts/trump-town-hall-with-hannity-12-5-23-transcript,Original transcript/video,Never corrected — fact-checked only,later,Verified by SwampForce + independently confirmed,Rated misleading,Original transcript/video,Original transcript (rev.com),https://www.rev.com/transcripts/trump-town-hall-with-hannity-12-5-23-transcript,200,"Dec 5, 2023: ""Except for day one ... We're closing the border and we're drilling, drilling, drilling. After that, I'm not a dictator."" Kept Rated misleading.",FactCheck.org,https://www.factcheck.org/2024/08/opening-night-of-the-democratic-national-convention/,Verified by SwampForce | Independently confirmed by FactCheck.org,,rev.com third-party transcription; catalog URL used the /blog/ path.,,2026-09-24 (MT)
"Donald Trump 'issued a Muslim ban as president' (implying a ban on all Muslims).
Began: Aug 20, 2024 (Schumer DNC night 2) | Ended: Aug 21, 2024 (FactCheck.org: misleading; EOs covered selected countries, not all Muslims)",https://www.factcheck.org/2024/08/day-2-of-the-democratic-national-convention/,Senate Majority Leader Chuck Schumer,convention night + long-running shorthand,country-list travel restrictions labeled as total Muslim ban,misleading,222,FactCheck: 2017 EOs/proclamation restricted nationals of listed countries (not all Muslims); Pew: first EO would have affected ~12% of world Muslims. Primary = EO text. Also: https://trumpwhitehouse.archives.gov/presidential-actions/executive-order-protecting-nation-foreign-terrorist-entry-united-states/,Rated misleading,https://trumpwhitehouse.archives.gov/presidential-actions/executive-order-protecting-nation-foreign-terrorist-entry-united-states/,Official record,Never corrected — fact-checked only,later,Verified by SwampForce + independently confirmed,Rated misleading,Official record,Official record (Executive Order text),https://trumpwhitehouse.archives.gov/presidential-actions/executive-order-protecting-nation-foreign-terrorist-entry-united-states/,200,"EO 13769 text: suspends entry ""of aliens from countries referred to in section 217(a)(12) of the INA ... for 90 days""; a restriction by nationality on listed countries, not on Muslims as such. Kept Rated misleading.",FactCheck.org,https://www.factcheck.org/2024/08/day-2-of-the-democratic-national-convention/,Verified by SwampForce | Independently confirmed by FactCheck.org,,,,2026-09-24 (MT)
"Trump 'wrote' Project 2025.
Began: Aug 21, 2024 (Lisa Blunt Rochester DNC night 3) | Ended: Aug 22, 2024 (FactCheck.org: false; Heritage document; Trump disavowed)",https://www.factcheck.org/2024/08/third-night-of-the-democratic-convention/,Rep. Lisa Blunt Rochester,convention speech,authorship falsehood,false,223,FactCheck: Trump did not write Project 2025; Heritage Mandate for Leadership; Trump said it doesn't speak for him. Proven false authorship claim. Primary points to Heritage Project 2025 authorship/home (not Trump). Also: https://www.project2025.org/,Proven false,https://www.heritage.org/conservatism/commentary/project-2025,Official record,Never corrected — fact-checked only,later,Verified by SwampForce + independently confirmed,Proven false,Primary document,Primary document (Project 2025 Mandate text),https://web.archive.org/web/20241231222507id_/https://static.project2025.org/2025_MandateForLeadership_FULL.pdf,200,"Mandate title pages: ""Foreword by Kevin D. Roberts, PhD Edited by Paul Dans and Steven Groves"", a Heritage Foundation publication; Trump is not an author or editor (note: several chapter authors are former Trump officials). Trump's July 5, 2024 post: ""I know nothing about Project 2025"" (trumpstruth.org/statuses/23580).",FactCheck.org,https://www.factcheck.org/2024/08/third-night-of-the-democratic-convention/,Verified by SwampForce | Independently confirmed by FactCheck.org,,,,2026-09-24 (MT)
"Trump 'wants the middle class to pay the price for another huge tax cut that would mostly help him and his rich friends.'
Began: Aug 20, 2024 (Obama DNC night 2) | Ended: Aug 21, 2024 (FactCheck.org: proposed extensions/cuts benefit all income levels on average)",https://www.factcheck.org/2024/08/day-2-of-the-democratic-national-convention/,Former President Barack Obama,convention speech,distributional overstatement of proposed tax agenda,misleading,224,"FactCheck: Trump proposals (extend TCJA individual cuts, no tax on tips/SS) benefit taxpayers across incomes; TPC: extending TCJA individuals ~45% of benefits to $450k+, not 'mostly' him and rich friends alone. Also: https://taxfoundation.org/; https://www.taxpolicycenter.org/",Rated misleading,https://www.factcheck.org/2024/08/day-2-of-the-democratic-national-convention/,Fact-check only,Never corrected — fact-checked only,later,"Could not verify against a primary source, move to the watch list",Watch list (unverified),Unverified,None confirmed (watch list),https://www.factcheck.org/2024/08/day-2-of-the-democratic-national-convention/,n/a,"The primary record (agency data, official document, transcript) needed to test the claim was not reached or located in this pass. The case rests on fact-checker reporting only.",,,,C,,,2026-09-24 (MT)
"The only economic promise Trump kept was to 'cut taxes for the rich' (implying no broader tax cuts).
Began: Aug 21, 2024 (Buttigieg DNC night 3) | Ended: Aug 22, 2024 (FactCheck.org: TPC said TCJA reduced taxes on average for all income groups)",https://www.factcheck.org/2024/08/third-night-of-the-democratic-convention/,Transportation Secretary Pete Buttigieg,convention speech,erases across-the-board average tax cuts,misleading,225,FactCheck cites TPC: TCJA would reduce taxes on average for all income groups in 2018 and 2025. Distinct from Fox 'billionaire-only' batch5 item—this is Buttigieg DNC line. 'cut taxes for the rich' phrase HIT in corpus may be different claim—verify. Also: https://taxpolicycenter.org/sites/default/files/publication/150816/2001641_distributional_analysis_of_the_conference_agreement_for_the_tax_cuts_and_jobs_act_0.pdf,Rated misleading,https://taxpolicycenter.org/sites/default/files/publication/150816/2001641_distributional_analysis_of_the_conference_agreement_for_the_tax_cuts_and_jobs_act_0.pdf,Official record,Never corrected — fact-checked only,later,Verified by SwampForce + independently confirmed,Rated misleading,Official record,Official record (JCT JCX-68-17),https://www.jct.gov/getattachment/45580637-252a-4c6f-b434-a2085f417920/x-68-17-5054.pdf,200,"JCT JCX-68-17 distributional analysis of the TCJA conference agreement, calendar 2019: change in federal taxes ""Total, All Taxpayers ... -$259,454"" million; ""$1,000,000 and over ... -$36,853"" million (≈14% of the total cut); ""$500,000 to $1,000,000 ... -$23,947""; lower brackets also cut (e.g., ""Less than $10,000 ... -5.6%"", $20,000-30,000 ""-13.5%""). Tax cuts reached every income class in 2019, not only ""the rich"". Kept Rated misleading.",FactCheck.org,https://www.factcheck.org/2024/08/third-night-of-the-democratic-convention/,Verified by SwampForce | Independently confirmed by FactCheck.org,,"Catalog PRIM was Tax Policy Center (a think tank, not a primary source); replaced with JCT (official congressional scorekeeper). JCT reports income classes, not a top-1% share; the 83% figure is a 2027 TPC estimate after individual provisions sunset.",,2026-09-24 (MT)
"CNBC reported Michael Cohen personally paid ~$1M taxi fines, was barred from managing NYC medallions, transferred $60M offshore, and awaited tax trial—claims that were about partners, not Cohen.
Began: May 6–7, 2018 (CNBC piece summarizing NYT) | Ended: May 7, 2018 (CNBC CORRECTION deleting incorrect Cohen attributions)",https://www.cnbc.com/2018/05/06/how-michael-cohen-became-trumps-personal-lawyer.html,CNBC (Kevin Breuninger),hours to 1 day,partner legal troubles misattributed to Trump's lawyer,correction,226,Fetched CNBC correction text: deleted incorrect references that Cohen paid fines / barred / offshore / tax trial—those involved partners. Also: https://sharylattkisson.substack.com/p/media-mistakes-in-reporting-on-donald,Proven false,https://www.cnbc.com/2018/05/06/how-michael-cohen-became-trumps-personal-lawyer.html,Outlet's own correction,Appended correction line,first,Verified by SwampForce (no approved checker covered it),Proven false,Outlet's own correction,Outlet's own correction (CNBC correction line),https://www.cnbc.com/2018/05/06/how-michael-cohen-became-trumps-personal-lawyer.html,200,"CNBC: ""CORRECTION: This story was updated to delete incorrect references that Cohen paid nearly $1 million in fines after Chicago authori[ties]...""",,,Verified by SwampForce,,,,2026-09-24 (MT)
"UK Telegraph 'mystery of Melania' cover story made multiple false claims about Melania Trump's family, modeling, university, and marriage chronology.
Began: Jan 19, 2019 (Telegraph Magazine) | Ended: Jan 26, 2019 (Telegraph apology; unpublished article; paid damages)",https://www.imediaethics.org/telegraph-retracts-melania-trump-article-over-family-modeling-claims/,The Telegraph (UK) / Nina Burleigh,~1 week,multi-point biographical falsehoods,retraction + damages,227,Fetched iMediaEthics quoting full Telegraph apology admitting false statements; paid substantial damages and costs. Also: https://sharylattkisson.substack.com/p/media-mistakes-in-reporting-on-donald,Proven false,https://www.imediaethics.org/telegraph-retracts-melania-trump-article-over-family-modeling-claims/,Outlet's own correction,Appended correction line,first,"Could not verify against a primary source, move to the watch list",Watch list (unverified),Unverified,None confirmed (watch list),https://www.imediaethics.org/telegraph-retracts-melania-trump-article-over-family-modeling-claims/,n/a,"The outlet's own correction or editor's note was not loaded or seen. Evidence is only secondary (other outlets, Attkisson, iMediaEthics, Poynter, or fact-checkers).",,,,B,"Evidence weaker than the catalog stated: catalog Proof_Basis ""Outlet's own correction"", but no primary proof could be confirmed.",Yes,2026-09-24 (MT)
"NPR reported Donald Trump Jr.'s Senate testimony about Moscow negotiations ending in 2014 contradicted Michael Cohen's plea—mischaracterizing different projects.
Began: Nov 30, 2018 (NPR report) | Ended: Dec 2018 (lengthy NPR editor's note; public editor 'need to slow down')",https://www.imediaethics.org/npr-adds-editors-note-on-donald-trump-jr-russia-project/,NPR (Philip Ewing),~1 week until editor's note,conflating distinct real-estate negotiations,editor's note,228,Fetched iMediaEthics quoting NPR editor's note: Trump Jr. was discussing a different project than Cohen's Moscow talks. Also: https://www.npr.org/sections/publiceditor/2018/12/04/673374082/the-need-to-slow-down,Proven false,https://www.imediaethics.org/npr-adds-editors-note-on-donald-trump-jr-russia-project/,Outlet's own correction,Editor's note at bottom of article,first,"Could not verify against a primary source, move to the watch list",Watch list (unverified),Unverified,None confirmed (watch list),https://www.imediaethics.org/npr-adds-editors-note-on-donald-trump-jr-russia-project/,n/a,"The outlet's own correction or editor's note was not loaded or seen. Evidence is only secondary (other outlets, Attkisson, iMediaEthics, Poynter, or fact-checkers).",,,,B,"Evidence weaker than the catalog stated: catalog Proof_Basis ""Outlet's own correction"", but no primary proof could be confirmed.",Yes,2026-09-24 (MT)
"AP reported the Trump administration had ended the International Entrepreneur Rule / program to admit foreign entrepreneurs.
Began: Apr 1, 2018 (AP) | Ended: AP correction clarifying program not ended (judge had ordered rule to take effect; rescission planned but not 'ended' as reported)",https://apnews.com/article/589aa9c8ab1b48f0b8d7fa171e6cb74c,Associated Press (Nicholas Riccardi),days,policy-status falsehood,AP correction,229,AP correction (Attkisson #44; AP correction page): wrong to say administration ended the program. Also: https://sharylattkisson.substack.com/p/media-mistakes-in-reporting-on-donald,Proven false,https://apnews.com/article/589aa9c8ab1b48f0b8d7fa171e6cb74c,Outlet's own correction,Appended correction line,first,Verified by SwampForce (no approved checker covered it),Proven false,Outlet's own correction,Outlet's own correction (AP correction),https://apnews.com/article/589aa9c8ab1b48f0b8d7fa171e6cb74c,200,"AP: ""Correction: Trump-Skilled Immigration story. In a story April 1 ... The Associated Press reported erroneously that the administration ended a program...""",,,Verified by SwampForce,,,,2026-09-24 (MT)
"CNN claimed Nancy Sinatra was 'not happy' that her father's song was used at Trump's inauguration.
Began: Jan 20, 2017 (CNN) | Ended: Jan 20, 2017 (Sinatra public denial: 'Why do you lie, CNN?')",https://sharylattkisson.substack.com/p/media-mistakes-in-reporting-on-donald,CNN,hours,fabricated celebrity reaction,subject denial / correction,230,Attkisson #6. Sinatra: 'That's not true. I never said that.' Primary = Sinatra's own statement as original record of falsity; CNN walk-back not always archived. Also: https://twitter.com/,Proven false,https://sharylattkisson.substack.com/p/media-mistakes-in-reporting-on-donald,Original transcript/video,Unknown,first,"Could not verify against a primary source, move to the watch list",Watch list (unverified),Unverified,None confirmed (watch list),https://sharylattkisson.substack.com/p/media-mistakes-in-reporting-on-donald,n/a,"The outlet's own correction or editor's note was not loaded or seen. Evidence is only secondary (other outlets, Attkisson, iMediaEthics, Poynter, or fact-checkers).",,,,B,"Evidence weaker than the catalog stated: catalog Proof_Basis ""Original transcript/video"", but no primary proof could be confirmed.",Yes,2026-09-24 (MT)
"NYT Your Money hypothetical said a sample family's tax bill would rise nearly $4,000 under Trump's tax law; corrected math showed a ~$43 cut.
Began: Mar 8, 2018 (Jan Rosen NYT) | Ended: Mar 2018 (NYT correction of calculation)",https://sharylattkisson.substack.com/p/media-mistakes-in-reporting-on-donald,The New York Times (Jan Rosen),days,arithmetic error presented as policy harm,correction,231,Attkisson #41. Also: https://www.nytimes.com/,Proven false,https://sharylattkisson.substack.com/p/media-mistakes-in-reporting-on-donald,Outlet's own correction,Appended correction line,first,"Could not verify against a primary source, move to the watch list",Watch list (unverified),Unverified,None confirmed (watch list),https://sharylattkisson.substack.com/p/media-mistakes-in-reporting-on-donald,n/a,"The outlet's own correction or editor's note was not loaded or seen. Evidence is only secondary (other outlets, Attkisson, iMediaEthics, Poynter, or fact-checkers).",,,,B,"Evidence weaker than the catalog stated: catalog Proof_Basis ""Outlet's own correction"", but no primary proof could be confirmed.",Yes,2026-09-24 (MT)
"NBC reported Trump was the first president since 2002 not to visit troops at Christmastime—while he and Melania were visiting troops in Iraq/Afghanistan theater.
Began: Dec 26, 2018 (NBC) | Ended: Dec 2018 (NBC added note; false headline left in place per Attkisson)",https://sharylattkisson.substack.com/p/media-mistakes-in-reporting-on-donald,NBC News,hours to days,false visit-status claim,editor's note (incomplete),232,Attkisson #63. Official WH photos/trip record contradict. Also: https://www.nbcnews.com/,Proven false,https://sharylattkisson.substack.com/p/media-mistakes-in-reporting-on-donald,Outlet's own correction,Appended correction line,first,"Could not verify against a primary source, move to the watch list",Watch list (unverified),Unverified,None confirmed (watch list),https://sharylattkisson.substack.com/p/media-mistakes-in-reporting-on-donald,n/a,"The outlet's own correction or editor's note was not loaded or seen. Evidence is only secondary (other outlets, Attkisson, iMediaEthics, Poynter, or fact-checkers).",,,,B,"Evidence weaker than the catalog stated: catalog Proof_Basis ""Outlet's own correction"", but no primary proof could be confirmed.",Yes,2026-09-24 (MT)
"Daily Beast and others said Trump asked Ukraine's president to investigate Biden's son 'eight times' on the call.
Began: Sep 25, 2019 (Daily Beast headline framing) | Ended: Sep 2019 (released call memorandum showed one reference to the son, not eight)",https://sharylattkisson.substack.com/p/media-mistakes-in-reporting-on-donald,The Daily Beast and other outlets,days until memo release clarified count,counting phrases as repeated named ask,contradicted by official transcript,233,Attkisson #91. Primary = White House released call memorandum. Also: https://trumpwhitehouse.archives.gov/,Proven false,https://trumpwhitehouse.archives.gov/wp-content/uploads/2019/09/Unclassified09.2019.pdf,Official record,Unknown,first,Verified by SwampForce (no approved checker covered it),Proven false,Official record,Official record (WH call memorandum),https://trumpwhitehouse.archives.gov/wp-content/uploads/2019/09/Unclassified09.2019.pdf,200,"July 25, 2019 memo: Biden raised in one passage (""There's a lot of talk about Biden's son, that Biden stopped the prosecution..."") plus a brief follow-up; no ""eight times"" request. The ""eight times"" figure came from anonymous sourcing.",,,Verified by SwampForce,,Catalog Truth source is Attkisson (not eligible for confirmation).,,2026-09-24 (MT)
"Multiple outlets including Axios reported Rod Rosenstein had resigned or been fired (Sep 2018 false alarms).
Began: Sep 24, 2018 (Axios and others) | Ended: Sep 24, 2018 (updates/clarifications—he remained DAG; formal resignation much later Apr 2019)",https://sharylattkisson.substack.com/p/media-mistakes-in-reporting-on-donald,Axios; other outlets,hours,false resignation/firing report,update / clarification,234,Attkisson #59. Also: https://www.axios.com/,Proven false,https://sharylattkisson.substack.com/p/media-mistakes-in-reporting-on-donald,Outlet's own correction,Appended correction line,first,"Could not verify against a primary source, move to the watch list",Watch list (unverified),Unverified,None confirmed (watch list),https://sharylattkisson.substack.com/p/media-mistakes-in-reporting-on-donald,n/a,"The outlet's own correction or editor's note was not loaded or seen. Evidence is only secondary (other outlets, Attkisson, iMediaEthics, Poynter, or fact-checkers).",,,,B,"Evidence weaker than the catalog stated: catalog Proof_Basis ""Outlet's own correction"", but no primary proof could be confirmed.",Yes,2026-09-24 (MT)
"Slate's Alfa Bank / Trump Tower 'secret server' collusion narrative was presented as investigative fact; Mueller told Congress his belief was it was 'not true.'
Began: Oct 2016 (Slate Franklin Foer) and recirculation through 2019 | Ended: Jul 24, 2019 (Mueller House testimony)",https://sharylattkisson.substack.com/p/media-mistakes-in-reporting-on-donald,Slate.com (originating); widely recirculated,~2.5 years of recirculation,technical speculation as collusion proof,contradicted by official testimony,235,Attkisson #88. Mueller: 'my belief at this point is…not true.' Also: https://www.congress.gov/,Proven false,https://www.govinfo.gov/content/pkg/CHRG-116hhrg38910/pdf/CHRG-116hhrg38910.pdf,Official record,Unknown,first,"Could not verify against a primary source, move to the watch list",Watch list (unverified),Unverified,None confirmed (watch list),https://www.govinfo.gov/content/pkg/CHRG-116hhrg38910/pdf/CHRG-116hhrg38910.pdf,n/a,"The primary record (agency data, official document, transcript) needed to test the claim was not reached or located in this pass. The case rests on fact-checker reporting only. The cited govinfo package (CHRG-116hhrg38910) has no text, and CHRG-116hhrg38243 has no ""Alfa"" mention; the HPSCI transcript of Mueller's answer was not loaded.",,,,C,"Evidence weaker than the catalog stated: catalog Proof_Basis ""Official record"", but no primary proof could be confirmed.",Yes,2026-09-24 (MT)
"AP reported Christopher Steele's anti-Trump opposition research was initially funded by the conservative Washington Free Beacon.
Began: Feb 2, 2018 (AP) | Ended: Feb 2018 (AP correction: Steele joined after Democrats funded the project)",https://sharylattkisson.substack.com/p/media-mistakes-in-reporting-on-donald,Associated Press,days,funding chronology error,AP correction,236,Attkisson #40. Also: https://apnews.com/,Proven false,https://sharylattkisson.substack.com/p/media-mistakes-in-reporting-on-donald,Outlet's own correction,Appended correction line,first,"Could not verify against a primary source, move to the watch list",Watch list (unverified),Unverified,None confirmed (watch list),https://sharylattkisson.substack.com/p/media-mistakes-in-reporting-on-donald,n/a,"The outlet's own correction or editor's note was not loaded or seen. Evidence is only secondary (other outlets, Attkisson, iMediaEthics, Poynter, or fact-checkers).",,,,B,"Evidence weaker than the catalog stated: catalog Proof_Basis ""Outlet's own correction"", but no primary proof could be confirmed.",Yes,2026-09-24 (MT)
"AP said a Trump advisory-board official was a Miss America contestant who killed a black rhino; she was a Mrs. America contestant who shot a nonlethal dart at a white rhino.
Began: Mar 15, 2018 (AP) | Ended: Mar 2018 (AP correction)",https://sharylattkisson.substack.com/p/media-mistakes-in-reporting-on-donald,Associated Press,days,multiple factual identity/event errors,AP correction,237,Attkisson #43. Unfavorable framing of Trump advisory circle. Also: https://apnews.com/,Proven false,https://sharylattkisson.substack.com/p/media-mistakes-in-reporting-on-donald,Outlet's own correction,Appended correction line,first,"Could not verify against a primary source, move to the watch list",Watch list (unverified),Unverified,None confirmed (watch list),https://sharylattkisson.substack.com/p/media-mistakes-in-reporting-on-donald,n/a,"The outlet's own correction or editor's note was not loaded or seen. Evidence is only secondary (other outlets, Attkisson, iMediaEthics, Poynter, or fact-checkers).",,,,B,"Evidence weaker than the catalog stated: catalog Proof_Basis ""Outlet's own correction"", but no primary proof could be confirmed.",Yes,2026-09-24 (MT)
"CNN/WSJ reported Trump fired/escorted out a deputy national security adviser on Melania's demand; official said she was still at the WH / reassigned.
Began: Nov 14, 2018 (CNN Jeff Zeleny; WSJ) | Ended: Nov 2018 (senior official denial; reassignment not firing)",https://sharylattkisson.substack.com/p/media-mistakes-in-reporting-on-donald,CNN; The Wall Street Journal,hours to days,false firing/escort narrative,contradicted by WH,238,Attkisson #61. Also: https://www.cnn.com/,Proven false,https://sharylattkisson.substack.com/p/media-mistakes-in-reporting-on-donald,Outlet's own correction,Editor's note at bottom of article,first,"Could not verify against a primary source, move to the watch list",Watch list (unverified),Unverified,None confirmed (watch list),https://sharylattkisson.substack.com/p/media-mistakes-in-reporting-on-donald,n/a,"The outlet's own correction or editor's note was not loaded or seen. Evidence is only secondary (other outlets, Attkisson, iMediaEthics, Poynter, or fact-checkers).",,,,B,"Evidence weaker than the catalog stated: catalog Proof_Basis ""Outlet's own correction"", but no primary proof could be confirmed.",Yes,2026-09-24 (MT)
"Politico/NY Post and others used misdated Melania modeling photos (said 1995) to imply visa violations; photo date was wrong.
Began: Aug–Nov 2016 (NY Post photos; Politico and others) | Ended: 2016 (Politico among outlets issuing photo-date correction)",https://sharylattkisson.substack.com/p/media-mistakes-in-reporting-on-donald,New York Post; Politico; other outlets,weeks of campaign recirculation,wrong photo date → implied immigration crime,correction,239,Attkisson #1. Transition/campaign period → First under term rules (2016 transition). Also: https://www.politico.com/,Proven false,https://sharylattkisson.substack.com/p/media-mistakes-in-reporting-on-donald,Outlet's own correction,Appended correction line,first,"Could not verify against a primary source, move to the watch list",Watch list (unverified),Unverified,None confirmed (watch list),https://sharylattkisson.substack.com/p/media-mistakes-in-reporting-on-donald,n/a,"The outlet's own correction or editor's note was not loaded or seen. Evidence is only secondary (other outlets, Attkisson, iMediaEthics, Poynter, or fact-checkers).",,,,B,"Evidence weaker than the catalog stated: catalog Proof_Basis ""Outlet's own correction"", but no primary proof could be confirmed.",Yes,2026-09-24 (MT)
"USA Today misstated Melania Trump's arrival date from Slovenia amid immigration-status speculation.
Began: Nov 4, 2016 (USA Today) | Ended: Correction of arrival date",https://sharylattkisson.substack.com/p/media-mistakes-in-reporting-on-donald,USA Today,days,biographical date error fueling visa narrative,correction,240,Attkisson #4. Also: https://www.usatoday.com/,Proven false,https://sharylattkisson.substack.com/p/media-mistakes-in-reporting-on-donald,Outlet's own correction,Appended correction line,first,"Could not verify against a primary source, move to the watch list",Watch list (unverified),Unverified,None confirmed (watch list),https://sharylattkisson.substack.com/p/media-mistakes-in-reporting-on-donald,n/a,"The outlet's own correction or editor's note was not loaded or seen. Evidence is only secondary (other outlets, Attkisson, iMediaEthics, Poynter, or fact-checkers).",,,,B,"Evidence weaker than the catalog stated: catalog Proof_Basis ""Outlet's own correction"", but no primary proof could be confirmed.",Yes,2026-09-24 (MT)
"NYT said Nancy Pelosi called Trump about immigration; Trump actually placed the call to Pelosi.
Began: Sep 7, 2017 (Maggie Haberman NYT) | Ended: Correction of caller direction",https://sharylattkisson.substack.com/p/media-mistakes-in-reporting-on-donald,The New York Times,days,inverted initiator of call,correction,241,Attkisson #29. Also: https://www.nytimes.com/,Proven false,https://sharylattkisson.substack.com/p/media-mistakes-in-reporting-on-donald,Outlet's own correction,Appended correction line,first,"Could not verify against a primary source, move to the watch list",Watch list (unverified),Unverified,None confirmed (watch list),https://sharylattkisson.substack.com/p/media-mistakes-in-reporting-on-donald,n/a,"The outlet's own correction or editor's note was not loaded or seen. Evidence is only secondary (other outlets, Attkisson, iMediaEthics, Poynter, or fact-checkers).",,,,B,"Evidence weaker than the catalog stated: catalog Proof_Basis ""Outlet's own correction"", but no primary proof could be confirmed.",Yes,2026-09-24 (MT)
"CNN edited Trump Japan remarks to make it seem he didn't realize Japan builds cars in the U.S.; full statement showed he did.
Began: Nov 6, 2017 (CNN Daniel Shane excerpt) | Ended: Correction/context from full remarks",https://sharylattkisson.substack.com/p/media-mistakes-in-reporting-on-donald,CNN,hours to days,deceptive edit of remarks,misleading edit corrected by full video,242,Attkisson #30. Primary = full event video/transcript. Also: https://www.c-span.org/,Proven false,https://sharylattkisson.substack.com/p/media-mistakes-in-reporting-on-donald,Original transcript/video,Appended correction line,first,"Could not verify against a primary source, move to the watch list",Watch list (unverified),Unverified,None confirmed (watch list),https://sharylattkisson.substack.com/p/media-mistakes-in-reporting-on-donald,n/a,"The outlet's own correction or editor's note was not loaded or seen. Evidence is only secondary (other outlets, Attkisson, iMediaEthics, Poynter, or fact-checkers).",,,,B,"Evidence weaker than the catalog stated: catalog Proof_Basis ""Original transcript/video"", but no primary proof could be confirmed.",Yes,2026-09-24 (MT)
"NBC reported Trump official's notes of Russian-lawyer meeting included the word 'donation' (implying campaign contributions); later corrected that 'donation' wasn't there (and Politico said 'donor' wasn't either).
Began: Aug 31, 2017 (NBC Ken Dilanian/Carol Lee) | Ended: Corrections through subsequent reporting",https://sharylattkisson.substack.com/p/media-mistakes-in-reporting-on-donald,NBC News,days to weeks,nonexistent word in notes,correction,243,Attkisson #27. Also: https://www.nbcnews.com/,Proven false,https://sharylattkisson.substack.com/p/media-mistakes-in-reporting-on-donald,Outlet's own correction,Appended correction line,first,"Could not verify against a primary source, move to the watch list",Watch list (unverified),Unverified,None confirmed (watch list),https://sharylattkisson.substack.com/p/media-mistakes-in-reporting-on-donald,n/a,"The outlet's own correction or editor's note was not loaded or seen. Evidence is only secondary (other outlets, Attkisson, iMediaEthics, Poynter, or fact-checkers).",,,,B,"Evidence weaker than the catalog stated: catalog Proof_Basis ""Outlet's own correction"", but no primary proof could be confirmed.",Yes,2026-09-24 (MT)
"Josh Rogin/WaPo reported State's entire senior administrative team resigned in protest of Trump; coverage was misleading/wrong.
Began: Jan 26, 2017 (WaPo Josh Rogin) | Ended: Jan 2017 (multiple outlets including Vox noted claim misleading/wrong)",https://sharylattkisson.substack.com/p/media-mistakes-in-reporting-on-donald,The Washington Post (Josh Rogin),days,overstated mass-resignation protest,walk-back / clarification,244,Attkisson #8. Career SES departures misframed as protest resignations. Also: https://www.washingtonpost.com/,Proven false,https://sharylattkisson.substack.com/p/media-mistakes-in-reporting-on-donald,Outlet's own correction,Appended correction line,first,"Could not verify against a primary source, move to the watch list",Watch list (unverified),Unverified,None confirmed (watch list),https://sharylattkisson.substack.com/p/media-mistakes-in-reporting-on-donald,n/a,"The outlet's own correction or editor's note was not loaded or seen. Evidence is only secondary (other outlets, Attkisson, iMediaEthics, Poynter, or fact-checkers).",,,,B,"Evidence weaker than the catalog stated: catalog Proof_Basis ""Outlet's own correction"", but no primary proof could be confirmed.",Yes,2026-09-24 (MT)
"CNBC's John Harwood reported DOJ 'had no input' on Trump's immigration EO; amended after colleagues contradicted.
Began: Jan 28, 2017 (CNBC) | Ended: Jan 2017 (Harwood amended: DOJ lawyers reportedly reviewed the order)",https://sharylattkisson.substack.com/p/media-mistakes-in-reporting-on-donald,CNBC (John Harwood),hours,false process claim,amendment / correction,245,Attkisson #9. Also: https://www.cnbc.com/,Proven false,https://sharylattkisson.substack.com/p/media-mistakes-in-reporting-on-donald,Outlet's own correction,Appended correction line,first,"Could not verify against a primary source, move to the watch list",Watch list (unverified),Unverified,None confirmed (watch list),https://sharylattkisson.substack.com/p/media-mistakes-in-reporting-on-donald,n/a,"The outlet's own correction or editor's note was not loaded or seen. Evidence is only secondary (other outlets, Attkisson, iMediaEthics, Poynter, or fact-checkers).",,,,B,"Evidence weaker than the catalog stated: catalog Proof_Basis ""Outlet's own correction"", but no primary proof could be confirmed.",Yes,2026-09-24 (MT)
"Politico/NYT/WaPo/CNN/AP/Reuters/WSJ reported Trump fired Comey shortly after Comey requested more Russia-probe resources; DOJ/Rosenstein/McCabe said that was untrue and probe was adequately resourced.
Began: May 10, 2017 (multiple outlets) | Ended: May 2017 (official denials by DOJ, Rosenstein, McCabe)",https://sharylattkisson.substack.com/p/media-mistakes-in-reporting-on-donald,Politico; New York Times; Washington Post; CNN; AP; Reuters; Wall Street Journal,days,false causal firing narrative,contradicted by official statements,246,Attkisson #17. Also: https://www.justice.gov/,Proven false,https://sharylattkisson.substack.com/p/media-mistakes-in-reporting-on-donald,Official record,Unknown,first,Reclassify as Unsupported,Unsupported,Sworn testimony + documented record search,Sworn testimony (Senate hearing record) + documented record search,https://www.govinfo.gov/content/pkg/CHRG-115shrg25888/html/CHRG-115shrg25888.htm,200,"Claim (anonymous-sourced, May 10, 2017): Comey requested more Russia-probe resources days before he was fired. On-record denial under oath: Acting FBI Director Andrew McCabe, SSCI Worldwide Threats hearing, May 11, 2017 (S. Hrg. 115-205): ""I cannot confirm that request was made ... I'm not aware of that request and it's not consistent with my understanding of how we request additional resources ... I strongly believe that the Russia investigation is adequately resourced."" Searched: the S. Hrg. 115-205 transcript and Comey's June 8, 2017 SSCI testimony (CHRG-115shrg25890: 0 mentions of ""resources""). No document, testimony or named source substantiating the request appears in those records.",,,Unsupported (separate section; never labeled a lie),,"Reclassified from Proven false: McCabe's testimony is a sworn non-confirmation, not proof the request never happened. Catalog Truth source was Attkisson (not eligible). DOJ/Rosenstein denials are reported only secondarily here.",Yes,2026-09-24 (MT)
"CNN and others reported nursing baby ripped from migrant mother's arms; CNN later acknowledged mother was not lactating.
Began: Aug 2019 (CNN/MSNBC and others) | Ended: Aug 2019 (CNN acknowledgment)",https://sharylattkisson.substack.com/p/media-mistakes-in-reporting-on-donald,CNN; MSNBC; other outlets,days,embellished family-separation anecdote,acknowledgment / correction,247,Attkisson #82. Also: https://www.cnn.com/,Proven false,https://sharylattkisson.substack.com/p/media-mistakes-in-reporting-on-donald,Outlet's own correction,On-air correction,first,"Could not verify against a primary source, move to the watch list",Watch list (unverified),Unverified,None confirmed (watch list),https://sharylattkisson.substack.com/p/media-mistakes-in-reporting-on-donald,n/a,"The outlet's own correction or editor's note was not loaded or seen. Evidence is only secondary (other outlets, Attkisson, iMediaEthics, Poynter, or fact-checkers).",,,,B,"Evidence weaker than the catalog stated: catalog Proof_Basis ""Outlet's own correction"", but no primary proof could be confirmed.",Yes,2026-09-24 (MT)
"Reuters and others cast Brian Harrison as a 'former Labradoodle breeder' plucked to lead U.S. pandemic task force; he never led the task force and had prior high-level government service.
Began: Apr 22, 2020 (Reuters and peers same-day) | Ended: Apr 2020 (clarifications of role and résumé)",https://sharylattkisson.substack.com/p/media-mistakes-in-reporting-on-donald,Reuters and other outlets,days,résumé smear / wrong title,clarification,248,Attkisson #127. Unfavorable to Trump HHS staffing. Also: https://www.reuters.com/,Proven false,https://sharylattkisson.substack.com/p/media-mistakes-in-reporting-on-donald,Outlet's own correction,Appended correction line,first,"Could not verify against a primary source, move to the watch list",Watch list (unverified),Unverified,None confirmed (watch list),https://sharylattkisson.substack.com/p/media-mistakes-in-reporting-on-donald,n/a,"The outlet's own correction or editor's note was not loaded or seen. Evidence is only secondary (other outlets, Attkisson, iMediaEthics, Poynter, or fact-checkers).",,,,B,"Evidence weaker than the catalog stated: catalog Proof_Basis ""Outlet's own correction"", but no primary proof could be confirmed.",Yes,2026-09-24 (MT)
"MSNBC wrongly reported up to 30 U.S. deaths after an Iranian rocket attack; no Americans were killed (Iranian figure).
Began: Jan 7, 2020 (MSNBC) | Ended: Jan 2020 (correction to zero U.S. deaths)",https://sharylattkisson.substack.com/p/media-mistakes-in-reporting-on-donald,MSNBC,hours to days,enemy casualty claim treated as fact,correction,249,Attkisson #110. Context of Trump Iran tensions after Soleimani. Also: https://www.msnbc.com/,Proven false,https://sharylattkisson.substack.com/p/media-mistakes-in-reporting-on-donald,Outlet's own correction,Appended correction line,first,"Could not verify against a primary source, move to the watch list",Watch list (unverified),Unverified,None confirmed (watch list),https://sharylattkisson.substack.com/p/media-mistakes-in-reporting-on-donald,n/a,"The outlet's own correction or editor's note was not loaded or seen. Evidence is only secondary (other outlets, Attkisson, iMediaEthics, Poynter, or fact-checkers).",,,,B,"Evidence weaker than the catalog stated: catalog Proof_Basis ""Outlet's own correction"", but no primary proof could be confirmed.",Yes,2026-09-24 (MT)
"CBS 60 Minutes tweeted Pompeo tried to resurrect a 'debunked' theory virus was man-made; Pompeo's full answers agreed with IC that it was not man-made/genetically modified.
Began: May 10, 2020 (CBS 60 Minutes tweet) | Ended: Full interview transcript contradiction",https://sharylattkisson.substack.com/p/media-mistakes-in-reporting-on-donald,CBS News / 60 Minutes,hours to days,inverted interview characterization,contradicted by transcript,250,Attkisson #133. Also: https://www.cbsnews.com/,Proven false,https://sharylattkisson.substack.com/p/media-mistakes-in-reporting-on-donald,Original transcript/video,Appended correction line,first,"Could not verify against a primary source, move to the watch list",Watch list (unverified),Unverified,None confirmed (watch list),https://sharylattkisson.substack.com/p/media-mistakes-in-reporting-on-donald,n/a,"The outlet's own correction or editor's note was not loaded or seen. Evidence is only secondary (other outlets, Attkisson, iMediaEthics, Poynter, or fact-checkers).",,,,B,"Evidence weaker than the catalog stated: catalog Proof_Basis ""Original transcript/video"", but no primary proof could be confirmed.",Yes,2026-09-24 (MT)
"HarperCollins UK's Entitled claimed Jeffrey Epstein facilitated Melania Trump's introduction to Donald Trump.
Began: Aug 2025 (book publicity) | Ended: Oct 8, 2025 (HarperCollins UK apology; retract passages / recall copies)",https://www.bbc.com/news/articles/c3ex07l1qvpo,HarperCollins UK publishing Andrew Lownie's Entitled,~2 months,unverified meeting-facilitation claim,publisher retraction,251,Distinct from Daily Beast Wolff retraction already in corpus. Melania memoir: Kit Kat Club 1998. BBC Apr 2026 Melania statement piece confirms Oct 2025 HarperCollins UK passage retraction. Also: https://thehill.com/homenews/administration/5544768-harpercollins-apologizes-melania-trump-epstein-claims/; https://www.axios.com/2025/10/08/harpercollins-uk-apologizes-melania-trump,Proven false,https://thehill.com/homenews/administration/5544768-harpercollins-apologizes-melania-trump-epstein-claims/,Outlet's own correction,Appended correction line,later,"Could not verify against a primary source, move to the watch list",Watch list (unverified),Unverified,None confirmed (watch list),https://thehill.com/homenews/administration/5544768-harpercollins-apologizes-melania-trump-epstein-claims/,n/a,"The outlet's own correction or editor's note was not loaded or seen. Evidence is only secondary (other outlets, Attkisson, iMediaEthics, Poynter, or fact-checkers). The Hill returned 403; BBC report of HarperCollins retraction is secondary.",,,,B,"Evidence weaker than the catalog stated: catalog Proof_Basis ""Outlet's own correction"", but no primary proof could be confirmed.",Yes,2026-09-24 (MT)
"TIME and ABC News (Australia) reported that a federal judge “ordered President Donald Trump” to restore CNN, MS NOW and Politico’s White House press access.
Began: Sep 24, 2026 (TIME article; ABC News Australia headline and summary) | Ended: No ending date (live, uncorrected as of Sep 24, 2026)",https://storage.courtlistener.com/recap/gov.uscourts.dcd.296754/gov.uscourts.dcd.296754.24.0.pdf,TIME (Callum Sutherland and Olivia-Anne Cleary); ABC News Australia (Rudi Maxwell with wires; headline and summary),"same day (live, uncorrected as of Sep 24, 2026)",misquote / truncation,false,252,"The order expressly leaves the President out. The substance (the administration was ordered to restore the passes) is accurate; the error is naming Trump as the person ordered. Low severity, but the order's text contradicts it. ABC News (US) reported it correctly (“excluding President Donald Trump”). One case per claim: TIME and ABC News Australia repeat the same error, so they share this row. ABC Australia's story is marked Reuters/ABC; Reuters' own wording was not verified, so Reuters is not named. No correction or fact-check found as of Sep 24, 2026. Claim as published: https://time.com/article/2026/09/24/judge-overturns-trump-white-house-media-ban-temporary-order-appeal/ ; https://www.abc.net.au/news/2026-09-24/us-judge-reverses-donald-trump-media-ban-cnn-politico-ms-now/107192236 Also: https://abcnews.com/US/judge-orders-white-house-restore-press-passes-cnn/story?id=136709442 ; https://www.courtlistener.com/docket/74823502/cable-news-network-inc-v-trump/
Primary record: TRO, CNN v. Trump, No. 1:26-cv-03287-TJK (D.D.C. Sep 24, 2026), ECF 24 ¶2: “Defendants (except for President Trump) and their agents, representatives, and all persons or entities acting in concert with them shall immediately return, reinstate, and restore the White House ‘hard pass’ press credentials…”",Proven false,https://storage.courtlistener.com/recap/gov.uscourts.dcd.296754/gov.uscourts.dcd.296754.24.0.pdf,Official record,Never corrected,later,Verified by SwampForce (no approved checker covered it),Proven false,Official record,Official record (TRO),https://storage.courtlistener.com/recap/gov.uscourts.dcd.296754/gov.uscourts.dcd.296754.24.0.pdf,200,"TRO (D.D.C., Sept 24, 2026, Kelly, J.): ""ORDERED that Defendants (except for President Trump) ... shall immediately return, reinstate, and restore the White House 'hard pass' press credentials"". The President was expressly excluded.",,,Verified by SwampForce,,,,2026-09-24 (MT)
"NPR said Trump “barred the Associated Press from the White House” in 2025 over the Gulf of America dispute, presenting it as a precedent for the 2026 ban on CNN, MS NOW and Politico.
Began: Sep 23, 2026 (NPR, syndicated by GPB) | Ended: No ending date (live, uncorrected as of Sep 24, 2026)",https://storage.courtlistener.com/recap/gov.uscourts.dcd.277682/gov.uscourts.dcd.277682.46.0_1.pdf,NPR (David Folkenflik; syndicated by GPB),"1+ day (live, uncorrected as of Sep 24, 2026)",omitted context,misleading / missing context,253,"In 2025 the AP was kept out of the press pool, the Oval Office, Air Force One and many East Room events, but it kept its hard passes and general access to the White House press facilities. The 2026 action revoked hard passes and blocked the whole complex, so the comparison makes the 2025 restriction look like the 2026 ban. Rated misleading, not false, because “barred” is accurate for specific events. No correction or fact-check found as of Sep 24, 2026. Claim as published: https://www.gpb.org/news/2026/09/23/major-news-outlets-banned-by-trump-will-have-their-day-in-court
Primary record: AP v. Budowich, No. 1:25-cv-00532-TNM (D.D.C. Apr. 8, 2025), ECF 46 at 9: “The parties agree that no AP employee's hard pass has been revoked”; at 12: “both parties agreed that the AP's hard pass status had been unchanged.”",Rated misleading,https://storage.courtlistener.com/recap/gov.uscourts.dcd.277682/gov.uscourts.dcd.277682.46.0_1.pdf,Official record,Never corrected,later,Verified by SwampForce (no approved checker covered it),Rated misleading,Official record,Official record (court opinion),https://storage.courtlistener.com/recap/gov.uscourts.dcd.277682/gov.uscourts.dcd.277682.46.0_1.pdf,200,"AP v. Budowich (D.D.C., Apr 8, 2025): the record describes AP excluded from Oval Office/press-pool events and Mar-a-Lago, while press-pool exclusion is distinguished from the ""hard pass"" credential allowing general access to White House press facilities. Kept Rated misleading.",,,Verified by SwampForce,,The opinion does not state in one sentence that AP kept its hard passes; the inference is from the pool/hard-pass distinction. Moderate strength.,,2026-09-24 (MT)
