Claim,Truth_Source_URL,Who_Pushed_It,Approximate_Duration,Deception_Form,Category_Tag,Item_ID,Notes,Evidence_Level,Primary_Source_URL,Proof_Basis,Correction_Visibility,Term,Outcome,Adjusted_Evidence_Level,Adjusted_Proof_Basis,Verification_Method,Verification_Source_URL,Source_Loaded,Verification_Note,Independent_Confirmation_Name,Independent_Confirmation_URL,Site_Label,Watchlist_Category,Flag,Evidence_Weaker_Than_Catalog,Verified_At
"Photos of children in chain-link holding cells showed what was “happening right now” under Trump.
Began: May 27, 2018 | Ended: May 27, 2018 (Favreau correction/delete)",https://politifact.com/factchecks/2018/may/29/donald-trump/trump-correctly-tweets-democrats-mistakenly-tweete/,Jon Favreau (former Obama speechwriter); Antonio Villaraigosa; other activists/journalists who shared the images as current Trump-era scenes,"~hours until corrections/deletes (May 27, 2018)",false photo/video attribution,false,3,,Proven false,,Outlet's own correction,Appended correction line,first,"Could not verify against a primary source, move to the watch list",Watch list (unverified),Unverified,None confirmed (watch list),https://politifact.com/factchecks/2018/may/29/donald-trump/trump-correctly-tweets-democrats-mistakenly-tweete/,n/a,"Viral media (video/photo/screenshot). No primary record (original footage, metadata, or an official statement) was available to establish authenticity or date; the case rests on fact-checker analysis. Needs the June 2014 photo records or the outlet's own clarification; not located.",,,,A,"Evidence weaker than the catalog stated: catalog Proof_Basis ""Outlet's own correction"", but no primary proof could be confirmed.",Yes,2026-09-24 (MT)
"Early framing that MAGA-hatted Covington students instigated conflict, blocked Nathan Phillips, taunted him, and chanted “Build that wall”.
Began: Jan 19, 2019 | Ended: Mar 1, 2019 (WaPo editor’s note)",https://www.washingtonpost.com/nation/2019/03/01/editors-note-related-lincoln-memorial-incident/,"The Washington Post, CNN, and other major outlets; viral social amplification","weeks until WaPo editor’s note (Mar 1, 2019); settlements 2020",premature “proven” framing / retracted invention (+ later via editor’s note settlements),retracted/corrected,4,CNN and WaPo settlements; terms largely confidential,Proven false,https://storage.courtlistener.com/recap/gov.uscourts.kyed.88372/gov.uscourts.kyed.88372.81.0.pdf,Official record,Retraction after legal threat/settlement,first,"Could not verify against a primary source, move to the watch list",Watch list (unverified),Unverified,None confirmed (watch list),https://storage.courtlistener.com/recap/gov.uscourts.kyed.88372/gov.uscourts.kyed.88372.81.0.pdf,n/a,"The outlet's own correction or editor's note was not loaded or seen. Evidence is only secondary (other outlets, Attkisson, iMediaEthics, Poynter, or fact-checkers). Catalog PRIM is a stipulation of dismissal (no factual findings). WaPo's Mar 1, 2019 editor's note (the outlet's own correction) timed out through both curl and WebFetch.",,,,B,"Evidence weaker than the catalog stated: catalog Proof_Basis ""Official record"", but no primary proof could be confirmed.",Yes,2026-09-24 (MT)
"Linked Trump ally Anthony Scaramucci to a Russian investment fund in a way CNN later said did not meet standards.
Began: Jun 22, 2017 | Ended: Jun 23, 2017 (CNN retraction)",https://apnews.com/article/b38b7c50ea64423f96c40cca24221b15,"CNN (online investigative story, June 2017)","~1 day until CNN retraction (Jun 23, 2017)",retracted invention,retracted/corrected,5,,Proven false,https://apnews.com/article/b38b7c50ea64423f96c40cca24221b15,Outlet's own correction,Appended correction line,first,"Could not verify against a primary source, move to the watch list",Watch list (unverified),Unverified,None confirmed (watch list),https://apnews.com/article/b38b7c50ea64423f96c40cca24221b15,n/a,"The outlet's own correction or editor's note was not loaded or seen. Evidence is only secondary (other outlets, Attkisson, iMediaEthics, Poynter, or fact-checkers). AP report of CNN's retraction is secondary; CNN's own editor's note not loaded.",,,,B,"Evidence weaker than the catalog stated: catalog Proof_Basis ""Outlet's own correction"", but no primary proof could be confirmed.",Yes,2026-09-24 (MT)
"Email gave Trump campaign advance access to WikiLeaks documents (implied pre-release tip on Sept. 4, 2016).
Began: Dec 8, 2017 | Ended: Dec 8, 2017 (CNN correction)",https://money.cnn.com/2017/12/08/media/cnn-correction-email-story/index.html,CNN (Dec. 2017),"hours–same day until CNN correction (Dec 8, 2017)",retracted invention,retracted/corrected,6,,Proven false,https://money.cnn.com/2017/12/08/media/cnn-correction-email-story/index.html,Outlet's own correction,Appended correction line,first,"Could not verify against a primary source, move to the watch list",Watch list (unverified),Unverified,None confirmed (watch list),https://money.cnn.com/2017/12/08/media/cnn-correction-email-story/index.html,n/a,"The outlet's own correction or editor's note was not loaded or seen. Evidence is only secondary (other outlets, Attkisson, iMediaEthics, Poynter, or fact-checkers). CNN Money page returned 503.",,,,B,"Evidence weaker than the catalog stated: catalog Proof_Basis ""Outlet's own correction"", but no primary proof could be confirmed.",Yes,2026-09-24 (MT)
"Comey would refute Trump’s claim that Comey told him he was not personally under investigation.
Began: Jun 6, 2017 | Ended: Jun 7, 2017 (CNN correction)",https://www.washingtonpost.com/blogs/erik-wemple/wp/2017/06/07/cnn-corrects-comey-testimony-prediction-story/,"CNN (June 2017, ahead of Comey testimony)","~1 day until CNN correction (Jun 7, 2017)",retracted invention,retracted/corrected,7,,Proven false,https://www.washingtonpost.com/blogs/erik-wemple/wp/2017/06/07/cnn-corrects-comey-testimony-prediction-story/,Outlet's own correction,Appended correction line,first,"Could not verify against a primary source, move to the watch list",Watch list (unverified),Unverified,None confirmed (watch list),https://www.washingtonpost.com/blogs/erik-wemple/wp/2017/06/07/cnn-corrects-comey-testimony-prediction-story/,n/a,"The outlet's own correction or editor's note was not loaded or seen. Evidence is only secondary (other outlets, Attkisson, iMediaEthics, Poynter, or fact-checkers). WaPo (Erik Wemple) report about CNN's correction is secondary; CNN's own correction was not loaded (WaPo also timed out).",,,,B,"Evidence weaker than the catalog stated: catalog Proof_Basis ""Outlet's own correction"", but no primary proof could be confirmed.",Yes,2026-09-24 (MT)
"Flynn prepared to testify that candidate Trump directed him to contact Russians during the campaign.
Began: Dec 1, 2017 | Ended: Dec 1, 2017 (ABC correction)",https://apnews.com/article/78440c185b7c49b39573257ad3353295,"ABC News, Brian Ross (Dec. 1, 2017 special report)",hours (same-day ABC correction; Ross suspended Dec 2),retracted invention (timeline error with major implications),retracted/corrected,8,,Proven false,https://apnews.com/article/78440c185b7c49b39573257ad3353295,Outlet's own correction,Appended correction line,first,"Could not verify against a primary source, move to the watch list",Watch list (unverified),Unverified,None confirmed (watch list),https://apnews.com/article/78440c185b7c49b39573257ad3353295,n/a,"The outlet's own correction or editor's note was not loaded or seen. Evidence is only secondary (other outlets, Attkisson, iMediaEthics, Poynter, or fact-checkers). AP quotes ABC's apology (""We deeply regret and apologize for the serious error""), but this is secondary; ABC's own correction page was not loaded.",,,,B,"Evidence weaker than the catalog stated: catalog Proof_Basis ""Outlet's own correction"", but no primary proof could be confirmed.",Yes,2026-09-24 (MT)
"ICE agents showed up at Hamline Elementary School.
Began: Jan 24, 2025 | Ended: Jan 24, 2025 (CPS/Secret Service clarification)",https://www.cbsnews.com/chicago/news/hamline-school-immigration-raid-chicago-ice-agents/,Chicago Public Schools leaders (and media echoing); Gov. JB Pritzker and others amplified ICE-raid fears,"hours–same day until CPS/Secret Service clarification (Jan 24, 2025)",false attribution of words/intent / retracted invention,false / retracted/corrected,19,,Proven false,,Fact-check only,Never corrected — fact-checked only,later,"Could not verify against a primary source, move to the watch list",Watch list (unverified),Unverified,None confirmed (watch list),https://www.cbsnews.com/chicago/news/hamline-school-immigration-raid-chicago-ice-agents/,n/a,"Viral media (video/photo/screenshot). No primary record (original footage, metadata, or an official statement) was available to establish authenticity or date; the case rests on fact-checker analysis. CPS's ""misunderstanding"" statement found only as reproduced by CBS/NBC; no CPS or Secret Service primary posting located.",,,,A,,,2026-09-24 (MT)
"Tweet framing of Megyn Kelly–Putin interview overstated what Putin said regarding compromising info on Trump.
Began: Jun 5, 2017 | Ended: Jun 5, 2017 (NBC correction)",https://www.poynter.org/fact-checking/2017/not-fake-news-just-plain-wrong-top-media-corrections-of-2017/,NBC News (June 2017 tweet),"hours–same day until NBC correction (Jun 5, 2017)",misquote / truncation / retracted invention,retracted/corrected,21,,Proven false,,Outlet's own correction,Appended correction line,first,"Could not verify against a primary source, move to the watch list",Watch list (unverified),Unverified,None confirmed (watch list),https://www.poynter.org/fact-checking/2017/not-fake-news-just-plain-wrong-top-media-corrections-of-2017/,n/a,"The outlet's own correction or editor's note was not loaded or seen. Evidence is only secondary (other outlets, Attkisson, iMediaEthics, Poynter, or fact-checkers).",,,,B,"Evidence weaker than the catalog stated: catalog Proof_Basis ""Outlet's own correction"", but no primary proof could be confirmed.",Yes,2026-09-24 (MT)
"Speculative story connecting an Obama Hawaii trip to judicial action on Trump’s travel ban.
Began: Mar 2017 | Ended: Mar 16, 2017 (IJR retraction)",https://www.poynter.org/fact-checking/2017/not-fake-news-just-plain-wrong-top-media-corrections-of-2017/,Independent Journal Review (2017),"days until IJR retraction (Mar 16, 2017)",retracted invention,retracted/corrected,22,,Proven false,,Outlet's own correction,Appended correction line,first,"Could not verify against a primary source, move to the watch list",Watch list (unverified),Unverified,None confirmed (watch list),https://www.poynter.org/fact-checking/2017/not-fake-news-just-plain-wrong-top-media-corrections-of-2017/,n/a,"The outlet's own correction or editor's note was not loaded or seen. Evidence is only secondary (other outlets, Attkisson, iMediaEthics, Poynter, or fact-checkers).",,,,B,"Evidence weaker than the catalog stated: catalog Proof_Basis ""Outlet's own correction"", but no primary proof could be confirmed.",Yes,2026-09-24 (MT)
"Implied timing that the cage photos were contemporary Trump policy images.
Began: May 2018 | Ended: May 2018 (Silverstein acknowledgment)",https://politifact.com/factchecks/2018/may/29/donald-trump/trump-correctly-tweets-democrats-mistakenly-tweete/,Jake Silverstein (NYT Magazine editor-in-chief) and others who retweeted 2014 photos implying they were current Trump-era images,hours–days until acknowledgment (May 2018),false photo/video attribution,false / retracted/corrected,28,,Proven false,,Fact-check only,Never corrected — fact-checked only,first,"Could not verify against a primary source, move to the watch list",Watch list (unverified),Unverified,None confirmed (watch list),https://politifact.com/factchecks/2018/may/29/donald-trump/trump-correctly-tweets-democrats-mistakenly-tweete/,n/a,"Viral media (video/photo/screenshot). No primary record (original footage, metadata, or an official statement) was available to establish authenticity or date; the case rests on fact-checker analysis. Needs the June 2014 photo records; not located.",,,,A,,,2026-09-24 (MT)
"Tweet expressing horror at cage photos as if depicting then-current Trump admin conditions (“Speechless. This is not who we are as a nation.”).
Began: May 2018 | Ended: Not clearly documented",https://apnews.com/article/a98f26f7c9424b44b7fa927ea1acd4d4,Antonio Villaraigosa (then CA gubernatorial candidate),Not clearly documented,false photo/video attribution,false,29,,Proven false,https://apnews.com/article/a98f26f7c9424b44b7fa927ea1acd4d4,Fact-check only,Never corrected — fact-checked only,first,"Could not verify against a primary source, move to the watch list",Watch list (unverified),Unverified,None confirmed (watch list),https://apnews.com/article/a98f26f7c9424b44b7fa927ea1acd4d4,n/a,"Viral media (video/photo/screenshot). No primary record (original footage, metadata, or an official statement) was available to establish authenticity or date; the case rests on fact-checker analysis. Original June 2014 AP/Arizona Republic photo records not located; AP is also the subject (barred as confirmer).",,,,A,,,2026-09-24 (MT)
"Initial piece harshly condemning Covington students based on incomplete video.
Began: Jan 2019 | Ended: Jan 22, 2019 (National Review apology/retraction)",https://www.washingtonpost.com/nation/2019/03/01/editors-note-related-lincoln-memorial-incident/,National Review (Jan. 2019),"days until National Review retraction (Jan 22, 2019)",premature “proven” framing / retracted invention,retracted/corrected,30,,Proven false,https://www.washingtonpost.com/nation/2019/03/01/editors-note-related-lincoln-memorial-incident/,Outlet's own correction,Appended correction line,first,"Could not verify against a primary source, move to the watch list",Watch list (unverified),Unverified,None confirmed (watch list),https://www.washingtonpost.com/nation/2019/03/01/editors-note-related-lincoln-memorial-incident/,n/a,"The outlet's own correction or editor's note was not loaded or seen. Evidence is only secondary (other outlets, Attkisson, iMediaEthics, Poynter, or fact-checkers). The loaded WaPo editor's note covers WaPo's coverage, not National Review's; National Review's own retraction was not located.",,,,B,"Evidence weaker than the catalog stated: catalog Proof_Basis ""Outlet's own correction"", but no primary proof could be confirmed.",Yes,2026-09-24 (MT)
"Unverified allegation that Russian oligarchs secretly guaranteed / co-signed Trump’s Deutsche Bank loans.
Began: Aug 27, 2019 | Ended: Aug 28, 2019 (O’Donnell retraction)",https://apnews.com/article/5f32c14a803e43359dff5e8151dade4c,"Lawrence O’Donnell, MSNBC (Aug. 27, 2019 broadcast)","~1 day until O’Donnell retraction (Aug 28, 2019)",retracted invention,retracted/corrected,34,,Proven false,https://apnews.com/article/5f32c14a803e43359dff5e8151dade4c,Outlet's own correction,Appended correction line,first,"Could not verify against a primary source, move to the watch list",Watch list (unverified),Unverified,None confirmed (watch list),https://apnews.com/article/5f32c14a803e43359dff5e8151dade4c,n/a,"The outlet's own correction or editor's note was not loaded or seen. Evidence is only secondary (other outlets, Attkisson, iMediaEthics, Poynter, or fact-checkers). AP report of O'Donnell's retraction is secondary; MSNBC's own retraction not loaded.",,,,B,"Evidence weaker than the catalog stated: catalog Proof_Basis ""Outlet's own correction"", but no primary proof could be confirmed.",Yes,2026-09-24 (MT)
"Martin Luther King Jr. bust had been removed from the Oval Office under Trump.
Began: Jan 20, 2017 | Ended: Jan 20, 2017 (TIME/Miller correction)",https://politifact.com/article/2017/jan/22/context-winston-churchill-and-mlk-busts/,TIME; pool reporter Zeke Miller (Jan. 2017),"minutes–hours (same-day correction, Jan 20, 2017)",retracted invention / false photo/video attribution (visual misread),retracted/corrected,37,,Proven false,,Outlet's own correction,Appended correction line,first,"Could not verify against a primary source, move to the watch list",Watch list (unverified),Unverified,None confirmed (watch list),https://politifact.com/article/2017/jan/22/context-winston-churchill-and-mlk-busts/,n/a,"The outlet's own correction or editor's note was not loaded or seen. Evidence is only secondary (other outlets, Attkisson, iMediaEthics, Poynter, or fact-checkers).",,,,B,"Evidence weaker than the catalog stated: catalog Proof_Basis ""Outlet's own correction"", but no primary proof could be confirmed.",Yes,2026-09-24 (MT)
"Russian government hackers penetrated the U.S. electricity grid through a Vermont utility.
Began: Dec 30, 2016 | Ended: Jan 2, 2017 (WaPo follow-up/correction)",https://www.snopes.com/fact-check/report-vermont-power-grid-infiltrated-by-russian-hackers/,"The Washington Post (Dec. 30, 2016; early Trump-transition coverage widely used against Trump–Russia narrative climate)","days until WaPo correction/follow-up (Jan 2, 2017)",premature “proven” framing / retracted invention,retracted/corrected,38,,Proven false,,Outlet's own correction,Appended correction line,first,"Could not verify against a primary source, move to the watch list",Watch list (unverified),Unverified,None confirmed (watch list),https://www.snopes.com/fact-check/report-vermont-power-grid-infiltrated-by-russian-hackers/,n/a,"The outlet's own correction or editor's note was not loaded or seen. Evidence is only secondary (other outlets, Attkisson, iMediaEthics, Poynter, or fact-checkers).",,,,B,"Evidence weaker than the catalog stated: catalog Proof_Basis ""Outlet's own correction"", but no primary proof could be confirmed.",Yes,2026-09-24 (MT)
"Identified Belarusian-American businessman Sergei Millian as a key Steele dossier source for Trump–Russia allegations.
Began: Mar 2017 | Ended: Nov 12, 2021 (WaPo removed portions)",https://www.washingtonpost.com/lifestyle/style/media-washington-post-steele-dossier/2021/11/12/f7c9b770-43d5-11ec-a88e-2aa4632af69b_story.html,The Washington Post (2017 and 2019 stories),"years until large portions removed (Nov 12, 2021)",retracted invention,retracted/corrected,39,Post removed large portions after Danchenko indictment; editor’s notes added,Proven false,,Fact-check only,Editor's note at bottom of article,first,"Could not verify against a primary source, move to the watch list",Watch list (unverified),Unverified,None confirmed (watch list),https://www.washingtonpost.com/lifestyle/style/media-washington-post-steele-dossier/2021/11/12/f7c9b770-43d5-11ec-a88e-2aa4632af69b_story.html,n/a,"The outlet's own correction or editor's note was not loaded or seen. Evidence is only secondary (other outlets, Attkisson, iMediaEthics, Poynter, or fact-checkers).",,,,B,,,2026-09-24 (MT)
"Early framing that Manafort wanted polling data passed to Russian oligarch Oleg Deripaska.
Began: Jan 8, 2019 | Ended: Jan 9, 2019 (NYT correction)",https://www.nytimes.com/2019/01/08/us/politics/manafort-trump-campaign-data-kilimnik.html,The New York Times (Jan. 2019),"~1 day until NYT correction (Jan 9, 2019)",retracted invention,retracted/corrected,40,,Proven false,https://www.nytimes.com/2019/01/08/us/politics/manafort-trump-campaign-data-kilimnik.html,Outlet's own correction,Appended correction line,first,"Could not verify against a primary source, move to the watch list",Watch list (unverified),Unverified,None confirmed (watch list),https://www.nytimes.com/2019/01/08/us/politics/manafort-trump-campaign-data-kilimnik.html,n/a,"The outlet's own correction or editor's note was not loaded or seen. Evidence is only secondary (other outlets, Attkisson, iMediaEthics, Poynter, or fact-checkers). NYT page returned 403.",,,,B,"Evidence weaker than the catalog stated: catalog Proof_Basis ""Outlet's own correction"", but no primary proof could be confirmed.",Yes,2026-09-24 (MT)
"Federal investigators had a wiretap on Cohen’s phones (implying listening to calls), including a White House-linked call.
Began: May 3, 2018 | Ended: May 3, 2018 (NBC correction)",https://apnews.com/general-news-television-02654755a4464a05b7fe68cc507a45d0,"NBC News (May 3, 2018)","hours (same-day NBC correction, May 3, 2018)",retracted invention,retracted/corrected,49,,Proven false,https://apnews.com/general-news-television-02654755a4464a05b7fe68cc507a45d0,Outlet's own correction,Appended correction line,first,"Could not verify against a primary source, move to the watch list",Watch list (unverified),Unverified,None confirmed (watch list),https://apnews.com/general-news-television-02654755a4464a05b7fe68cc507a45d0,n/a,"The outlet's own correction or editor's note was not loaded or seen. Evidence is only secondary (other outlets, Attkisson, iMediaEthics, Poynter, or fact-checkers). AP report of ABC's correction is secondary.",,,,B,"Evidence weaker than the catalog stated: catalog Proof_Basis ""Outlet's own correction"", but no primary proof could be confirmed.",Yes,2026-09-24 (MT)
"Footage presented as depicting Turkish military attack on Kurds in Syria amid criticism of Trump’s Syria withdrawal.
Began: Oct 13, 2019 | Ended: Oct 14, 2019 (ABC apology)",https://apnews.com/arts-and-entertainment-general-news-television-programs-a2685a2439e6425d8d46db2bb1aa3f7a,"ABC News (World News Tonight; GMA, Oct. 2019)","~1 day until ABC apology (Oct 14, 2019)",false photo/video attribution,retracted/corrected / false,51,"Footage was from Knob Creek Machine Gun Shoot, Kentucky, not Syria (ABC later regretted the error). Aired during Turkey's offensive after Trump's Syria pullback; Snopes also documented ABC's regret statement. Also: https://www.snopes.com/fact-check/abc-video-syrian-war-footage/; https://www.usatoday.com/story/news/world/2019/10/15/abc-news-airs-knob-creek-kentucky-gun-range-video-as-syria-bombing/3984400002/",Proven false,https://apnews.com/arts-and-entertainment-general-news-television-programs-a2685a2439e6425d8d46db2bb1aa3f7a,Outlet's own correction,Appended correction line,first,"Could not verify against a primary source, move to the watch list",Watch list (unverified),Unverified,None confirmed (watch list),https://apnews.com/arts-and-entertainment-general-news-television-programs-a2685a2439e6425d8d46db2bb1aa3f7a,n/a,"The outlet's own correction or editor's note was not loaded or seen. Evidence is only secondary (other outlets, Attkisson, iMediaEthics, Poynter, or fact-checkers). AP report of ABC's apology (Kentucky gun-range footage) is secondary; ABC's own statement not loaded.",,,,B,"Evidence weaker than the catalog stated: catalog Proof_Basis ""Outlet's own correction"", but no primary proof could be confirmed.",Yes,2026-09-24 (MT)
"Facility used incinerators / death-camp apparatus under Trump-era enforcement.
Began: 2025 | Ended: Not clearly documented",https://politifact.com/article/2025/jul/10/incinerators-alligator-alcatraz-florida/,Viral social posts and some activist amplification about Florida immigration detention (2025),Not clearly documented,inflammatory false premise / retracted invention (debunked rumor),false / inflammatory+false,53,,Proven false,,Fact-check only,Never corrected — fact-checked only,later,"Could not verify against a primary source, move to the watch list",Watch list (unverified),Unverified,None confirmed (watch list),https://politifact.com/article/2025/jul/10/incinerators-alligator-alcatraz-florida/,n/a,"Viral media (video/photo/screenshot). No primary record (original footage, metadata, or an official statement) was available to establish authenticity or date; the case rests on fact-checker analysis.",,,,A,,,2026-09-24 (MT)
"Edit presented as continuous speech: Trump urging march to the Capitol and “we fight like hell,” implying a direct call for violent action.
Began: Oct 28, 2024 | Ended: Nov 13, 2025 (BBC apology)",https://apnews.com/article/britain-bbc-crisis-trump-panorama-a392fb275af25216ea23537c6f4347e4,"BBC Panorama (“Trump: A Second Chance?”), aired ahead of 2024 U.S. election; BBC Chair Samir Shah apology Nov. 2025","~1 year until BBC apology (Nov 13, 2025)",misquote / truncation / omitted context,retracted/corrected / misleading,58,,Proven false,https://apnews.com/article/britain-bbc-crisis-trump-panorama-a392fb275af25216ea23537c6f4347e4,Outlet's own correction,Appended correction line,later,"Could not verify against a primary source, move to the watch list",Watch list (unverified),Unverified,None confirmed (watch list),https://apnews.com/article/britain-bbc-crisis-trump-panorama-a392fb275af25216ea23537c6f4347e4,n/a,"The outlet's own correction or editor's note was not loaded or seen. Evidence is only secondary (other outlets, Attkisson, iMediaEthics, Poynter, or fact-checkers). AP report of the BBC admission is secondary; the BBC chair's own letter was not loaded.",,,,B,"Evidence weaker than the catalog stated: catalog Proof_Basis ""Outlet's own correction"", but no primary proof could be confirmed.",Yes,2026-09-24 (MT)
"White House adviser Kevin Hassett said Trump was considering a 90-day pause on tariffs (except China).
Began: Apr 7, 2025 | Ended: Apr 7, 2025 (Reuters/CNBC withdrawal)",https://www.nbcnews.com/business/markets/errant-headline-tariffs-pause-briefly-sent-stocks-soaring-rcna200004,Reuters (withdrawn story); CNBC on-air banner amplifying unverified claim about Kevin Hassett,"hours (same-day withdrawal, Apr 7, 2025)",retracted invention,retracted/corrected,59,,Proven false,,Fact-check only,Never corrected — fact-checked only,later,"Could not verify against a primary source, move to the watch list",Watch list (unverified),Unverified,None confirmed (watch list),https://www.nbcnews.com/business/markets/errant-headline-tariffs-pause-briefly-sent-stocks-soaring-rcna200004,n/a,"The primary record (agency data, official document, transcript) needed to test the claim was not reached or located in this pass. The case rests on fact-checker reporting only.",,,,C,,,2026-09-24 (MT)
"Trump’s CIA nominee Gina Haspel ran the Thailand black site during Abu Zubaydah’s waterboarding and mocked his suffering.
Began: Feb 2017 | Ended: Mar 15, 2018 (ProPublica correction)",https://apnews.com/article/europe-carter-page-cia-925492c0b3dce9c347bdcd46658d1543,"ProPublica (Feb. 2017; major correction Mar. 15, 2018 amid Haspel CIA-director nomination)","~1 year until ProPublica major correction (Mar 15, 2018)",retracted invention,retracted/corrected,61,,Proven false,https://apnews.com/article/europe-carter-page-cia-925492c0b3dce9c347bdcd46658d1543,Outlet's own correction,Appended correction line,first,"Could not verify against a primary source, move to the watch list",Watch list (unverified),Unverified,None confirmed (watch list),https://apnews.com/article/europe-carter-page-cia-925492c0b3dce9c347bdcd46658d1543,n/a,"The outlet's own correction or editor's note was not loaded or seen. Evidence is only secondary (other outlets, Attkisson, iMediaEthics, Poynter, or fact-checkers).",,,,B,"Evidence weaker than the catalog stated: catalog Proof_Basis ""Outlet's own correction"", but no primary proof could be confirmed.",Yes,2026-09-24 (MT)
"Trump was “talking about exterminating Latinos”.
Began: Aug 5, 2019 | Ended: Aug 6, 2019 (Wallace apology)",https://www.politifact.com/factchecks/2019/aug/08/nicolle-wallace/no-trump-hasnt-talked-about-exterminating-latinos/,"Nicolle Wallace, MSNBC (Aug. 2019, after El Paso)","~1 day until Wallace apology (Aug 6, 2019)",false attribution of words/intent / inflammatory false premise,false / retracted/corrected,62,,Proven false,,Outlet's own correction,Appended correction line,first,"Could not verify against a primary source, move to the watch list",Watch list (unverified),Unverified,None confirmed (watch list),https://www.politifact.com/factchecks/2019/aug/08/nicolle-wallace/no-trump-hasnt-talked-about-exterminating-latinos/,n/a,"The outlet's own correction or editor's note was not loaded or seen. Evidence is only secondary (other outlets, Attkisson, iMediaEthics, Poynter, or fact-checkers).",,,,B,"Evidence weaker than the catalog stated: catalog Proof_Basis ""Outlet's own correction"", but no primary proof could be confirmed.",Yes,2026-09-24 (MT)
"Framing via shortened clip that AG Barr’s Flynn dismissal undermined rule of law / was lawless.
Began: May 10, 2020 | Ended: May 12, 2020 (Todd/NBC apology)",https://apnews.com/article/731c44e0e4e5492ce4d52c717609b7f4,NBC Meet the Press; Chuck Todd (May 2020),"days until Todd/NBC on-air apology (May 12, 2020)",omitted context / misquote / truncation,retracted/corrected / misleading,63,,Proven false,https://apnews.com/article/731c44e0e4e5492ce4d52c717609b7f4,Outlet's own correction,Appended correction line,first,"Could not verify against a primary source, move to the watch list",Watch list (unverified),Unverified,None confirmed (watch list),https://apnews.com/article/731c44e0e4e5492ce4d52c717609b7f4,n/a,"The outlet's own correction or editor's note was not loaded or seen. Evidence is only secondary (other outlets, Attkisson, iMediaEthics, Poynter, or fact-checkers). AP quotes NBC's ""we regret the error"", but this is secondary.",,,,B,"Evidence weaker than the catalog stated: catalog Proof_Basis ""Outlet's own correction"", but no primary proof could be confirmed.",Yes,2026-09-24 (MT)
"Photo implying sparse attendance at Trump’s Pensacola rally.
Began: Dec 8, 2017 | Ended: Dec 8, 2017 (Weigel delete/apology)",https://apnews.com/united-states-government-national-ec42044634284abc8942d93f4a1299e4,"Dave Weigel, Washington Post (Dec. 8, 2017 tweet)","hours (same-day delete/apology, Dec 8, 2017)",false photo/video attribution / omitted context,retracted/corrected,64,,Proven false,https://apnews.com/united-states-government-national-ec42044634284abc8942d93f4a1299e4,Outlet's own correction,Appended correction line,first,"Could not verify against a primary source, move to the watch list",Watch list (unverified),Unverified,None confirmed (watch list),https://apnews.com/united-states-government-national-ec42044634284abc8942d93f4a1299e4,n/a,"The outlet's own correction or editor's note was not loaded or seen. Evidence is only secondary (other outlets, Attkisson, iMediaEthics, Poynter, or fact-checkers). AP report of Weigel deleting the photo is secondary.",,,,B,"Evidence weaker than the catalog stated: catalog Proof_Basis ""Outlet's own correction"", but no primary proof could be confirmed.",Yes,2026-09-24 (MT)
"That State’s entire senior management team “just resigned” as protest against Trump.
Began: Jan 26, 2017 | Ended: Jan 27, 2017 (context reporting)",https://www.snopes.com/news/2017/01/26/senior-state-department-officials-resign/,"Josh Rogin, Washington Post (Jan. 26, 2017 blog/headline framing); viral amplification as mass anti-Trump revolt","days of viral framing until context reporting (Jan 27, 2017)",omitted context / policy-scope inflation,misleading,65,,Rated misleading,,Fact-check only,Never corrected — fact-checked only,first,"Could not verify against a primary source, move to the watch list",Watch list (unverified),Unverified,None confirmed (watch list),https://www.snopes.com/news/2017/01/26/senior-state-department-officials-resign/,n/a,"The primary record (agency data, official document, transcript) needed to test the claim was not reached or located in this pass. The case rests on fact-checker reporting only. State Dept statement (Toner, Jan 26, 2017) not located on a state.gov archive.",,,,C,,,2026-09-24 (MT)
"Special Counsel Mueller had subpoenaed Deutsche Bank for Trump’s personal/family bank records.
Began: Dec 5, 2017 | Ended: Dec 6, 2017 (Bloomberg/WSJ corrections)",https://www.reuters.com/article/world/trump-lawyer-denies-deutsche-bank-got-subpoena-on-trump-accounts-idUSKBN1DZ0XH/,"Bloomberg News; Wall Street Journal (Dec. 5, 2017)","~1 day until Bloomberg/WSJ corrections (Dec 6, 2017)",retracted invention,retracted/corrected,67,,Proven false,https://www.reuters.com/article/world/trump-lawyer-denies-deutsche-bank-got-subpoena-on-trump-accounts-idUSKBN1DZ0XH/,Outlet's own correction,Appended correction line,first,"Could not verify against a primary source, move to the watch list",Watch list (unverified),Unverified,None confirmed (watch list),https://www.reuters.com/article/world/trump-lawyer-denies-deutsche-bank-got-subpoena-on-trump-accounts-idUSKBN1DZ0XH/,n/a,"The outlet's own correction or editor's note was not loaded or seen. Evidence is only secondary (other outlets, Attkisson, iMediaEthics, Poynter, or fact-checkers). Reuters returned 401; Deutsche Bank/Reuters correction not seen.",,,,B,"Evidence weaker than the catalog stated: catalog Proof_Basis ""Outlet's own correction"", but no primary proof could be confirmed.",Yes,2026-09-24 (MT)
"Cover package used Yanela Sanchez’s crying photo to symbolize Trump family-separation policy in a way that implied this child was taken from her mother.
Began: Jun 2018 | Ended: Jun 19, 2018 (TIME article-line correction)",https://apnews.com/article/685ff48c1b814f1fb8c32f62ea6dcb91,TIME magazine (June 2018 cover; related online text),"days until TIME article-line correction (Jun 19, 2018)",false photo/video attribution / omitted context,misleading / false,68,TIME corrected “carried away” line; defended symbolic cover use,Rated misleading,https://apnews.com/article/685ff48c1b814f1fb8c32f62ea6dcb91,Outlet's own correction,Appended correction line,first,"Could not verify against a primary source, move to the watch list",Watch list (unverified),Unverified,None confirmed (watch list),https://apnews.com/article/685ff48c1b814f1fb8c32f62ea6dcb91,n/a,"The outlet's own correction or editor's note was not loaded or seen. Evidence is only secondary (other outlets, Attkisson, iMediaEthics, Poynter, or fact-checkers). AP quotes Time's correction, but this is secondary; Time's own page not loaded.",,,,B,"Evidence weaker than the catalog stated: catalog Proof_Basis ""Outlet's own correction"", but no primary proof could be confirmed.",Yes,2026-09-24 (MT)
"Pressed Trump that South Korea had done ~5× more COVID tests per capita than the U.S.
Began: Apr 28, 2020 | Ended: Apr 28, 2020 (Birx correction + Walker apology)",https://apnews.com/arts-and-entertainment-general-news-8abb428b94c45a621c80a82eba8e3ea7,"Hunter Walker, Yahoo News (Apr. 28, 2020 Oval Office exchange)","hours (same-briefing Birx correction + apology, Apr 28, 2020)",retracted invention,retracted/corrected,70,,Proven false,https://apnews.com/arts-and-entertainment-general-news-8abb428b94c45a621c80a82eba8e3ea7,Outlet's own correction,Appended correction line,first,"Could not verify against a primary source, move to the watch list",Watch list (unverified),Unverified,None confirmed (watch list),https://apnews.com/arts-and-entertainment-general-news-8abb428b94c45a621c80a82eba8e3ea7,n/a,"The outlet's own correction or editor's note was not loaded or seen. Evidence is only secondary (other outlets, Attkisson, iMediaEthics, Poynter, or fact-checkers). AP report of the reporter's apology tweet is secondary.",,,,B,"Evidence weaker than the catalog stated: catalog Proof_Basis ""Outlet's own correction"", but no primary proof could be confirmed.",Yes,2026-09-24 (MT)
"Video of overcrowded hospital ward presented in reporting on New York (and later Pennsylvania) COVID crisis.
Began: Mar 25, 2020 | Ended: Mar 30, 2020 (CBS admitted error/removal)",https://www.snopes.com/fact-check/cbs-news-italian-hospital/,CBS This Morning; CBS News (late Mar–Apr 2020),"days until CBS removed clip / admitted error (Mar 30, 2020)",false photo/video attribution,retracted/corrected / false,71,,Proven false,,Fact-check only,Never corrected — fact-checked only,first,"Could not verify against a primary source, move to the watch list",Watch list (unverified),Unverified,None confirmed (watch list),https://www.snopes.com/fact-check/cbs-news-italian-hospital/,n/a,"Viral media (video/photo/screenshot). No primary record (original footage, metadata, or an official statement) was available to establish authenticity or date; the case rests on fact-checker analysis.",,,,A,,,2026-09-24 (MT)
"Broadcast a photo of Trump with Laura Loomer as authentic visual context.
Began: Sep 13, 2024 | Ended: Sep 16, 2024 (CNN on-air regrets)",https://www.snopes.com/news/2024/09/26/cnn-trump-photo-loomer/,"CNN (Pamela Brown, Anderson Cooper, Michael Smerconish segments, Sept. 2024)","days until on-air regrets (Sep 16, 2024)",false photo/video attribution / retracted invention,retracted/corrected,73,,Proven false,,Fact-check only,On-air correction,later,"Could not verify against a primary source, move to the watch list",Watch list (unverified),Unverified,None confirmed (watch list),https://www.snopes.com/news/2024/09/26/cnn-trump-photo-loomer/,n/a,"Viral media (video/photo/screenshot). No primary record (original footage, metadata, or an official statement) was available to establish authenticity or date; the case rests on fact-checker analysis.",,,,A,,,2026-09-24 (MT)
"Trump called Robert E. Lee “incredible”.
Began: Oct 12, 2018 | Ended: Oct 14, 2018 (NBC correction)",https://www.huffpost.com/entry/nbc-news-trump-robert-e-lee_n_5bc3813de4b0bd9ed55b2eda,NBC News social/video post (Oct. 2018 Ohio rally coverage),"days until NBC correction (Oct 14, 2018)",misquote / truncation / retracted invention,retracted/corrected / misquote,74,,Proven false,https://www.huffpost.com/entry/nbc-news-trump-robert-e-lee_n_5bc3813de4b0bd9ed55b2eda,Outlet's own correction,Appended correction line,first,"Could not verify against a primary source, move to the watch list",Watch list (unverified),Unverified,None confirmed (watch list),https://www.huffpost.com/entry/nbc-news-trump-robert-e-lee_n_5bc3813de4b0bd9ed55b2eda,n/a,"The outlet's own correction or editor's note was not loaded or seen. Evidence is only secondary (other outlets, Attkisson, iMediaEthics, Poynter, or fact-checkers). HuffPost report of NBC's correction is secondary.",,,,B,"Evidence weaker than the catalog stated: catalog Proof_Basis ""Outlet's own correction"", but no primary proof could be confirmed.",Yes,2026-09-24 (MT)
"Lawsuit alleged deceptive editing of Harris answers (including on Israel/Trump-related debate framing) that misled viewers about the race against Trump.
Began: Oct 7, 2024 | Ended: Jul 1, 2025 (Paramount settlement)",https://apnews.com/article/trump-media-harris-minutes-paramount-6415042fe910ae60b432dd8c73ef61b2,Paramount (CBS parent); Trump lawsuit over Oct. 2024 60 Minutes Kamala Harris interview edits,"months until Paramount settlement (Oct 2024→Jul 1, 2025)",omitted context (alleged selective edit) settlement,retracted/corrected,75,Settlement without admission of liability; ~$16M to Trump library + fees,Proven false,https://storage.courtlistener.com/recap/gov.uscourts.txnd.396451/gov.uscourts.txnd.396451.69.0_1.pdf,Official record,Retraction after legal threat/settlement,later,"Could not verify against a primary source, move to the watch list",Watch list (unverified),Unverified,None confirmed (watch list),https://storage.courtlistener.com/recap/gov.uscourts.txnd.396451/gov.uscourts.txnd.396451.69.0_1.pdf,n/a,"The primary record (agency data, official document, transcript) needed to test the claim was not reached or located in this pass. The case rests on fact-checker reporting only. Catalog PRIM is a joint notice of settlement (no admission, no findings), which does not establish the editing claim. The unedited transcript CBS released to the FCC would be the primary record; not located.",,,,C,"Evidence weaker than the catalog stated: catalog Proof_Basis ""Official record"", but no primary proof could be confirmed.",Yes,2026-09-24 (MT)
"Agata Kornhauser-Duda deliberately refused Trump’s handshake.
Began: Jul 6, 2017 | Ended: Jul 6, 2017 (fuller video / Duda context)",https://www.snopes.com/fact-check/polish-first-lady-trump-handshake/,Newsweek and other outlets amplifying short clip (July 2017 Warsaw visit),"hours–same day until fuller video / Duda rebuttal (Jul 6, 2017)",omitted context / false photo/video attribution,misleading / false,76,Merged batch7 stronger evidence (Original transcript/video).,Proven false,https://sharylattkisson.substack.com/p/media-mistakes-in-reporting-on-donald,Original transcript/video,Appended correction line,first,"Could not verify against a primary source, move to the watch list",Watch list (unverified),Unverified,None confirmed (watch list),https://sharylattkisson.substack.com/p/media-mistakes-in-reporting-on-donald,n/a,"Viral media (video/photo/screenshot). No primary record (original footage, metadata, or an official statement) was available to establish authenticity or date; the case rests on fact-checker analysis. Catalog PRIM is Attkisson's Substack (not a primary source); unedited Warsaw video not reviewed.",,,,A,"Evidence weaker than the catalog stated: catalog Proof_Basis ""Original transcript/video"", but no primary proof could be confirmed.",Yes,2026-09-24 (MT)
"Framing that Trump awkwardly/impulsively dumped the whole box while Abe behaved properly.
Began: Nov 6, 2017 | Ended: Not clearly documented",https://www.snopes.com/fact-check/did-trump-impatiently-dump-fish-food-in-japanese-koi-pond/,"CNN and many outlets (Nov. 6, 2017 Abe–Trump koi feeding)",Not clearly documented,omitted context / false photo/video attribution,misleading,77,Merged batch7 stronger evidence (Original transcript/video).,Proven false,https://www.cnn.com/videos/world/2017/11/06/trump-japan-koi-fish-food-lon-orig-ejk.cnn,Original transcript/video,Appended correction line,first,"Could not verify against a primary source, move to the watch list",Watch list (unverified),Unverified,None confirmed (watch list),https://www.cnn.com/videos/world/2017/11/06/trump-japan-koi-fish-food-lon-orig-ejk.cnn,n/a,"Viral media (video/photo/screenshot). No primary record (original footage, metadata, or an official statement) was available to establish authenticity or date; the case rests on fact-checker analysis. Catalog PRIM is an edited CNN clip; unedited pool footage not reviewed.",,,,A,"Evidence weaker than the catalog stated: catalog Proof_Basis ""Original transcript/video"", but no primary proof could be confirmed.",Yes,2026-09-24 (MT)
"Trump told Mexico’s president the U.S. might send troops into Mexico to take care of “bad hombres” (invasion/war framing in headlines).
Began: Feb 1, 2017 | Ended: Feb 2, 2017 (U.S./Mexico official pushback)",https://apnews.com/article/mexico-united-states-government-5972d796cb884da8902f492049ea05ef,"Associated Press (Feb. 1, 2017); wide pickup","~1 day until U.S./Mexico official pushback (Feb 2, 2017)",inflammatory false premise / omitted context,misleading,80,,Rated misleading,https://apnews.com/article/mexico-united-states-government-5972d796cb884da8902f492049ea05ef,Fact-check only,Unknown,first,"Could not verify against a primary source, move to the watch list",Watch list (unverified),Unverified,None confirmed (watch list),https://apnews.com/article/mexico-united-states-government-5972d796cb884da8902f492049ea05ef,n/a,"The primary record (agency data, official document, transcript) needed to test the claim was not reached or located in this pass. The case rests on fact-checker reporting only.",,,,C,,,2026-09-24 (MT)
"White House set up matching Twitter accounts for SCOTUS finalists to conceal the choice.
Began: Jan 31, 2017 | Ended: Jan 31, 2017 (Zeleny correction)",https://www.cnn.com/2017/01/30/politics/donald-trump-supreme-court-choice-announcement-coming-tuesday-8-p-m-,"Jeff Zeleny, CNN (Jan. 2017, before Gorsuch announcement)",hours–same day until Zeleny correction (Jan 2017),retracted invention,retracted/corrected,81,,Proven false,https://www.cnn.com/2017/01/30/politics/donald-trump-supreme-court-choice-announcement-coming-tuesday-8-p-m-,Outlet's own correction,Appended correction line,first,"Could not verify against a primary source, move to the watch list",Watch list (unverified),Unverified,None confirmed (watch list),https://www.cnn.com/2017/01/30/politics/donald-trump-supreme-court-choice-announcement-coming-tuesday-8-p-m-,n/a,"The outlet's own correction or editor's note was not loaded or seen. Evidence is only secondary (other outlets, Attkisson, iMediaEthics, Poynter, or fact-checkers). CNN URL returned 404.",,,,B,"Evidence weaker than the catalog stated: catalog Proof_Basis ""Outlet's own correction"", but no primary proof could be confirmed.",Yes,2026-09-24 (MT)
"Trump administration banned CDC officials from saying diversity, fetus, transgender, vulnerable, entitlement, evidence-based, science-based.
Began: Dec 15, 2017 | Ended: Not clearly documented",https://www.snopes.com/news/2017/12/15/trump-administration-bans-cdc-officials-using-certain-words/,Washington Post initial framing (Dec. 2017) and viral political amplification that Trump “banned” words at CDC,days–weeks of viral “speech ban” framing (Dec 2017–Jan 2018),policy-scope inflation / omitted context,misleading,83,,Rated misleading,,Fact-check only,Never corrected — fact-checked only,first,"Could not verify against a primary source, move to the watch list",Watch list (unverified),Unverified,None confirmed (watch list),https://www.snopes.com/news/2017/12/15/trump-administration-bans-cdc-officials-using-certain-words/,n/a,"The primary record (agency data, official document, transcript) needed to test the claim was not reached or located in this pass. The case rests on fact-checker reporting only. Primary HHS/CDC statements not loaded. Note: later reporting indicates career budget officials did advise avoiding the words, so the case correctly stays Rated misleading, not Unsupported.",,,,C,,,2026-09-24 (MT)
"UN Ambassador Nikki Haley was responsible for a $52,701 curtain purchase at the UN envoy residence.
Began: Sep 13, 2018 | Ended: Sep 14, 2018 (NYT editors' note: unfair impression; lease/curtains decided under Obama admin)",https://www.businessinsider.com/new-york-times-nikki-haley-curtains-story-correction-2018-9,The New York Times,1 day until editors' note and headline/photo change,omitted context,retracted/corrected,87,Editors' note: article should not have focused on Haley nor used her photo.,Proven false,,Outlet's own correction,Editor's note at bottom of article,first,"Could not verify against a primary source, move to the watch list",Watch list (unverified),Unverified,None confirmed (watch list),https://www.businessinsider.com/new-york-times-nikki-haley-curtains-story-correction-2018-9,n/a,"The outlet's own correction or editor's note was not loaded or seen. Evidence is only secondary (other outlets, Attkisson, iMediaEthics, Poynter, or fact-checkers). Business Insider report of the NYT correction is secondary.",,,,B,"Evidence weaker than the catalog stated: catalog Proof_Basis ""Outlet's own correction"", but no primary proof could be confirmed.",Yes,2026-09-24 (MT)
"ICE used Facebook data to find and track immigrants for immigration violations (as framed in original Intercept headline/lede).
Began: Mar 26, 2018 | Ended: Mar 26–27, 2018 (Intercept correction: documents showed a criminal suspect, not an immigration target; editor Ryan Grim inserted the error)",https://www.imediaethics.org/intercept-issues-correction-ice-facebook-story-says-editor-inserted-errors/,The Intercept (editor Ryan Grim); viral amplification framing Trump ICE as hunting immigrants via Facebook,hours until correction,retracted invention,retracted/corrected,88,Reporter Lee Fang's filing was accurate; Grim changed 'suspect' to 'immigrant.',Proven false,https://www.imediaethics.org/topics/apologies-retractions/,Outlet's own correction,Appended correction line,first,"Could not verify against a primary source, move to the watch list",Watch list (unverified),Unverified,None confirmed (watch list),https://www.imediaethics.org/topics/apologies-retractions/,n/a,"The outlet's own correction or editor's note was not loaded or seen. Evidence is only secondary (other outlets, Attkisson, iMediaEthics, Poynter, or fact-checkers).",,,,B,"Evidence weaker than the catalog stated: catalog Proof_Basis ""Outlet's own correction"", but no primary proof could be confirmed.",Yes,2026-09-24 (MT)
"The WHO offered COVID-19 test kits to the United States and the Trump administration refused/rejected them.
Began: Mar 15, 2020 | Ended: Mar 16, 2020 (PolitiFact Mostly False; WHO said no discussions about providing kits to the U.S.)",https://politifact.com/factchecks/2020/mar/16/joe-biden/biden-falsely-says-trump-administration-rejected-w/,Joe Biden (Democratic debate); viral Facebook posts,days of campaign amplification; fact-check next day,false attribution of words/intent,misleading,89,U.S. developed its own CDC test; WHO typically does not supply kits to countries with advanced lab capacity.,Proven false,,Fact-check only,Never corrected — fact-checked only,first,"Could not verify against a primary source, move to the watch list",Watch list (unverified),Unverified,None confirmed (watch list),https://politifact.com/factchecks/2020/mar/16/joe-biden/biden-falsely-says-trump-administration-rejected-w/,n/a,"The primary record (agency data, official document, transcript) needed to test the claim was not reached or located in this pass. The case rests on fact-checker reporting only. The WHO statement that there were ""no discussions"" is reported only via media; the WHO Mar 25, 2020 transcript loaded but does not address the U.S.",,,,C,,,2026-09-24 (MT)
"Trump 'cut' or 'slashed' CDC funding (presented as enacted cuts, not merely proposed).
Began: Feb 25–26, 2020 | Ended: Mar 3, 2020 (FactCheck.org: Congress rejected proposed cuts and often increased CDC funding)",https://www.factcheck.org/2020/03/democrats-misleading-coronavirus-claims/,Joe Biden; Mike Bloomberg; other Democrats,weeks of campaign messaging; ongoing variants,policy-scope inflation,misleading,91,Trump proposed CDC cuts; Congress did not enact them. Accurate to say he 'tried' to cut.,Rated misleading,,Fact-check only,Never corrected — fact-checked only,first,"Could not verify against a primary source, move to the watch list",Watch list (unverified),Unverified,None confirmed (watch list),https://www.factcheck.org/2020/03/democrats-misleading-coronavirus-claims/,n/a,"The primary record (agency data, official document, transcript) needed to test the claim was not reached or located in this pass. The case rests on fact-checker reporting only.",,,,C,,,2026-09-24 (MT)
"Trump 'hasn't allowed his scientists to speak' / was 'muzzling' CDC/NIH scientists on COVID-19.
Began: Feb 28, 2020 | Ended: Mar 1–3, 2020 (FactCheck.org: went too far; Fauci said he was not muzzled; clearance process after Pence took over)",https://www.factcheck.org/2020/03/democrats-misleading-coronavirus-claims/,"Joe Biden (CNN, ABC This Week)",several days of campaign claims,omitted context,misleading,92,Scientists were told to clear appearances through the task force; they continued public interviews.,Rated misleading,,Fact-check only,Never corrected — fact-checked only,first,"Could not verify against a primary source, move to the watch list",Watch list (unverified),Unverified,None confirmed (watch list),https://www.factcheck.org/2020/03/democrats-misleading-coronavirus-claims/,n/a,"The primary record (agency data, official document, transcript) needed to test the claim was not reached or located in this pass. The case rests on fact-checker reporting only.",,,,C,,,2026-09-24 (MT)
"Trump fired the 'entire' pandemic response team in 2018.
Began: Mar 2020 (viral posts; Bloomberg/Biden variants earlier Feb–Mar 2020) | Ended: Mar 25–26, 2020 (Reuters: partly false; some staff reassigned under reorganized NSC structure)",https://www.reuters.com/article/world/partly-false-claim-trump-fired-entire-pandemic-response-team-in-2018-idUSKBN21C32C/,Viral social media posts/images; Mike Bloomberg ('fired the pandemic team'); Joe Biden ('eliminated' the directorate),weeks of viral/campaign claims in early COVID period,policy-scope inflation,misleading,95,Directorate was disbanded/reorganized May 2018 under Bolton; 'entire team fired' overstates.,Rated misleading,,Fact-check only,Never corrected — fact-checked only,first,"Could not verify against a primary source, move to the watch list",Watch list (unverified),Unverified,None confirmed (watch list),https://www.reuters.com/article/world/partly-false-claim-trump-fired-entire-pandemic-response-team-in-2018-idUSKBN21C32C/,n/a,"The primary record (agency data, official document, transcript) needed to test the claim was not reached or located in this pass. The case rests on fact-checker reporting only.",,,,C,,,2026-09-24 (MT)
"Trump said eliminating the White House pandemic office was among the 'very first' things his administration did.
Began: Mar 27, 2020 | Ended: Apr 1, 2020 (FactCheck.org: happened in May 2018, well into year two—not among first actions)",https://www.factcheck.org/2020/04/bidens-false-claim-on-trumps-response-to-coronavirus/,Joe Biden (CNN town hall characterization of timing),days,omitted context,misleading,96,Office elimination itself is documented; the 'first things' timing claim was wrong.,Rated misleading,,Fact-check only,Never corrected — fact-checked only,first,"Could not verify against a primary source, move to the watch list",Watch list (unverified),Unverified,None confirmed (watch list),https://www.factcheck.org/2020/04/bidens-false-claim-on-trumps-response-to-coronavirus/,n/a,"The primary record (agency data, official document, transcript) needed to test the claim was not reached or located in this pass. The case rests on fact-checker reporting only.",,,,C,,,2026-09-24 (MT)
"House Judiciary Committee Republicans voted to 'allow Trump to DEPORT U.S. citizens to a foreign country.'
Began: Apr 30, 2025 | Ended: May 6, 2025 (PolitiFact Mostly False: voting down a Democratic amendment did not confer legal authority to deport citizens)",https://www.politifact.com/factchecks/2025/may/06/eric-swalwell/democrats-mislead-judiciary-vote-deport-citizens/,Rep. Eric Swalwell; Rep. Daniel Goldman; Rep. Pramila Jayapal,about 1 week of social/political amplification until fact-check,policy-scope inflation,misleading,97,U.S. case law still bars deporting citizens; committee vote left status quo.,Proven false,,Fact-check only,Never corrected — fact-checked only,later,"Could not verify against a primary source, move to the watch list",Watch list (unverified),Unverified,None confirmed (watch list),https://www.politifact.com/factchecks/2025/may/06/eric-swalwell/democrats-mislead-judiciary-vote-deport-citizens/,n/a,"The primary record (agency data, official document, transcript) needed to test the claim was not reached or located in this pass. The case rests on fact-checker reporting only.",,,,C,,,2026-09-24 (MT)
"DOGE/Trump SSA staffing and procedure changes are cutting or eliminating Social Security benefits / setting up privatization that will 'rip away benefits.'
Began: Mar 2025 | Ended: Apr 9, 2025 (FactCheck.org: no proposed change to legally mandated benefit amounts; privatization claims speculative)",https://www.factcheck.org/2025/04/democrats-question-social-security-administration-changes-in-misleading-terms/,Democratic National Committee; Sen. Bernie Sanders; Sen. Chuck Schumer; Sens. Elizabeth Warren and Ron Wyden; Rep. John Larson (MSNBC),weeks of March–April 2025 messaging; variants ongoing,policy-scope inflation,misleading,98,Administrative disruption concerns may be real; conflating that with statutory benefit cuts was misleading. Distinct from 2024 campaign 'intends to cut SS' items 44–46.,Rated misleading,,Fact-check only,Never corrected — fact-checked only,later,"Could not verify against a primary source, move to the watch list",Watch list (unverified),Unverified,None confirmed (watch list),https://www.factcheck.org/2025/04/democrats-question-social-security-administration-changes-in-misleading-terms/,n/a,"The primary record (agency data, official document, transcript) needed to test the claim was not reached or located in this pass. The case rests on fact-checker reporting only.",,,,C,,,2026-09-24 (MT)
"As a result of the 'Big Beautiful Bill,' 15 million Americans have already been thrown off the healthcare they need.
Began: Apr 22, 2026 | Ended: Apr 30, 2026 (PolitiFact Mostly False: premature; ~1 million ACA enrollment drop so far; CBO projected ~10M uninsured by 2034 from the law)",https://politifact.com/factchecks/2026/apr/30/bernie-sanders/one-big-beautiful-bill-aca-health-care-medicaid/,Sen. Bernie Sanders,days–weeks of repeated claims; fact-check about 1 week later,"premature ""proven"" framing",misleading,100,Future coverage losses projected; 'have been thrown off' past-tense overstated.,Proven false,,Fact-check only,Never corrected — fact-checked only,later,"Could not verify against a primary source, move to the watch list",Watch list (unverified),Unverified,None confirmed (watch list),https://politifact.com/factchecks/2026/apr/30/bernie-sanders/one-big-beautiful-bill-aca-health-care-medicaid/,n/a,"The primary record (agency data, official document, transcript) needed to test the claim was not reached or located in this pass. The case rests on fact-checker reporting only.",,,,C,,,2026-09-24 (MT)
"Trump’s tariffs cost each Michigan household $5,619.
Began: Sep 1, 2026 | Ended: Sep 17, 2026 (PolitiFact Mostly False: figure divides importer-paid tariffs by households; costs not borne solely by MI households)",https://politifact.com/factchecks/2026/sep/17/abdul-el-sayed/senate-candidate-abdul-el-sayed-overstates-michiganders-cost-for-trumps-tariffs/,"Abdul El-Sayed (Democratic U.S. Senate nominee, Michigan)",about 2 weeks until PolitiFact Mostly False,policy-scope inflation,misleading,103,,Proven false,,Fact-check only,Never corrected — fact-checked only,later,"Could not verify against a primary source, move to the watch list",Watch list (unverified),Unverified,None confirmed (watch list),https://politifact.com/factchecks/2026/sep/17/abdul-el-sayed/senate-candidate-abdul-el-sayed-overstates-michiganders-cost-for-trumps-tariffs/,n/a,"The primary record (agency data, official document, transcript) needed to test the claim was not reached or located in this pass. The case rests on fact-checker reporting only.",,,,C,,,2026-09-24 (MT)
"The Trump administration was 'raiding money' from military service members' pensions to fund the border wall.
Began: Mar 8, 2019 | Ended: Mar 28, 2019 (PolitiFact False: leftover personnel funds; no pension cuts)",https://www.politifact.com/factchecks/2019/mar/28/kamala-harris/kamala-harris-wrong-trump-isnt-raiding-money-milit/,Sen. Kamala Harris,about 3 weeks until PolitiFact False,policy-scope inflation,false,104,Harris linked an AP headline; defense-budget experts said no service member would lose pension payments.,Proven false,,Fact-check only,Never corrected — fact-checked only,first,"Could not verify against a primary source, move to the watch list",Watch list (unverified),Unverified,None confirmed (watch list),https://www.politifact.com/factchecks/2019/mar/28/kamala-harris/kamala-harris-wrong-trump-isnt-raiding-money-milit/,n/a,"The primary record (agency data, official document, transcript) needed to test the claim was not reached or located in this pass. The case rests on fact-checker reporting only.",,,,C,,,2026-09-24 (MT)
"The U.S. under Trump currently had more than 100,000 children in migration-related detention (world's highest rate).
Began: Nov 18–19, 2019 | Ended: Nov 19–20, 2019 (AFP/Reuters withdrew; UN expert clarified figure was cumulative 2015/Obama-era, not current)",https://freebeacon.com/politics/reuters-afp-retract-migrant-children-articles-that-were-based-on-obama-era-figures/,AFP; Reuters; NPR pickup; House Homeland Security Committee Democrats; Sen. Bernie Sanders (tweet later deleted),1–2 days until wire retractions,"premature ""proven"" framing",retracted/corrected,106,Contemporaneous ORR/family detention numbers were far lower (~thousands). Also: https://apnews.com/general-news-e20822a6893944c5b563d00e987d2240,Proven false,,Outlet's own correction,Appended correction line,first,"Could not verify against a primary source, move to the watch list",Watch list (unverified),Unverified,None confirmed (watch list),https://freebeacon.com/politics/reuters-afp-retract-migrant-children-articles-that-were-based-on-obama-era-figures/,n/a,"The outlet's own correction or editor's note was not loaded or seen. Evidence is only secondary (other outlets, Attkisson, iMediaEthics, Poynter, or fact-checkers). Free Beacon report of the Reuters/AFP withdrawals is secondary.",,,,B,"Evidence weaker than the catalog stated: catalog Proof_Basis ""Outlet's own correction"", but no primary proof could be confirmed.",Yes,2026-09-24 (MT)
"President Trump spent Thanksgiving 2019 tweeting and golfing at Mar-a-Lago rather than visiting U.S. troops.
Began: Nov 28, 2019 | Ended: Nov 28, 2019 evening (Newsweek substantially updated); reporter later fired / editor demoted",https://www.imediaethics.org/newsweek-reporter-fired-editor-demoted-for-trump-thanksgiving-article/,Newsweek (Jessica Kwong),hours until update after Afghanistan trip became public,"premature ""proven"" framing",retracted/corrected,107,Trip was secret until return; Kwong called pre-announcement reporting an 'honest mistake.' Also: https://www.thewrap.com/newsweek-demotes-editor-after-firing-reporter-for-inaccurate-trump-thanksgiving-story/,Proven false,https://www.imediaethics.org/topics/apologies-retractions/,Outlet's own correction,Appended correction line,first,"Could not verify against a primary source, move to the watch list",Watch list (unverified),Unverified,None confirmed (watch list),https://www.imediaethics.org/topics/apologies-retractions/,n/a,"The outlet's own correction or editor's note was not loaded or seen. Evidence is only secondary (other outlets, Attkisson, iMediaEthics, Poynter, or fact-checkers).",,,,B,"Evidence weaker than the catalog stated: catalog Proof_Basis ""Outlet's own correction"", but no primary proof could be confirmed.",Yes,2026-09-24 (MT)
"Trump chose not to listen to the translation of the Italian prime minister's speech at the G7 (shown without large headphones).
Began: May 27, 2017 | Ended: May 27, 2017 (BBC correspondent James Landale corrected within ~30 minutes; White House: single in-ear piece)",https://www.huffingtonpost.co.uk/entry/sean-spicer-bbc-fake-news-tweet_uk_592dc372e4b0c0608e8bf993,BBC Diplomatic Correspondent James Landale; amplified by other journalists' retweets,under an hour until correction; original tweet far more viral,false photo/video attribution,retracted/corrected,108,Spicer later cited the viral false framing; Landale acknowledged the earpiece explanation. Also: https://gizmodo.com/president-trumps-translation-earpiece-is-just-really-sm-1795615655,Proven false,https://www.huffingtonpost.co.uk/static/corrections,Fact-check only,Appended correction line,first,"Could not verify against a primary source, move to the watch list",Watch list (unverified),Unverified,None confirmed (watch list),https://www.huffingtonpost.co.uk/static/corrections,n/a,"Viral media (video/photo/screenshot). No primary record (original footage, metadata, or an official statement) was available to establish authenticity or date; the case rests on fact-checker analysis. HuffPost UK page not checked for a correction; the underlying G7 video was not reviewed.",,,,A,,,2026-09-24 (MT)
"Children of U.S. troops born overseas would no longer automatically get U.S. citizenship under a Trump/USCIS policy change (as broadly framed).
Began: Aug 28, 2019 | Ended: Aug 28–29, 2019 (NBC correction; USCIS/Military Times clarified narrow adoption/noncitizen-parent cases)",https://www.snopes.com/fact-check/overseas-us-troops-kids-citizens/,Tal Kopan (San Francisco Chronicle); Task & Purpose; NBC News (Ken Dilanian initial tweets before correction),hours of viral panic until corrections,policy-scope inflation,misleading,109,Did not end birthright citizenship for children of U.S. citizen service members; AP said ~20–25 cases/year affected.,Rated misleading,,Outlet's own correction,Appended correction line,first,"Could not verify against a primary source, move to the watch list",Watch list (unverified),Unverified,None confirmed (watch list),https://www.snopes.com/fact-check/overseas-us-troops-kids-citizens/,n/a,"The outlet's own correction or editor's note was not loaded or seen. Evidence is only secondary (other outlets, Attkisson, iMediaEthics, Poynter, or fact-checkers).",,,,B,"Evidence weaker than the catalog stated: catalog Proof_Basis ""Outlet's own correction"", but no primary proof could be confirmed.",Yes,2026-09-24 (MT)
"Arizona Republic used 2014 photos of migrant children in holding facilities as if depicting then-current Trump-era detention conditions.
Began: May 27, 2018 | Ended: May 27–28, 2018 (azcentral clarification that photos were from 2014)",https://www.poynter.org/fact-checking/2018/the-funny-the-weird-and-the-serious-33-media-corrections-from-2018/,The Arizona Republic / azcentral,hours–1 day until clarification,false photo/video attribution,retracted/corrected,110,Related theme to NYT Magazine cage RT (v2) but distinct outlet correction listed by Poynter.,Proven false,,Fact-check only,Never corrected — fact-checked only,first,"Could not verify against a primary source, move to the watch list",Watch list (unverified),Unverified,None confirmed (watch list),https://www.poynter.org/fact-checking/2018/the-funny-the-weird-and-the-serious-33-media-corrections-from-2018/,n/a,"Viral media (video/photo/screenshot). No primary record (original footage, metadata, or an official statement) was available to establish authenticity or date; the case rests on fact-checker analysis. Arizona Republic/azcentral clarification not located; Poynter roundup is not a primary source.",,,,A,,,2026-09-24 (MT)
"Republicans have 'effectively ended medical research in the United States of America' via Trump's second-term NIH and research cuts.
Began: Sep 24, 2025 | Ended: Sep 29, 2025 (PolitiFact Mostly False: proposed NIH budget would still be ~$27B; appropriations panels rejected steep cuts)",https://www.politifact.com/factchecks/2025/sep/29/hakeem-jeffries/trump-medical-research-cuts-nih/,House Minority Leader Hakeem Jeffries,about 5 days until Mostly False rating,policy-scope inflation,misleading,115,Real steep proposed cuts and grant terminations existed; 'effectively ended' overstated remaining funding and congressional pushback.,Proven false,,Fact-check only,Never corrected — fact-checked only,later,"Could not verify against a primary source, move to the watch list",Watch list (unverified),Unverified,None confirmed (watch list),https://www.politifact.com/factchecks/2025/sep/29/hakeem-jeffries/trump-medical-research-cuts-nih/,n/a,"The primary record (agency data, official document, transcript) needed to test the claim was not reached or located in this pass. The case rests on fact-checker reporting only.",,,,C,,,2026-09-24 (MT)
"When Biden took office, the Trump administration had contracted for 'not nearly enough' COVID vaccine to cover U.S. adults.
Began: Mar 2, 2021 | Ended: Mar 5, 2021 (PolitiFact Mostly False: Warp Speed portfolio contracts covered far more than the adult population if cleared)",https://politifact.com/factchecks/2021/mar/05/joe-biden/bidens-criticism-trump-administration-vaccine-cont/,President Joe Biden,days of White House messaging,omitted context,misleading,116,Authorized Pfizer/Moderna doses alone were short of all adults; total Warp Speed contracts were much larger.,Proven false,,Fact-check only,Never corrected — fact-checked only,later,"Could not verify against a primary source, move to the watch list",Watch list (unverified),Unverified,None confirmed (watch list),https://politifact.com/factchecks/2021/mar/05/joe-biden/bidens-criticism-trump-administration-vaccine-cont/,n/a,"The primary record (agency data, official document, transcript) needed to test the claim was not reached or located in this pass. The case rests on fact-checker reporting only.",,,,C,,,2026-09-24 (MT)
"The process to distribute COVID vaccine to the broader community 'did not really exist' when the Biden team entered the White House.
Began: Jan 24, 2021 | Ended: Jan 27, 2021 (PolitiFact Mostly False: a state-led federal distribution plan existed despite flaws)",https://politifact.com/factchecks/2021/jan/27/ron-klain/trump-vaccine-plan-left-logistics-states-it-did-ex/,White House Chief of Staff Ron Klain (Meet the Press),days of early-administration framing,policy-scope inflation,misleading,117,Experts criticized communication and funding gaps; 'did not really exist' overstated a real state-centric plan.,Proven false,,Fact-check only,Never corrected — fact-checked only,later,"Could not verify against a primary source, move to the watch list",Watch list (unverified),Unverified,None confirmed (watch list),https://politifact.com/factchecks/2021/jan/27/ron-klain/trump-vaccine-plan-left-logistics-states-it-did-ex/,n/a,"The primary record (agency data, official document, transcript) needed to test the claim was not reached or located in this pass. The case rests on fact-checker reporting only.",,,,C,,,2026-09-24 (MT)
"Melania Trump was 'very involved' in Trump's Epstein relationship / was introduced to Trump via a modeling agent connected to Jeffrey Epstein.
Began: Jul 2025 | Ended: Jul 2025 (article removed); Sep 10–15, 2025 (updated Daily Beast apology to Melania)",https://nypost.com/2025/09/15/us-news/daily-beast-apologizes-to-melania-trump-over-retracted-article-alleging-an-epstein-link/,The Daily Beast (based on Michael Wolff interview/podcast),weeks from publication to apology update,retracted invention,retracted/corrected,120,Outlet said article did not meet standards; Melania memoir describes Kit Kat Klub meeting. Also: https://www.foxnews.com/media/daily-beast-apologizes-melania-trump-over-retracted-epstein-allegations-article,Proven false,,Outlet's own correction,Appended correction line,later,"Could not verify against a primary source, move to the watch list",Watch list (unverified),Unverified,None confirmed (watch list),https://nypost.com/2025/09/15/us-news/daily-beast-apologizes-to-melania-trump-over-retracted-article-alleging-an-epstein-link/,n/a,"The outlet's own correction or editor's note was not loaded or seen. Evidence is only secondary (other outlets, Attkisson, iMediaEthics, Poynter, or fact-checkers). NY Post report of the Daily Beast editor's note is secondary.",,,,B,"Evidence weaker than the catalog stated: catalog Proof_Basis ""Outlet's own correction"", but no primary proof could be confirmed.",Yes,2026-09-24 (MT)
"There was an 'Epstein connection' involving Melania Trump and Donald Trump (as framed in Carville's YouTube title and comments).
Began: early Aug 2025 | Ended: Aug 8, 2025 (Carville apology; video removed; comments edited out)",https://nypost.com/2025/08/08/us-news/james-carville-apologizes-and-pulls-video-suggesting-a-melania-trump-epstein-connection/,James Carville (Democratic strategist; Politics War Room),about 1 week until apology after Melania's lawyer letter,inflammatory false premise,retracted/corrected,121,Carville: 'I also take back these statements and apologize.' Distinct from Daily Beast article. Also: https://thehill.com/homenews/administration/5441667-carville-apologizes-for-podcast/,Proven false,,Outlet's own correction,Appended correction line,later,"Could not verify against a primary source, move to the watch list",Watch list (unverified),Unverified,None confirmed (watch list),https://nypost.com/2025/08/08/us-news/james-carville-apologizes-and-pulls-video-suggesting-a-melania-trump-epstein-connection/,n/a,"The outlet's own correction or editor's note was not loaded or seen. Evidence is only secondary (other outlets, Attkisson, iMediaEthics, Poynter, or fact-checkers). NY Post report is secondary.",,,,B,"Evidence weaker than the catalog stated: catalog Proof_Basis ""Outlet's own correction"", but no primary proof could be confirmed.",Yes,2026-09-24 (MT)
"Senate Minority Leader Chuck Schumer was notified of Trump's Iran nuclear-site strikes only after the attack (Democrats not informed in advance).
Began: Jun 22, 2025 | Ended: Jun 22–23, 2025 (CNN correction: Schumer was called before the strike)",https://kpic.com/news/nation-world/leavitt-demands-retraction-after-cnn-claims-dems-not-informed-of-iran-strike,CNN (initial report); similar framing amplified elsewhere including MSNBC critiques of notification,hours until CNN update/correction,retracted invention,retracted/corrected,122,CNN updated that Schumer was called ~1 hour before strikes; Jeffries reached later.,Proven false,https://thenationaldesk.com/news/americas-news-now/leavitt-demands-retraction-after-cnn-claims-dems-not-informed-of-iran-strike,Outlet's own correction,Appended correction line,later,"Could not verify against a primary source, move to the watch list",Watch list (unverified),Unverified,None confirmed (watch list),https://thenationaldesk.com/news/americas-news-now/leavitt-demands-retraction-after-cnn-claims-dems-not-informed-of-iran-strike,n/a,"The outlet's own correction or editor's note was not loaded or seen. Evidence is only secondary (other outlets, Attkisson, iMediaEthics, Poynter, or fact-checkers). Local-station report quoting CNN's correction is secondary; CNN's own article not loaded.",,,,B,"Evidence weaker than the catalog stated: catalog Proof_Basis ""Outlet's own correction"", but no primary proof could be confirmed.",Yes,2026-09-24 (MT)
"Penn Wharton / 'Wharton School' determined Harris's plan would strengthen the economy and Trump's would weaken it.
Began: Sep 19, 2024 | Ended: Sep 27, 2024 (FactCheck.org: PWBM found Harris plan reduces GDP more than Trump's)",https://www.factcheck.org/2024/09/harris-misleadingly-cites-some-economic-analyses-of-her-policies-and-trumps/,Vice President Kamala Harris,about 1–2 weeks of campaign citations,false attribution of words/intent,misleading,123,"PWBM: both plans raise deficits; Harris GDP hit larger. Distinct from tariff $4,000 Half True ratings.",Rated misleading,,Fact-check only,Never corrected — fact-checked only,later,"Could not verify against a primary source, move to the watch list",Watch list (unverified),Unverified,None confirmed (watch list),https://www.factcheck.org/2024/09/harris-misleadingly-cites-some-economic-analyses-of-her-policies-and-trumps/,n/a,"The primary record (agency data, official document, transcript) needed to test the claim was not reached or located in this pass. The case rests on fact-checker reporting only.",,,,C,,,2026-09-24 (MT)
"Goldman Sachs said Harris's plan would grow the economy and Trump's would shrink it.
Began: Sep 10–25, 2024 | Ended: Sep 27, 2024 (FactCheck.org: Goldman modeled continued growth under both; Trump scenario slower growth, not shrinkage)",https://www.factcheck.org/2024/09/harris-misleadingly-cites-some-economic-analyses-of-her-policies-and-trumps/,Vice President Kamala Harris,weeks of debate/campaign citations,false attribution of words/intent,misleading,124,Goldman CEO said difference was about two-tenths of a percent.,Rated misleading,,Fact-check only,Never corrected — fact-checked only,later,"Could not verify against a primary source, move to the watch list",Watch list (unverified),Unverified,None confirmed (watch list),https://www.factcheck.org/2024/09/harris-misleadingly-cites-some-economic-analyses-of-her-policies-and-trumps/,n/a,"The primary record (agency data, official document, transcript) needed to test the claim was not reached or located in this pass. The case rests on fact-checker reporting only.",,,,C,,,2026-09-24 (MT)
"President Trump said Israel's assassination campaign of Iranian leaders was complicating U.S. negotiations with Iran (paraphrase/truncation).
Began: Jul 2, 2026 | Ended: Jul 13, 2026 (Washington Post correction: Trump did not directly mention Israel; quote improperly truncated)",https://www.washingtonpost.com/national-security/2026/07/02/us-warned-iran-about-israels-aims-assassinate-leaders/,The Washington Post,about 11 days until correction,misquote / truncation,retracted/corrected,129,CAMERA documented WaPo correction restoring fuller quote without Israel attribution. Also: https://www.camera.org/article/washington-post-reporters-falsify-a-trump-quote-to-manufacture-an-anti-israel-narrative/,Proven false,https://www.washingtonpost.com/national-security/2026/07/02/us-warned-iran-about-israels-aims-assassinate-leaders/,Outlet's own correction,Appended correction line,later,"Could not verify against a primary source, move to the watch list",Watch list (unverified),Unverified,None confirmed (watch list),https://www.washingtonpost.com/national-security/2026/07/02/us-warned-iran-about-israels-aims-assassinate-leaders/,n/a,"The outlet's own correction or editor's note was not loaded or seen. Evidence is only secondary (other outlets, Attkisson, iMediaEthics, Poynter, or fact-checkers). WaPo article loaded only partially (WebFetch); no correction text visible.",,,,B,"Evidence weaker than the catalog stated: catalog Proof_Basis ""Outlet's own correction"", but no primary proof could be confirmed.",Yes,2026-09-24 (MT)
"Leaked DHS/TSA memos showed the Trump administration was testing 'internal travel restrictions' inside the U.S. (checkpoints, boarding denials, dual-nationality stops).
Began: Early July 2025 | Ended: July 7, 2025 (Snopes: false; White House: 'obviously fake news')",https://www.snopes.com/fact-check/trump-us-travel-restrictions/,Viral/anonymous: Viral Facebook reels / TikTok narration accounts,Days until Snopes False,fabrication,false; Viral fake (anonymous/social media),133,No media coverage of any such leaked memos; Snopes flagged likely AI narration/scripting.,Proven false,,Fact-check only,Never corrected — fact-checked only,later,"Could not verify against a primary source, move to the watch list",Watch list (unverified),Unverified,None confirmed (watch list),https://www.snopes.com/fact-check/trump-us-travel-restrictions/,n/a,"Viral media (video/photo/screenshot). No primary record (original footage, metadata, or an official statement) was available to establish authenticity or date; the case rests on fact-checker analysis.",,,,A,,,2026-09-24 (MT)
"A 2025 ICE photo showed agents arresting a man in a 'Latinos for Trump 2024' shirt (framed as Trump voters being swept up).
Began: Jan 27–28, 2025 | Ended: Jan 30, 2025 (PolitiFact False; Reuters Altered; USA Today Manipulated media)",https://www.politifact.com/factchecks/2025/jan/30/viral-image/image-of-ice-officers-arresting-someone-wearing-a/,Instagram/social posts; El Chigüire Bipolar among amplifiers,~2–3 days until major fact-checks,false photo attribution / fabrication,false,135,2018 Fresh Mark (Ohio) raid photo; original shirt blank; vests read HSI not ICE. Also: https://www.reuters.com/fact-check/picture-man-detained-immigration-raid-was-altered-say-latinos-trump-2025-01-30/ https://eu.usatoday.com/story/news/factcheck/2025/01/30/ice-arresting-latinos-for-trump-shirt-fact-check/78023836007/,Proven false,,Fact-check only,Never corrected — fact-checked only,later,"Could not verify against a primary source, move to the watch list",Watch list (unverified),Unverified,None confirmed (watch list),https://www.politifact.com/factchecks/2025/jan/30/viral-image/image-of-ice-officers-arresting-someone-wearing-a/,n/a,"Viral media (video/photo/screenshot). No primary record (original footage, metadata, or an official statement) was available to establish authenticity or date; the case rests on fact-checker analysis.",,,,A,,,2026-09-24 (MT)
"Video showed Donald Trump announcing the U.S. would no longer give visas to Nigerians / limit visas for Nigerian professionals.
Began: Jan 25, 2025 | Ended: Jan 31, 2025 (PolitiFact False: altered audio; no such policy)",https://www.politifact.com/factchecks/2025/jan/31/viral-image/video-purportedly-showing-donald-trump-announcing/,Viral/anonymous: Facebook viral video posts,~6 days until PolitiFact False,fabrication / misquote,false; Viral fake (anonymous/social media),136,"Audio mismatched mouth movements; source was Nov. 6, 2024 election-night remarks that did not mention Nigeria or visas.",Proven false,,Fact-check only,Never corrected — fact-checked only,later,"Could not verify against a primary source, move to the watch list",Watch list (unverified),Unverified,None confirmed (watch list),https://www.politifact.com/factchecks/2025/jan/31/viral-image/video-purportedly-showing-donald-trump-announcing/,n/a,"Viral media (video/photo/screenshot). No primary record (original footage, metadata, or an official statement) was available to establish authenticity or date; the case rests on fact-checker analysis.",,,,A,,,2026-09-24 (MT)
"Viral TikTok montage documented ICE removing undocumented foster children from foster homes for deportation.
Began: June 11, 2025 | Ended: July 8, 2025 (Lead Stories: unrelated prank/local-police/Inside Edition clips)",https://leadstories.com/hoax-alert/2025/07/fact-check-tiktok-video-does-not-document-ice-detaining-foster-children.html,Viral/anonymous: TikTok @newshr19 and viral shares,~4 weeks until Lead Stories,false video attribution / fabrication,false; Viral fake (anonymous/social media),137,Opening clip was a humor toddler-'arrest' prank; other clips lacked ICE insignia.,Proven false,,Fact-check only,Never corrected — fact-checked only,later,"Could not verify against a primary source, move to the watch list",Watch list (unverified),Unverified,None confirmed (watch list),https://leadstories.com/hoax-alert/2025/07/fact-check-tiktok-video-does-not-document-ice-detaining-foster-children.html,n/a,"Viral media (video/photo/screenshot). No primary record (original footage, metadata, or an official statement) was available to establish authenticity or date; the case rests on fact-checker analysis.",,,,A,,,2026-09-24 (MT)
"Viral video showed ICE mass-arresting/deporting Walmart store staff.
Began: Oct 22, 2025 | Ended: Oct 29, 2025 (Lead Stories: AI-generated; headless officer artifacts)",https://leadstories.com/hoax-alert/2025/10/fact-check-video-of-ice-arresting-and-deporting-staff-of-a-walmart-store-is-not-real.html,Viral/anonymous: TikTok viral posts,~1 week until Lead Stories,fabrication,false; Viral fake (anonymous/social media),138,AI glitches included a headless ICE officer and tape passing through a body.,Proven false,,Fact-check only,Never corrected — fact-checked only,later,"Could not verify against a primary source, move to the watch list",Watch list (unverified),Unverified,None confirmed (watch list),https://leadstories.com/hoax-alert/2025/10/fact-check-video-of-ice-arresting-and-deporting-staff-of-a-walmart-store-is-not-real.html,n/a,"Viral media (video/photo/screenshot). No primary record (original footage, metadata, or an official statement) was available to establish authenticity or date; the case rests on fact-checker analysis.",,,,A,,,2026-09-24 (MT)
"Elon Musk posted on X that DOGE found 'tens of millions of dollars spent on golf by a single government official' (implying Trump).
Began: March 31, 2025 | Ended: April 4, 2025 (PolitiFact False: fabricated; UI still said 'Retweets')",https://www.politifact.com/factchecks/2025/apr/04/viral-image/elon-musk-didnt-target-trumps-golf-trips-in-an-x-p/,Viral/anonymous: Viral Facebook posts,~4 days until PolitiFact False,fabrication / false attribution,false; Viral fake (anonymous/social media),143,Echoed Guardian golf-cost reporting but was not an authentic Musk post.,Proven false,,Fact-check only,Never corrected — fact-checked only,later,"Could not verify against a primary source, move to the watch list",Watch list (unverified),Unverified,None confirmed (watch list),https://www.politifact.com/factchecks/2025/apr/04/viral-image/elon-musk-didnt-target-trumps-golf-trips-in-an-x-p/,n/a,"Viral media (video/photo/screenshot). No primary record (original footage, metadata, or an official statement) was available to establish authenticity or date; the case rests on fact-checker analysis.",,,,A,,,2026-09-24 (MT)
"Rep. Eric Swalwell: 'No president has had more planes crash in their first month in office than Donald Trump.'
Began: Feb 17, 2025 | Ended: Feb 24, 2025 (PolitiFact: NTSB data show Biden/Obama first months had more aviation accidents)",https://www.politifact.com/article/2025/feb/24/are-there-more-plane-accidents-happening-this-year/,Rep. Eric Swalwell (D-CA); related viral Threads crash-spike posts,~1 week until PolitiFact analysis,misleading statistic / false absolute comparison,false,144,Swalwell later narrowed to two major commercial crashes; original absolute wording contradicted by NTSB (48 Trump vs 61 Biden first-month accidents). Fox/DOT figures similarly undercut the claim. Also: https://www.foxnews.com/politics/government-data-torpedoes-swalwells-viral-claim-plane-crashes-trumps-watch-habitual-liar,Proven false,,Fact-check only,Never corrected — fact-checked only,later,"Could not verify against a primary source, move to the watch list",Watch list (unverified),Unverified,None confirmed (watch list),https://www.politifact.com/article/2025/feb/24/are-there-more-plane-accidents-happening-this-year/,n/a,"The primary record (agency data, official document, transcript) needed to test the claim was not reached or located in this pass. The case rests on fact-checker reporting only.",,,,C,,,2026-09-24 (MT)
"Defense Secretary Pete Hegseth requested more than $137,000 in upgrades to his Fort McNair military residence.
Began: Around Jan 30, 2025 (Army notice to Congress; Democratic criticism) | Ended: AP: Hegseth did not request the work; Army initiated repairs on a vacant century-old home",https://apnews.com/article/hegseth-military-housing-costs-congress-6f9f9b2275ad2e73479ad07a62575783,Democratic lawmakers including Reps. Debbie Wasserman Schultz and Rosa DeLauro; media coverage of the cost figure,Days from notice until AP clarification,false attribution / omission,false,145,AP: official familiar with the work order said Hegseth did not request upgrades; ~$50k was paint.,Proven false,https://apnews.com/article/hegseth-military-housing-costs-congress-6f9f9b2275ad2e73479ad07a62575783,Fact-check only,Never corrected — fact-checked only,later,"Could not verify against a primary source, move to the watch list",Watch list (unverified),Unverified,None confirmed (watch list),https://apnews.com/article/hegseth-military-housing-costs-congress-6f9f9b2275ad2e73479ad07a62575783,n/a,"The primary record (agency data, official document, transcript) needed to test the claim was not reached or located in this pass. The case rests on fact-checker reporting only. Army notice and AP report not verified; AP is the subject (barred as confirmer).",,,,C,,,2026-09-24 (MT)
"Authentic photo showed an ICE agent grabbing/dragging a crying Latino child from a school classroom ('This is what conservatives voted for').
Began: Jan 24–27, 2025 | Ended: Jan 28–Feb 18, 2025 (Snopes/Reuters/Lead Stories: AI via Grok; creator confirmed)",https://www.snopes.com/fact-check/ice-agent-grab-girl-photo/,Viral/anonymous: X @LiveOnTheChat (creator) then viral Facebook/Instagram/Threads shares as real,~4 days to Snopes; ~3 weeks to Reuters,fabrication,false; Viral fake (anonymous/social media),147,Grok prompt: generate ICE agents aggressively dragging Latino children crying out of a 2nd-grade classroom. Also: https://www.reuters.com/fact-check/ai-created-image-ice-officer-seizing-child-shared-authentic-2025-02-18/ https://leadstories.com/hoax-alert/2025/02/fact-check-image-of-ice-agent-restraining-crying-girl-is-not-authentic-ai-generated.html,Proven false,,Fact-check only,Never corrected — fact-checked only,later,"Could not verify against a primary source, move to the watch list",Watch list (unverified),Unverified,None confirmed (watch list),https://www.snopes.com/fact-check/ice-agent-grab-girl-photo/,n/a,"Viral media (video/photo/screenshot). No primary record (original footage, metadata, or an official statement) was available to establish authenticity or date; the case rests on fact-checker analysis.",,,,A,,,2026-09-24 (MT)
"Video showed NYPD officers arresting ICE agents in New York ('Bye bye ICE!').
Began: Nov 4, 2025 | Ended: Nov 24, 2025 (AFP: AI-generated)",http://web.archive.org/web/20260608020339/https://factcheck.afp.com/doc.afp.com.84RL9G3,Viral/anonymous: Threads/X/Instagram/TikTok/Facebook celebratory posts; FunnelStreams.AI-linked origin,~3 weeks until AFP,fabrication,false; Viral fake (anonymous/social media),148,Uniform and door/trunk AI inconsistencies; Hive high AI probability. Archive replacement of dead link.,Proven false,,Fact-check only,Never corrected — fact-checked only,later,"Could not verify against a primary source, move to the watch list",Watch list (unverified),Unverified,None confirmed (watch list),http://web.archive.org/web/20260608020339/https://factcheck.afp.com/doc.afp.com.84RL9G3,n/a,"Viral media (video/photo/screenshot). No primary record (original footage, metadata, or an official statement) was available to establish authenticity or date; the case rests on fact-checker analysis.",,,,A,,,2026-09-24 (MT)
"Video showed workers fleeing an ICE/'migración' workplace raid in January 2025 after Trump's inauguration.
Began: Jan 21, 2025 | Ended: Jan 22, 2025 (Lead Stories: Tysons, VA footage predates Sept 2024 Google imagery)",https://leadstories.com/hoax-alert/2025/01/video-does-not-show-people-fleeing-ice-raid-in-january-2025.html,Viral/anonymous: TikTok Spanish-captioned posts ('LES CAYÓ MIGRACIÓN'),~1 day until Lead Stories,false video attribution / premature framing,false; Viral fake (anonymous/social media),149,Building under construction in video was already finished in Sept 2024 Street View.,Proven false,https://www.whitehouse.gov/presidential-actions/2025/01/securing-our-borders/,Official record,Unknown,later,"Could not verify against a primary source, move to the watch list",Watch list (unverified),Unverified,None confirmed (watch list),https://www.whitehouse.gov/presidential-actions/2025/01/securing-our-borders/,n/a,"Viral media (video/photo/screenshot). No primary record (original footage, metadata, or an official statement) was available to establish authenticity or date; the case rests on fact-checker analysis. Catalog PRIM (whitehouse.gov ""Securing Our Borders"" EO) does not establish when or where the video was filmed; the Street View comparison is a fact-checker's analysis, not a primary record.",,,,A,"Evidence weaker than the catalog stated: catalog Proof_Basis ""Official record"", but no primary proof could be confirmed.",Yes,2026-09-24 (MT)
"DOGE forwarded names of ~156–163 members of Congress (mostly Democrats) to the IRS for 'immediate audit.'
Began: Feb 16–19, 2025 | Ended: Feb 21, 2025 (USA Today False: stolen satire; watermark cropped)",https://www.usatoday.com/story/news/factcheck/2025/02/21/doge-irs-congress-democrats-satire-fact-check/79429910007/,Viral/anonymous: Viral Facebook/X/Instagram posts,~5 days until USA Today False,fabrication (stolen satire),false; Viral fake (anonymous/social media),150,Originated on America's Last Line of Defense satire network. Also: https://leadstories.com/hoax-alert/2025/02/fact-check-doge-forwarded-163-members-of-congress-to-irs.html,Proven false,,Fact-check only,Never corrected — fact-checked only,later,"Could not verify against a primary source, move to the watch list",Watch list (unverified),Unverified,None confirmed (watch list),https://www.usatoday.com/story/news/factcheck/2025/02/21/doge-irs-congress-democrats-satire-fact-check/79429910007/,n/a,"Viral media (video/photo/screenshot). No primary record (original footage, metadata, or an official statement) was available to establish authenticity or date; the case rests on fact-checker analysis.",,,,A,,,2026-09-24 (MT)
"Elon Musk posted on X that anyone protesting the Trump administration would be suspended from X.
Began: Feb 3, 2025 | Ended: Feb 5, 2025 (USA Today Manipulated media: fabricated)",https://www.usatoday.com/story/news/factcheck/2025/02/05/musk-post-threatens-trump-critics-fact-check/78209325007/,Viral/anonymous: Threads/Facebook/Instagram viral posts,~2 days until USA Today,fabrication / false attribution,false; Viral fake (anonymous/social media),151,No record on Musk's X account; identical crops indicated single fabricated source.,Proven false,,Fact-check only,Never corrected — fact-checked only,later,"Could not verify against a primary source, move to the watch list",Watch list (unverified),Unverified,None confirmed (watch list),https://www.usatoday.com/story/news/factcheck/2025/02/05/musk-post-threatens-trump-critics-fact-check/78209325007/,n/a,"Viral media (video/photo/screenshot). No primary record (original footage, metadata, or an official statement) was available to establish authenticity or date; the case rests on fact-checker analysis.",,,,A,,,2026-09-24 (MT)
"Video showed an ICE agent entering a Cal State University San Bernardino classroom looking for a student.
Began: Jan 19, 2026 | Ended: Jan 21, 2026 (Lead Stories: Sora AI watermark; no news of such raid)",https://leadstories.com/hoax-alert/2026/01/fact-check-video-of-ice-entering-class-at-cal-state-university-looking-for-student-is-fake-ai.html,Viral/anonymous: TikTok @eye.eat.ai and viral shares,~2 days until Lead Stories,fabrication,false; Viral fake (anonymous/social media),152,OpenAI Sora watermark visible in frame.,Proven false,,Fact-check only,Never corrected — fact-checked only,later,"Could not verify against a primary source, move to the watch list",Watch list (unverified),Unverified,None confirmed (watch list),https://leadstories.com/hoax-alert/2026/01/fact-check-video-of-ice-entering-class-at-cal-state-university-looking-for-student-is-fake-ai.html,n/a,"Viral media (video/photo/screenshot). No primary record (original footage, metadata, or an official statement) was available to establish authenticity or date; the case rests on fact-checker analysis.",,,,A,,,2026-09-24 (MT)
"Video authentically showed ICE agents arresting and deporting Pizza Hut employees.
Began: Nov 9, 2025 (~40M views in days) | Ended: Nov 13, 2025 (Snopes Fake: AI-generated)",https://www.snopes.com/fact-check/pizza-hut-ice-video/,Viral/anonymous: Facebook USA Journey 897 and viral Instagram/Facebook shares,~4 days until Snopes Fake,fabrication,false; Viral fake (anonymous/social media),153,Page later added an AI disclaimer after virality; dialogue role-swaps and disappearing agent.,Proven false,,Fact-check only,Never corrected — fact-checked only,later,"Could not verify against a primary source, move to the watch list",Watch list (unverified),Unverified,None confirmed (watch list),https://www.snopes.com/fact-check/pizza-hut-ice-video/,n/a,"Viral media (video/photo/screenshot). No primary record (original footage, metadata, or an official statement) was available to establish authenticity or date; the case rests on fact-checker analysis.",,,,A,,,2026-09-24 (MT)
"ICE is offering a $750 reward for reporting 'illegal immigrants' via its tip line under Trump's mass-deportation push.
Began: Jan 20, 2025 | Ended: Jan 24, 2025 (USA Today False: ICE does not offer rewards for civil immigration tips)",https://www.usatoday.com/story/news/factcheck/2025/01/24/750-ice-reward-illegal-immigrants-fact-check/77876841007/,Viral/anonymous: Instagram / Facebook / X posts,~4 days until USA Today False,fabrication,false; Viral fake (anonymous/social media),158,ICE: tip line exists for criminal activity but no rewards for civil immigration enforcement tips.,Proven false,,Fact-check only,Never corrected — fact-checked only,later,"Could not verify against a primary source, move to the watch list",Watch list (unverified),Unverified,None confirmed (watch list),https://www.usatoday.com/story/news/factcheck/2025/01/24/750-ice-reward-illegal-immigrants-fact-check/77876841007/,n/a,"Viral media (video/photo/screenshot). No primary record (original footage, metadata, or an official statement) was available to establish authenticity or date; the case rests on fact-checker analysis.",,,,A,,,2026-09-24 (MT)
"Videos showed dozens of migrants/children sleeping on the floor of an ICE facility as proof of Trump-era 'disgrace' detention conditions.
Began: Nov 23, 2025 | Ended: Dec 1, 2025 (AFP: likely AI-generated; three forensics experts)",http://web.archive.org/web/20260614202509/https://factcheck.afp.com/doc.afp.com.86Q26G3,Viral/anonymous: X / Instagram / Threads posts; TikTok @multiversoviral1 origin,~8 days until AFP,fabrication,false; Viral fake (anonymous/social media),159,"Experts cited AI statistical traces, flickering blanket reflections, deformed fingers/faces; Sora-related account pattern. Archive replacement of dead link.",Proven false,,Fact-check only,Never corrected — fact-checked only,later,"Could not verify against a primary source, move to the watch list",Watch list (unverified),Unverified,None confirmed (watch list),http://web.archive.org/web/20260614202509/https://factcheck.afp.com/doc.afp.com.86Q26G3,n/a,"Viral media (video/photo/screenshot). No primary record (original footage, metadata, or an official statement) was available to establish authenticity or date; the case rests on fact-checker analysis.",,,,A,,,2026-09-24 (MT)
"Video showed Ethiopian opposition politicians Gedu Andargachew and Lidetu Ayalew being forcibly deported from the U.S. under Trump TPS/enforcement moves.
Began: Dec 16, 2025 | Ended: Dec 19, 2025 (AFP: AI-generated; no news of such deportations)",http://web.archive.org/web/20260116121336/https://factcheck.afp.com/doc.afp.com.88NH964,Viral/anonymous: Facebook posts in Amharic and English,~3 days until AFP,fabrication,false; Viral fake (anonymous/social media),160,"AI anomalies included self-rolling luggage and mismatched faces; Ethiopian TPS end was announced but effective Feb 2026, and no reports of these figures' deportation. Archive replacement of dead link.",Proven false,,Fact-check only,Never corrected — fact-checked only,later,"Could not verify against a primary source, move to the watch list",Watch list (unverified),Unverified,None confirmed (watch list),http://web.archive.org/web/20260116121336/https://factcheck.afp.com/doc.afp.com.88NH964,n/a,"Viral media (video/photo/screenshot). No primary record (original footage, metadata, or an official statement) was available to establish authenticity or date; the case rests on fact-checker analysis.",,,,A,,,2026-09-24 (MT)
"Video of an ICE agent deporting his own mother ('Sorry Mom, this is my job') was authentic San Bernardino enforcement footage.
Began: Oct 17, 2025 | Ended: Oct 23, 2025 (Lead Stories: AI-generated parody)",https://leadstories.com/hoax-alert/2025/10/fact-check-fake-video-of-agent-deporting-his-own-mother-ai-generated-parody.html,Viral/anonymous: TikTok @crusty.left.sock (labeled AI parody) and downstream shares treating it as real,~6 days until Lead Stories,fabrication,false; Viral fake (anonymous/social media),161,Scrambled vest symbols; original caption admitted AI parody.,Proven false,,Fact-check only,Never corrected — fact-checked only,later,"Could not verify against a primary source, move to the watch list",Watch list (unverified),Unverified,None confirmed (watch list),https://leadstories.com/hoax-alert/2025/10/fact-check-fake-video-of-agent-deporting-his-own-mother-ai-generated-parody.html,n/a,"Viral media (video/photo/screenshot). No primary record (original footage, metadata, or an official statement) was available to establish authenticity or date; the case rests on fact-checker analysis.",,,,A,,,2026-09-24 (MT)
"The Trump administration ""has banned the CDC even using the word 'transgender.'""
Began: June 26, 2018 (Baldwin HRC speech) | Ended: Aug 17, 2018 (PolitiFact False: CDC/HHS denied any word ban; guidance was budget-language advice)",https://www.politifact.com/factchecks/2018/aug/17/tammy-baldwin/sen-tammy-baldwins-claim-about-trump-administratio/,Sen. Tammy Baldwin (D-Wis.),~7 weeks until PolitiFact False,policy-scope inflation,false,162,Based on WaPo headline about avoiding words in budget docs; CDC Director and CDC spokeswoman said no ban. Also: https://www.nytimes.com/2017/12/16/health/centers-disease-diversity-fetus.html,Proven false,,Fact-check only,Never corrected — fact-checked only,first,"Could not verify against a primary source, move to the watch list",Watch list (unverified),Unverified,None confirmed (watch list),https://www.politifact.com/factchecks/2018/aug/17/tammy-baldwin/sen-tammy-baldwins-claim-about-trump-administratio/,n/a,"The primary record (agency data, official document, transcript) needed to test the claim was not reached or located in this pass. The case rests on fact-checker reporting only. CDC/HHS denials not loaded from a primary source.",,,,C,,,2026-09-24 (MT)
"You can see visits to Moscow made during the campaign by Paul Manafort and others (implying Manafort went).
Began: May 18, 2017 (MSNBC Morning Joe) | Ended: May 19, 2017 (PolitiFact Mostly False: no public record Manafort went; overstated 'and others')",https://www.politifact.com/factchecks/2017/may/19/maxine-waters/rep-waters-exaggerates-trump-associate-moscow-trip/,Rep. Maxine Waters (D-Calif.) on MSNBC,1 day until Mostly False rating,false attribution of travel / exaggeration,misleading,163,Carter Page went once; Flynn trip was before exclusive Trump-campaign role.,Proven false,,Fact-check only,Never corrected — fact-checked only,first,"Could not verify against a primary source, move to the watch list",Watch list (unverified),Unverified,None confirmed (watch list),https://www.politifact.com/factchecks/2017/may/19/maxine-waters/rep-waters-exaggerates-trump-associate-moscow-trip/,n/a,"The primary record (agency data, official document, transcript) needed to test the claim was not reached or located in this pass. The case rests on fact-checker reporting only.",,,,C,,,2026-09-24 (MT)
"If Trump had done his job from the beginning on COVID-19, 'all the people would still be alive. All the people.'
Began: Sept 17, 2020 (CNN town hall) | Ended: Sept 18, 2020 (PolitiFact False: experts said many lives could have been saved, not every death)",https://www.politifact.com/factchecks/2020/sep/18/joe-biden/joe-biden-wrongly-claims-trump-couldve-prevented-e/,Joe Biden (presidential nominee),1 day until False rating,policy-scope inflation,false,164,Columbia and other studies estimated large averted deaths from earlier mitigation—not zero U.S. deaths.,Proven false,,Fact-check only,Never corrected — fact-checked only,first,"Could not verify against a primary source, move to the watch list",Watch list (unverified),Unverified,None confirmed (watch list),https://www.politifact.com/factchecks/2020/sep/18/joe-biden/joe-biden-wrongly-claims-trump-couldve-prevented-e/,n/a,"The primary record (agency data, official document, transcript) needed to test the claim was not reached or located in this pass. The case rests on fact-checker reporting only.",,,,C,,,2026-09-24 (MT)
"Donald Trump asserted that immigrants would 'carve you up with a knife.'
Began: Aug 7, 2019 (Biden Iowa campaign stop) | Ended: Aug 9, 2019 (PolitiFact False; FactCheck.org same week: Trump referred to MS-13 gang members)",https://www.politifact.com/factchecks/2019/aug/09/joe-biden/joe-biden-takes-donald-trumps-words-about-gang-mem/,Joe Biden,~2 days until False ratings,misquote / omitted context,false,165,"Oct 22, 2018 Houston rally line was about MS-13, not immigrants generally. Also: https://www.factcheck.org/2019/08/biden-takes-trump-quote-out-of-context/",Proven false,,Fact-check only,Never corrected — fact-checked only,first,"Could not verify against a primary source, move to the watch list",Watch list (unverified),Unverified,None confirmed (watch list),https://www.politifact.com/factchecks/2019/aug/09/joe-biden/joe-biden-takes-donald-trumps-words-about-gang-mem/,n/a,"The primary record (agency data, official document, transcript) needed to test the claim was not reached or located in this pass. The case rests on fact-checker reporting only.",,,,C,,,2026-09-24 (MT)
"45 nations had already restricted travel from China before Trump moved; the U.S. 'started off awfully slow.'
Began: April 5, 2020 (ABC This Week) | Ended: April 6, 2020 (FactCheck.org: U.S. neither late nor first among peers after WHO PHEIC)",https://www.factcheck.org/2020/04/trump-biden-spin-china-travel-restrictions/,Joe Biden,1 day until FactCheck,omitted context / chronology distortion,false,167,ThinkGlobalHealth tracker: dozens of countries moved in same WHO-window cluster as U.S.,Proven false,,Fact-check only,Never corrected — fact-checked only,first,"Could not verify against a primary source, move to the watch list",Watch list (unverified),Unverified,None confirmed (watch list),https://www.factcheck.org/2020/04/trump-biden-spin-china-travel-restrictions/,n/a,"The primary record (agency data, official document, transcript) needed to test the claim was not reached or located in this pass. The case rests on fact-checker reporting only.",,,,C,,,2026-09-24 (MT)
"Trump had to confess in writing in court to illegally diverting charitable contributions that were supposed to go to veterans.
Began: Nov 20, 2019 (Democratic primary debate, Atlanta) | Ended: Nov 21, 2019 (PolitiFact False: settlement admitted campaign control of fundraiser; funds reached veterans charities)",https://www.politifact.com/factchecks/2019/nov/21/pete-buttigieg/pete-buttigieg-falsely-says-donald-trump-illegally/,Pete Buttigieg,1 day until False rating,mischaracterization of court settlement,false,170,Judge found fiduciary breach aiding the campaign; not diversion away from veterans. Also: https://www.factcheck.org/2019/11/factchecking-the-november-democratic-debate/,Proven false,,Official record,Retraction after legal threat/settlement,first,"Could not verify against a primary source, move to the watch list",Watch list (unverified),Unverified,None confirmed (watch list),https://www.politifact.com/factchecks/2019/nov/21/pete-buttigieg/pete-buttigieg-falsely-says-donald-trump-illegally/,n/a,"The primary record (agency data, official document, transcript) needed to test the claim was not reached or located in this pass. The case rests on fact-checker reporting only. The NY AG press release URL returned 404; the NY Supreme Court decision and stipulation were not located.",,,,C,"Evidence weaker than the catalog stated: catalog Proof_Basis ""Official record"", but no primary proof could be confirmed.",Yes,2026-09-24 (MT)
"U.S. government wiretapped former Trump campaign chairman Paul Manafort under FISA (CNN exclusive).
Began: Sept 18, 2017 (CNN Politics exclusive) | Ended: Dec 9–17, 2019 (DOJ IG report contradicted; CNN editor's note acknowledging contradiction)",https://www.imediaethics.org/cnn-editor-note-2019-govt-report-says-opposite-what-we-reported-in-2017/,CNN Politics (anonymous-source exclusive),~2 years until IG report + editor's note,retracted/contradicted exclusive (editor's note),retracted/corrected,171,IG: Crossfire Hurricane team did not seek/seriously consider FISA on Manafort. CNN posted editor's note rather than full retraction. Also: https://www.washingtonpost.com/opinions/2019/12/09/did-government-wiretap-paul-manafort-ig-report-challenges-cnn-exclusive/; https://www.cnn.com/2017/09/18/politics/paul-manafort-government-wiretapped-fisa-russians,Proven false,https://www.imediaethics.org/cnn-editor-note-2019-govt-report-says-opposite-what-we-reported-in-2017/,Outlet's own correction,Editor's note at bottom of article,first,"Could not verify against a primary source, move to the watch list",Watch list (unverified),Unverified,None confirmed (watch list),https://www.imediaethics.org/cnn-editor-note-2019-govt-report-says-opposite-what-we-reported-in-2017/,n/a,"The outlet's own correction or editor's note was not loaded or seen. Evidence is only secondary (other outlets, Attkisson, iMediaEthics, Poynter, or fact-checkers).",,,,B,"Evidence weaker than the catalog stated: catalog Proof_Basis ""Outlet's own correction"", but no primary proof could be confirmed.",Yes,2026-09-24 (MT)
"129 million people with preexisting conditions could be denied coverage under Trump/GOP health repeal (Harris tweet).
Began: May 4, 2017 (Harris tweet) | Ended: May 10, 2017 (WaPo Fact Checker Three Pinocchios: HHS figure was broad potential exposure, not certain denials)",https://www.washingtonpost.com/news/fact-checker/wp/2017/05/10/kamala-harriss-claim-that-129-million-people-with-preexisting-conditions-could-be-denied-coverage/,Sen. Kamala Harris,~6 days until Pinocchio rating,policy-scope inflation,misleading,174,WaPo Three Pinocchios; user bar also includes Four Pinocchios—kept as named WaPo Fact Checker case.,Proven false,,Fact-check only,Never corrected — fact-checked only,first,"Could not verify against a primary source, move to the watch list",Watch list (unverified),Unverified,None confirmed (watch list),https://www.washingtonpost.com/news/fact-checker/wp/2017/05/10/kamala-harriss-claim-that-129-million-people-with-preexisting-conditions-could-be-denied-coverage/,n/a,"The primary record (agency data, official document, transcript) needed to test the claim was not reached or located in this pass. The case rests on fact-checker reporting only.",,,,C,,,2026-09-24 (MT)
"Trump cut Justice Department funding to investigate domestic terrorist / white supremacist groups.
Began: March 27, 2019 (CNN town hall) | Ended: April 11, 2019 (PolitiFact Mostly False: cited DHS prevention grants, not DOJ/FBI investigative cuts)",https://www.politifact.com/factchecks/2019/apr/11/cory-booker/donald-trump-cut-funding-investigate-domestic-terr/,Sen. Cory Booker,~2 weeks until Mostly False,agency/program misidentification,misleading,175,CVE grant changes at DHS; no evidence FBI investigative funding cut as claimed.,Proven false,,Fact-check only,Never corrected — fact-checked only,first,"Could not verify against a primary source, move to the watch list",Watch list (unverified),Unverified,None confirmed (watch list),https://www.politifact.com/factchecks/2019/apr/11/cory-booker/donald-trump-cut-funding-investigate-domestic-terr/,n/a,"The primary record (agency data, official document, transcript) needed to test the claim was not reached or located in this pass. The case rests on fact-checker reporting only.",,,,C,,,2026-09-24 (MT)
"Trump's whole health-care plan is a six-word plan: replace Obamacare with 'something so much better.'
Began: July 27, 2016 (DNC; Howard Dean) | Ended: July 27, 2016 (FactCheck.org: Trump had posted a multi-point health plan on his site)",https://www.factcheck.org/2016/07/factchecking-day-2-of-the-dnc/,Former Vermont Gov. Howard Dean,same-night FactCheck,false denial of published plan,false,176,Plan substance debatable; claim of no plan beyond six words was false.,Proven false,,Fact-check only,Never corrected — fact-checked only,first,"Could not verify against a primary source, move to the watch list",Watch list (unverified),Unverified,None confirmed (watch list),https://www.factcheck.org/2016/07/factchecking-day-2-of-the-dnc/,n/a,"The primary record (agency data, official document, transcript) needed to test the claim was not reached or located in this pass. The case rests on fact-checker reporting only.",,,,C,,,2026-09-24 (MT)
"The FBI gave Rudy Giuliani a 2019 defensive briefing warning he was a target of Russian disinformation (also claimed for OAN).
Began: April 29–30, 2021 (WaPo then NYT/NBC follow-ons after Giuliani raid) | Ended: May 1–3, 2021 (WaPo/NYT/NBC corrections; Poynter roundup)",https://www.poynter.org/newsletters/2021/troubling-corrections-at-the-washington-post-new-york-times-and-nbc-news/,The Washington Post; The New York Times; NBC News,~2–4 days until corrections,retracted invention (anonymous sources),retracted/corrected,178,NBC: briefing prepared but not delivered. Corrected stories removed assertions Giuliani/OAN received warnings. Also: https://www.cnn.com/2021/05/01/media/washington-post-new-york-times-retraction-giuliani,Proven false,https://www.cnn.com/2021/05/01/media/washington-post-new-york-times-retraction-giuliani,Outlet's own correction,Appended correction line,later,"Could not verify against a primary source, move to the watch list",Watch list (unverified),Unverified,None confirmed (watch list),https://www.cnn.com/2021/05/01/media/washington-post-new-york-times-retraction-giuliani,n/a,"The outlet's own correction or editor's note was not loaded or seen. Evidence is only secondary (other outlets, Attkisson, iMediaEthics, Poynter, or fact-checkers). CNN report of the WaPo/NYT/NBC corrections is secondary.",,,,B,"Evidence weaker than the catalog stated: catalog Proof_Basis ""Outlet's own correction"", but no primary proof could be confirmed.",Yes,2026-09-24 (MT)
"National Guard troops withdrew from Los Angeles, Chicago, and Portland with no public acknowledgment from the White House/Pentagon.
Began: Feb 11, 2026 (Washington Post reporting + X post) | Ended: Feb 11, 2026 (WaPo X correction noting Trump Truth Social announcement weeks earlier; prior post deleted)",https://dailycallernewsfoundation.org/2026/02/11/wapo-eats-crow-for-reporting-white-house-didnt-announce-something-trump-literally-put-on-truth-social/,The Washington Post,hours until same-day X correction,omitted context / false 'secret' framing,retracted/corrected,179,Correction text: withdrew with no public acknowledgment other than Trump social post weeks earlier. Primary WaPo story: https://www.washingtonpost.com/national-security/2026/02/11/national-guard-los-angeles-chicago-portland/ Also: https://www.washingtonpost.com/national-security/2026/02/11/national-guard-los-angeles-chicago-portland/,Proven false,,Outlet's own correction,Appended correction line,later,"Could not verify against a primary source, move to the watch list",Watch list (unverified),Unverified,None confirmed (watch list),https://dailycallernewsfoundation.org/2026/02/11/wapo-eats-crow-for-reporting-white-house-didnt-announce-something-trump-literally-put-on-truth-social/,n/a,"The outlet's own correction or editor's note was not loaded or seen. Evidence is only secondary (other outlets, Attkisson, iMediaEthics, Poynter, or fact-checkers). Daily Caller report of the WaPo correction is secondary.",,,,B,"Evidence weaker than the catalog stated: catalog Proof_Basis ""Outlet's own correction"", but no primary proof could be confirmed.",Yes,2026-09-24 (MT)
"Under Trump/DOGE, Social Security would communicate with the press and public exclusively via X (dropping press releases/Dear Colleague letters).
Began: April 2025 (WIRED report of internal meeting remarks; Warren and others amplified) | Ended: April 14, 2025 (SSA on X and to Newsweek: 'This is false'; continues any/all mediums; White House Rapid Response called Wired report fake)",https://www.newsweek.com/social-security-update-reports-messaging-changes-x-2059540,WIRED (meeting report); Sen. Elizabeth Warren (amplifying); viral posts,days until SSA public denial,overstated internal plan as locked exclusive policy,false,181,WIRED quoted regional commissioner; SSA official channel denied exclusive-X shift. Include as named-outlet claim later contradicted by agency. Also: https://www.wcnc.com/article/news/verify/social-security-administration-moving-public-communication-to-x-social-media-platform-elon-musk/275-a2663fd6-449d-4caa-ab64-eeaa584ee347,Proven false,,Fact-check only,Never corrected — fact-checked only,later,"Could not verify against a primary source, move to the watch list",Watch list (unverified),Unverified,None confirmed (watch list),https://www.newsweek.com/social-security-update-reports-messaging-changes-x-2059540,n/a,"The primary record (agency data, official document, transcript) needed to test the claim was not reached or located in this pass. The case rests on fact-checker reporting only. ssa.gov returned 403; SSA's on-record denial is available only via secondary reports.",,,,C,,,2026-09-24 (MT)
"NYT reported Pax Silica consortium sought $4 trillion / $1 trillion committed investment and quoted Under Secretary Helberg calling Hormuz disruption 'a blessing.'
Began: March 23, 2026 (NYT Pax Silica story) | Ended: March 23 & March 29, 2026 (NYT corrections: >$1T AUM not $4T; not committed $1T; quote was 'a lesson' not 'a blessing')",https://www.foxnews.com/media/trump-admin-official-shreds-ny-times-multiple-corrections-report-silicon-valley-initiative,The New York Times,~1 week across two corrections,retracted misquote + numeric error,retracted/corrected,182,Helberg posted full remarks; NYT Communications said errors corrected when aware. Secondary sources quote NYT correction boxes. Also: https://www.westernjournal.com/new-york-times-issues-correction-getting-called-trump-admin-fabricated-quotes/,Proven false,https://www.foxnews.com/media/trump-admin-official-shreds-ny-times-multiple-corrections-report-silicon-valley-initiative,Outlet's own correction,Appended correction line,later,"Could not verify against a primary source, move to the watch list",Watch list (unverified),Unverified,None confirmed (watch list),https://www.foxnews.com/media/trump-admin-official-shreds-ny-times-multiple-corrections-report-silicon-valley-initiative,n/a,"The outlet's own correction or editor's note was not loaded or seen. Evidence is only secondary (other outlets, Attkisson, iMediaEthics, Poynter, or fact-checkers). Fox report of the NYT corrections is secondary.",,,,B,"Evidence weaker than the catalog stated: catalog Proof_Basis ""Outlet's own correction"", but no primary proof could be confirmed.",Yes,2026-09-24 (MT)
"Violent crime was up under Donald Trump (as an overall Trump-term characterization).
Began: Aug 6, 2024 (Harris/Walz Philadelphia rally) | Ended: Aug 7–8, 2024 (FactCheck.org: murders/aggravated assault up via 2020 spike; overall violent crime rate down 2016→2020)",https://www.factcheck.org/2024/08/factchecking-the-first-harris-walz-rally/,Gov. Tim Walz,1–2 days until FactCheck,cherry-picked crime categories,misleading,186,FactCheck corrected its own initial rate direction Aug 8 using FBI 2022 CIUS.,Rated misleading,,Fact-check only,Never corrected — fact-checked only,later,"Could not verify against a primary source, move to the watch list",Watch list (unverified),Unverified,None confirmed (watch list),https://www.factcheck.org/2024/08/factchecking-the-first-harris-walz-rally/,n/a,"The primary record (agency data, official document, transcript) needed to test the claim was not reached or located in this pass. The case rests on fact-checker reporting only.",,,,C,,,2026-09-24 (MT)
"Biden-Harris digital ad featured Trump saying women must face 'some form of punishment' for abortion as if that remained his position (omitting same-day walk-back).
Began: Sept 2023 (Biden-Harris 'These Guys' digital ad) | Ended: Sept 11, 2023 (FactCheck.org: ad misleadingly used retracted 2016 town-hall clip)",https://www.factcheck.org/2023/09/trump-walked-back-abortion-statement-misleadingly-used-in-biden-harris-ad/,Biden-Harris 2024 campaign,ad flight until FactCheck,misleading edit / omitted retraction,misleading,188,"Trump same-day 2016 statement: physician responsible, woman a victim.",Proven false,,Outlet's own correction,Appended correction line,later,"Could not verify against a primary source, move to the watch list",Watch list (unverified),Unverified,None confirmed (watch list),https://www.factcheck.org/2023/09/trump-walked-back-abortion-statement-misleadingly-used-in-biden-harris-ad/,n/a,"The outlet's own correction or editor's note was not loaded or seen. Evidence is only secondary (other outlets, Attkisson, iMediaEthics, Poynter, or fact-checkers).",,,,B,"Evidence weaker than the catalog stated: catalog Proof_Basis ""Outlet's own correction"", but no primary proof could be confirmed.",Yes,2026-09-24 (MT)
"Harris claimed Trump intends a 'sales tax' tariff plan that economists say would cost typical families about $4,000 a year (as the definitive estimate).
Began: Sept 10, 2024 (ABC debate) | Ended: Sept 11, 2024 (FactCheck.org: $4,000 is high-end CAP estimate assuming 20% global + 60% China; other nonpartisan estimates much lower)",https://www.factcheck.org/2024/09/factchecking-the-harris-trump-debate/,Vice President Kamala Harris,1 day until FactCheck,cherry-picked high-end estimate as consensus,misleading,190,"TPC/PIIE/Tax Foundation estimates ~$625–$1,700 range under common 10%/60% assumptions.",Rated misleading,,Fact-check only,Never corrected — fact-checked only,later,"Could not verify against a primary source, move to the watch list",Watch list (unverified),Unverified,None confirmed (watch list),https://www.factcheck.org/2024/09/factchecking-the-harris-trump-debate/,n/a,"The primary record (agency data, official document, transcript) needed to test the claim was not reached or located in this pass. The case rests on fact-checker reporting only.",,,,C,,,2026-09-24 (MT)
"Under Trump's administration, gender-affirming surgeries were available on a medical-necessity basis to people in the federal prison system (implying Trump-era practice matched Harris's position).
Began: Oct 16, 2024 (Fox News Bret Baier interview) | Ended: Oct 18, 2024 (FactCheck.org: BOP memo contemplated obligation, but first federal inmate surgeries occurred in 2022–23 under Biden)",https://www.factcheck.org/2024/10/factchecking-harris-and-trumps-fox-news-appearances/,Vice President Kamala Harris,2 days until FactCheck,omitted context,misleading,193,Hormone therapy occurred; surgeries for federal inmates came later. Used to claim Trump policy 'no different.',Rated misleading,,Fact-check only,Never corrected — fact-checked only,later,"Could not verify against a primary source, move to the watch list",Watch list (unverified),Unverified,None confirmed (watch list),https://www.factcheck.org/2024/10/factchecking-harris-and-trumps-fox-news-appearances/,n/a,"The primary record (agency data, official document, transcript) needed to test the claim was not reached or located in this pass. The case rests on fact-checker reporting only.",,,,C,,,2026-09-24 (MT)
"Repealing the ACA individual mandate in the GOP tax bill would 'boot' 13 million people from the health insurance rolls.
Began: Nov 14, 2017 (Schumer Senate floor speech) | Ended: Nov 17, 2017 (FactCheck.org: Distorts the Facts)",https://www.factcheck.org/2017/11/democrats-inaccurate-talking-point/,Senate Minority Leader Chuck Schumer,~weeks during tax debate,voluntary disenrollment framed as kicking people off,misleading,195,"CBO/JCT estimated 13M fewer insured by 2025–27 if mandate penalty repealed; FactCheck: many would drop voluntarily, not be 'booted.' Also: https://www.cbo.gov/publication/53300",Rated misleading,https://www.cbo.gov/publication/53300,Official record,Never corrected — fact-checked only,first,"Could not verify against a primary source, move to the watch list",Watch list (unverified),Unverified,None confirmed (watch list),https://www.cbo.gov/publication/53300,n/a,"The primary record (agency data, official document, transcript) needed to test the claim was not reached or located in this pass. The case rests on fact-checker reporting only. CBO 53300 is blocked: cbo.gov returns 403, WebFetch returned empty or timed out, and web.archive.org gave repeated TLS errors.",,,,C,"Evidence weaker than the catalog stated: catalog Proof_Basis ""Official record"", but no primary proof could be confirmed.",Yes,2026-09-24 (MT)
"Republicans want to pay for tax cuts for the wealthy by 'taking health care away from 13 million Americans.'
Began: Nov 15, 2017 (Durbin tweet) | Ended: Nov 17, 2017 (FactCheck.org Distorts the Facts on same talking point)",https://www.factcheck.org/2017/11/democrats-inaccurate-talking-point/,Sen. Dick Durbin,~weeks during tax debate,CBO uninsured estimate reframed as forced loss of coverage,misleading,196,Same CBO 13M figure; FactCheck: not equivalent to taking coverage away from 13M. Also: https://www.cbo.gov/publication/53300,Rated misleading,https://www.cbo.gov/publication/53300,Official record,Never corrected — fact-checked only,first,"Could not verify against a primary source, move to the watch list",Watch list (unverified),Unverified,None confirmed (watch list),https://www.cbo.gov/publication/53300,n/a,"The primary record (agency data, official document, transcript) needed to test the claim was not reached or located in this pass. The case rests on fact-checker reporting only. CBO 53300 blocked (see #195).",,,,C,"Evidence weaker than the catalog stated: catalog Proof_Basis ""Official record"", but no primary proof could be confirmed.",Yes,2026-09-24 (MT)
"The GOP health/tax plan would 'knock 13 million people off health care.'
Began: Nov 16, 2017 (Warren on MSNBC Morning Joe) | Ended: Nov 17, 2017 (FactCheck.org Distorts the Facts)",https://www.factcheck.org/2017/11/democrats-inaccurate-talking-point/,Sen. Elizabeth Warren,~weeks during tax debate,CBO coverage estimate framed as forced removal,misleading,197,FactCheck.org grouped Warren with Schumer/Durbin on the inaccurate 'knock off' framing of CBO mandate estimates. Also: https://www.cbo.gov/publication/53300,Rated misleading,https://www.cbo.gov/publication/53300,Official record,Never corrected — fact-checked only,first,"Could not verify against a primary source, move to the watch list",Watch list (unverified),Unverified,None confirmed (watch list),https://www.cbo.gov/publication/53300,n/a,"The primary record (agency data, official document, transcript) needed to test the claim was not reached or located in this pass. The case rests on fact-checker reporting only. CBO 53300 blocked (see #195).",,,,C,"Evidence weaker than the catalog stated: catalog Proof_Basis ""Official record"", but no primary proof could be confirmed.",Yes,2026-09-24 (MT)
"The GOP tax plan 'Sabotages the health care of 13 MILLION Americans.'
Began: Nov 27, 2017 (TeamPelosi tweet) | Ended: Nov 29, 2017 (PolitiFact Half True: leaves out voluntary exits)",https://www.politifact.com/factchecks/2017/nov/29/nancy-pelosi/pelosis-problematic-claim-gop-tax-plan-sabotages-h/,Nancy Pelosi / TeamPelosi,~weeks,omits that most of the 13M would leave coverage voluntarily,Half True / misleading,198,PolitiFact Half True: 'partially accurate but leaves out important details or takes things out of context'; 'Sabotaged' doesn't fit for ~2/3 voluntary leavers (RAND). Also: https://www.cbo.gov/publication/53300,Rated misleading,https://www.cbo.gov/publication/53300,Official record,Never corrected — fact-checked only,first,"Could not verify against a primary source, move to the watch list",Watch list (unverified),Unverified,None confirmed (watch list),https://www.cbo.gov/publication/53300,n/a,"The primary record (agency data, official document, transcript) needed to test the claim was not reached or located in this pass. The case rests on fact-checker reporting only. CBO 53300 blocked (see #195).",,,,C,"Evidence weaker than the catalog stated: catalog Proof_Basis ""Official record"", but no primary proof could be confirmed.",Yes,2026-09-24 (MT)
"'In America, there is a father who is holding down two jobs and paying more taxes than the richest 400 families in America' (post-TCJA justice framing).
Began: Nov 13, 2019 (Harris Facebook ad) | Ended: Nov 21, 2019 (PolitiFact Mostly False)",https://www.politifact.com/factchecks/2019/nov/21/kamala-harris/kamala-harris-claim-about-typical-dad-paying-more/,Sen. Kamala Harris,~1–2 weeks of ad run,tax rates study misstated as dollars of taxes paid,Mostly False,208,Saez-Zucman rate comparison; Harris said paying more taxes (dollars). PF Mostly False. Used to attack post-2017 Trump tax settlement for the rich. Also: https://taxpolicycenter.org/,Proven false,https://www.politifact.com/factchecks/2019/nov/21/kamala-harris/kamala-harris-claim-about-typical-dad-paying-more/,Fact-check only,Retraction after legal threat/settlement,first,"Could not verify against a primary source, move to the watch list",Watch list (unverified),Unverified,None confirmed (watch list),https://www.politifact.com/factchecks/2019/nov/21/kamala-harris/kamala-harris-claim-about-typical-dad-paying-more/,n/a,"The primary record (agency data, official document, transcript) needed to test the claim was not reached or located in this pass. The case rests on fact-checker reporting only.",,,,C,,,2026-09-24 (MT)
"Trump 'just denied North Carolina’s request for FEMA relief from Hurricane Helene,' calling it unwarranted (implying relief ended).
Began: Apr 12, 2025 (Brian Tyler Cohen X post) | Ended: Apr 24, 2025 (PolitiFact Half True: missing context—90% cost share continues)",https://www.politifact.com/factchecks/2025/apr/24/brian-tyler-cohen/claim-about-trump-rejecting-helene-relief-for-nort/,Brian Tyler Cohen,~2 weeks viral (6.6M accounts reached),denial of 100% cost-share extension framed as denying FEMA relief,Half True / Missing Context,213,FEMA denied extending 100% federal cost share; continued 90% (vs normal 75%). PF: leaves out important detail. Also: https://www.fema.gov/,Rated misleading,https://www.politifact.com/factchecks/2025/apr/24/brian-tyler-cohen/claim-about-trump-rejecting-helene-relief-for-nort/,Fact-check only,Never corrected — fact-checked only,later,"Could not verify against a primary source, move to the watch list",Watch list (unverified),Unverified,None confirmed (watch list),https://www.politifact.com/factchecks/2025/apr/24/brian-tyler-cohen/claim-about-trump-rejecting-helene-relief-for-nort/,n/a,"The primary record (agency data, official document, transcript) needed to test the claim was not reached or located in this pass. The case rests on fact-checker reporting only.",,,,C,,,2026-09-24 (MT)
"Trump 'wants the middle class to pay the price for another huge tax cut that would mostly help him and his rich friends.'
Began: Aug 20, 2024 (Obama DNC night 2) | Ended: Aug 21, 2024 (FactCheck.org: proposed extensions/cuts benefit all income levels on average)",https://www.factcheck.org/2024/08/day-2-of-the-democratic-national-convention/,Former President Barack Obama,convention speech,distributional overstatement of proposed tax agenda,misleading,224,"FactCheck: Trump proposals (extend TCJA individual cuts, no tax on tips/SS) benefit taxpayers across incomes; TPC: extending TCJA individuals ~45% of benefits to $450k+, not 'mostly' him and rich friends alone. Also: https://taxfoundation.org/; https://www.taxpolicycenter.org/",Rated misleading,https://www.factcheck.org/2024/08/day-2-of-the-democratic-national-convention/,Fact-check only,Never corrected — fact-checked only,later,"Could not verify against a primary source, move to the watch list",Watch list (unverified),Unverified,None confirmed (watch list),https://www.factcheck.org/2024/08/day-2-of-the-democratic-national-convention/,n/a,"The primary record (agency data, official document, transcript) needed to test the claim was not reached or located in this pass. The case rests on fact-checker reporting only.",,,,C,,,2026-09-24 (MT)
"UK Telegraph 'mystery of Melania' cover story made multiple false claims about Melania Trump's family, modeling, university, and marriage chronology.
Began: Jan 19, 2019 (Telegraph Magazine) | Ended: Jan 26, 2019 (Telegraph apology; unpublished article; paid damages)",https://www.imediaethics.org/telegraph-retracts-melania-trump-article-over-family-modeling-claims/,The Telegraph (UK) / Nina Burleigh,~1 week,multi-point biographical falsehoods,retraction + damages,227,Fetched iMediaEthics quoting full Telegraph apology admitting false statements; paid substantial damages and costs. Also: https://sharylattkisson.substack.com/p/media-mistakes-in-reporting-on-donald,Proven false,https://www.imediaethics.org/telegraph-retracts-melania-trump-article-over-family-modeling-claims/,Outlet's own correction,Appended correction line,first,"Could not verify against a primary source, move to the watch list",Watch list (unverified),Unverified,None confirmed (watch list),https://www.imediaethics.org/telegraph-retracts-melania-trump-article-over-family-modeling-claims/,n/a,"The outlet's own correction or editor's note was not loaded or seen. Evidence is only secondary (other outlets, Attkisson, iMediaEthics, Poynter, or fact-checkers).",,,,B,"Evidence weaker than the catalog stated: catalog Proof_Basis ""Outlet's own correction"", but no primary proof could be confirmed.",Yes,2026-09-24 (MT)
"NPR reported Donald Trump Jr.'s Senate testimony about Moscow negotiations ending in 2014 contradicted Michael Cohen's plea—mischaracterizing different projects.
Began: Nov 30, 2018 (NPR report) | Ended: Dec 2018 (lengthy NPR editor's note; public editor 'need to slow down')",https://www.imediaethics.org/npr-adds-editors-note-on-donald-trump-jr-russia-project/,NPR (Philip Ewing),~1 week until editor's note,conflating distinct real-estate negotiations,editor's note,228,Fetched iMediaEthics quoting NPR editor's note: Trump Jr. was discussing a different project than Cohen's Moscow talks. Also: https://www.npr.org/sections/publiceditor/2018/12/04/673374082/the-need-to-slow-down,Proven false,https://www.imediaethics.org/npr-adds-editors-note-on-donald-trump-jr-russia-project/,Outlet's own correction,Editor's note at bottom of article,first,"Could not verify against a primary source, move to the watch list",Watch list (unverified),Unverified,None confirmed (watch list),https://www.imediaethics.org/npr-adds-editors-note-on-donald-trump-jr-russia-project/,n/a,"The outlet's own correction or editor's note was not loaded or seen. Evidence is only secondary (other outlets, Attkisson, iMediaEthics, Poynter, or fact-checkers).",,,,B,"Evidence weaker than the catalog stated: catalog Proof_Basis ""Outlet's own correction"", but no primary proof could be confirmed.",Yes,2026-09-24 (MT)
"CNN claimed Nancy Sinatra was 'not happy' that her father's song was used at Trump's inauguration.
Began: Jan 20, 2017 (CNN) | Ended: Jan 20, 2017 (Sinatra public denial: 'Why do you lie, CNN?')",https://sharylattkisson.substack.com/p/media-mistakes-in-reporting-on-donald,CNN,hours,fabricated celebrity reaction,subject denial / correction,230,Attkisson #6. Sinatra: 'That's not true. I never said that.' Primary = Sinatra's own statement as original record of falsity; CNN walk-back not always archived. Also: https://twitter.com/,Proven false,https://sharylattkisson.substack.com/p/media-mistakes-in-reporting-on-donald,Original transcript/video,Unknown,first,"Could not verify against a primary source, move to the watch list",Watch list (unverified),Unverified,None confirmed (watch list),https://sharylattkisson.substack.com/p/media-mistakes-in-reporting-on-donald,n/a,"The outlet's own correction or editor's note was not loaded or seen. Evidence is only secondary (other outlets, Attkisson, iMediaEthics, Poynter, or fact-checkers).",,,,B,"Evidence weaker than the catalog stated: catalog Proof_Basis ""Original transcript/video"", but no primary proof could be confirmed.",Yes,2026-09-24 (MT)
"NYT Your Money hypothetical said a sample family's tax bill would rise nearly $4,000 under Trump's tax law; corrected math showed a ~$43 cut.
Began: Mar 8, 2018 (Jan Rosen NYT) | Ended: Mar 2018 (NYT correction of calculation)",https://sharylattkisson.substack.com/p/media-mistakes-in-reporting-on-donald,The New York Times (Jan Rosen),days,arithmetic error presented as policy harm,correction,231,Attkisson #41. Also: https://www.nytimes.com/,Proven false,https://sharylattkisson.substack.com/p/media-mistakes-in-reporting-on-donald,Outlet's own correction,Appended correction line,first,"Could not verify against a primary source, move to the watch list",Watch list (unverified),Unverified,None confirmed (watch list),https://sharylattkisson.substack.com/p/media-mistakes-in-reporting-on-donald,n/a,"The outlet's own correction or editor's note was not loaded or seen. Evidence is only secondary (other outlets, Attkisson, iMediaEthics, Poynter, or fact-checkers).",,,,B,"Evidence weaker than the catalog stated: catalog Proof_Basis ""Outlet's own correction"", but no primary proof could be confirmed.",Yes,2026-09-24 (MT)
"NBC reported Trump was the first president since 2002 not to visit troops at Christmastime—while he and Melania were visiting troops in Iraq/Afghanistan theater.
Began: Dec 26, 2018 (NBC) | Ended: Dec 2018 (NBC added note; false headline left in place per Attkisson)",https://sharylattkisson.substack.com/p/media-mistakes-in-reporting-on-donald,NBC News,hours to days,false visit-status claim,editor's note (incomplete),232,Attkisson #63. Official WH photos/trip record contradict. Also: https://www.nbcnews.com/,Proven false,https://sharylattkisson.substack.com/p/media-mistakes-in-reporting-on-donald,Outlet's own correction,Appended correction line,first,"Could not verify against a primary source, move to the watch list",Watch list (unverified),Unverified,None confirmed (watch list),https://sharylattkisson.substack.com/p/media-mistakes-in-reporting-on-donald,n/a,"The outlet's own correction or editor's note was not loaded or seen. Evidence is only secondary (other outlets, Attkisson, iMediaEthics, Poynter, or fact-checkers).",,,,B,"Evidence weaker than the catalog stated: catalog Proof_Basis ""Outlet's own correction"", but no primary proof could be confirmed.",Yes,2026-09-24 (MT)
"Multiple outlets including Axios reported Rod Rosenstein had resigned or been fired (Sep 2018 false alarms).
Began: Sep 24, 2018 (Axios and others) | Ended: Sep 24, 2018 (updates/clarifications—he remained DAG; formal resignation much later Apr 2019)",https://sharylattkisson.substack.com/p/media-mistakes-in-reporting-on-donald,Axios; other outlets,hours,false resignation/firing report,update / clarification,234,Attkisson #59. Also: https://www.axios.com/,Proven false,https://sharylattkisson.substack.com/p/media-mistakes-in-reporting-on-donald,Outlet's own correction,Appended correction line,first,"Could not verify against a primary source, move to the watch list",Watch list (unverified),Unverified,None confirmed (watch list),https://sharylattkisson.substack.com/p/media-mistakes-in-reporting-on-donald,n/a,"The outlet's own correction or editor's note was not loaded or seen. Evidence is only secondary (other outlets, Attkisson, iMediaEthics, Poynter, or fact-checkers).",,,,B,"Evidence weaker than the catalog stated: catalog Proof_Basis ""Outlet's own correction"", but no primary proof could be confirmed.",Yes,2026-09-24 (MT)
"Slate's Alfa Bank / Trump Tower 'secret server' collusion narrative was presented as investigative fact; Mueller told Congress his belief was it was 'not true.'
Began: Oct 2016 (Slate Franklin Foer) and recirculation through 2019 | Ended: Jul 24, 2019 (Mueller House testimony)",https://sharylattkisson.substack.com/p/media-mistakes-in-reporting-on-donald,Slate.com (originating); widely recirculated,~2.5 years of recirculation,technical speculation as collusion proof,contradicted by official testimony,235,Attkisson #88. Mueller: 'my belief at this point is…not true.' Also: https://www.congress.gov/,Proven false,https://www.govinfo.gov/content/pkg/CHRG-116hhrg38910/pdf/CHRG-116hhrg38910.pdf,Official record,Unknown,first,"Could not verify against a primary source, move to the watch list",Watch list (unverified),Unverified,None confirmed (watch list),https://www.govinfo.gov/content/pkg/CHRG-116hhrg38910/pdf/CHRG-116hhrg38910.pdf,n/a,"The primary record (agency data, official document, transcript) needed to test the claim was not reached or located in this pass. The case rests on fact-checker reporting only. The cited govinfo package (CHRG-116hhrg38910) has no text, and CHRG-116hhrg38243 has no ""Alfa"" mention; the HPSCI transcript of Mueller's answer was not loaded.",,,,C,"Evidence weaker than the catalog stated: catalog Proof_Basis ""Official record"", but no primary proof could be confirmed.",Yes,2026-09-24 (MT)
"AP reported Christopher Steele's anti-Trump opposition research was initially funded by the conservative Washington Free Beacon.
Began: Feb 2, 2018 (AP) | Ended: Feb 2018 (AP correction: Steele joined after Democrats funded the project)",https://sharylattkisson.substack.com/p/media-mistakes-in-reporting-on-donald,Associated Press,days,funding chronology error,AP correction,236,Attkisson #40. Also: https://apnews.com/,Proven false,https://sharylattkisson.substack.com/p/media-mistakes-in-reporting-on-donald,Outlet's own correction,Appended correction line,first,"Could not verify against a primary source, move to the watch list",Watch list (unverified),Unverified,None confirmed (watch list),https://sharylattkisson.substack.com/p/media-mistakes-in-reporting-on-donald,n/a,"The outlet's own correction or editor's note was not loaded or seen. Evidence is only secondary (other outlets, Attkisson, iMediaEthics, Poynter, or fact-checkers).",,,,B,"Evidence weaker than the catalog stated: catalog Proof_Basis ""Outlet's own correction"", but no primary proof could be confirmed.",Yes,2026-09-24 (MT)
"AP said a Trump advisory-board official was a Miss America contestant who killed a black rhino; she was a Mrs. America contestant who shot a nonlethal dart at a white rhino.
Began: Mar 15, 2018 (AP) | Ended: Mar 2018 (AP correction)",https://sharylattkisson.substack.com/p/media-mistakes-in-reporting-on-donald,Associated Press,days,multiple factual identity/event errors,AP correction,237,Attkisson #43. Unfavorable framing of Trump advisory circle. Also: https://apnews.com/,Proven false,https://sharylattkisson.substack.com/p/media-mistakes-in-reporting-on-donald,Outlet's own correction,Appended correction line,first,"Could not verify against a primary source, move to the watch list",Watch list (unverified),Unverified,None confirmed (watch list),https://sharylattkisson.substack.com/p/media-mistakes-in-reporting-on-donald,n/a,"The outlet's own correction or editor's note was not loaded or seen. Evidence is only secondary (other outlets, Attkisson, iMediaEthics, Poynter, or fact-checkers).",,,,B,"Evidence weaker than the catalog stated: catalog Proof_Basis ""Outlet's own correction"", but no primary proof could be confirmed.",Yes,2026-09-24 (MT)
"CNN/WSJ reported Trump fired/escorted out a deputy national security adviser on Melania's demand; official said she was still at the WH / reassigned.
Began: Nov 14, 2018 (CNN Jeff Zeleny; WSJ) | Ended: Nov 2018 (senior official denial; reassignment not firing)",https://sharylattkisson.substack.com/p/media-mistakes-in-reporting-on-donald,CNN; The Wall Street Journal,hours to days,false firing/escort narrative,contradicted by WH,238,Attkisson #61. Also: https://www.cnn.com/,Proven false,https://sharylattkisson.substack.com/p/media-mistakes-in-reporting-on-donald,Outlet's own correction,Editor's note at bottom of article,first,"Could not verify against a primary source, move to the watch list",Watch list (unverified),Unverified,None confirmed (watch list),https://sharylattkisson.substack.com/p/media-mistakes-in-reporting-on-donald,n/a,"The outlet's own correction or editor's note was not loaded or seen. Evidence is only secondary (other outlets, Attkisson, iMediaEthics, Poynter, or fact-checkers).",,,,B,"Evidence weaker than the catalog stated: catalog Proof_Basis ""Outlet's own correction"", but no primary proof could be confirmed.",Yes,2026-09-24 (MT)
"Politico/NY Post and others used misdated Melania modeling photos (said 1995) to imply visa violations; photo date was wrong.
Began: Aug–Nov 2016 (NY Post photos; Politico and others) | Ended: 2016 (Politico among outlets issuing photo-date correction)",https://sharylattkisson.substack.com/p/media-mistakes-in-reporting-on-donald,New York Post; Politico; other outlets,weeks of campaign recirculation,wrong photo date → implied immigration crime,correction,239,Attkisson #1. Transition/campaign period → First under term rules (2016 transition). Also: https://www.politico.com/,Proven false,https://sharylattkisson.substack.com/p/media-mistakes-in-reporting-on-donald,Outlet's own correction,Appended correction line,first,"Could not verify against a primary source, move to the watch list",Watch list (unverified),Unverified,None confirmed (watch list),https://sharylattkisson.substack.com/p/media-mistakes-in-reporting-on-donald,n/a,"The outlet's own correction or editor's note was not loaded or seen. Evidence is only secondary (other outlets, Attkisson, iMediaEthics, Poynter, or fact-checkers).",,,,B,"Evidence weaker than the catalog stated: catalog Proof_Basis ""Outlet's own correction"", but no primary proof could be confirmed.",Yes,2026-09-24 (MT)
"USA Today misstated Melania Trump's arrival date from Slovenia amid immigration-status speculation.
Began: Nov 4, 2016 (USA Today) | Ended: Correction of arrival date",https://sharylattkisson.substack.com/p/media-mistakes-in-reporting-on-donald,USA Today,days,biographical date error fueling visa narrative,correction,240,Attkisson #4. Also: https://www.usatoday.com/,Proven false,https://sharylattkisson.substack.com/p/media-mistakes-in-reporting-on-donald,Outlet's own correction,Appended correction line,first,"Could not verify against a primary source, move to the watch list",Watch list (unverified),Unverified,None confirmed (watch list),https://sharylattkisson.substack.com/p/media-mistakes-in-reporting-on-donald,n/a,"The outlet's own correction or editor's note was not loaded or seen. Evidence is only secondary (other outlets, Attkisson, iMediaEthics, Poynter, or fact-checkers).",,,,B,"Evidence weaker than the catalog stated: catalog Proof_Basis ""Outlet's own correction"", but no primary proof could be confirmed.",Yes,2026-09-24 (MT)
"NYT said Nancy Pelosi called Trump about immigration; Trump actually placed the call to Pelosi.
Began: Sep 7, 2017 (Maggie Haberman NYT) | Ended: Correction of caller direction",https://sharylattkisson.substack.com/p/media-mistakes-in-reporting-on-donald,The New York Times,days,inverted initiator of call,correction,241,Attkisson #29. Also: https://www.nytimes.com/,Proven false,https://sharylattkisson.substack.com/p/media-mistakes-in-reporting-on-donald,Outlet's own correction,Appended correction line,first,"Could not verify against a primary source, move to the watch list",Watch list (unverified),Unverified,None confirmed (watch list),https://sharylattkisson.substack.com/p/media-mistakes-in-reporting-on-donald,n/a,"The outlet's own correction or editor's note was not loaded or seen. Evidence is only secondary (other outlets, Attkisson, iMediaEthics, Poynter, or fact-checkers).",,,,B,"Evidence weaker than the catalog stated: catalog Proof_Basis ""Outlet's own correction"", but no primary proof could be confirmed.",Yes,2026-09-24 (MT)
"CNN edited Trump Japan remarks to make it seem he didn't realize Japan builds cars in the U.S.; full statement showed he did.
Began: Nov 6, 2017 (CNN Daniel Shane excerpt) | Ended: Correction/context from full remarks",https://sharylattkisson.substack.com/p/media-mistakes-in-reporting-on-donald,CNN,hours to days,deceptive edit of remarks,misleading edit corrected by full video,242,Attkisson #30. Primary = full event video/transcript. Also: https://www.c-span.org/,Proven false,https://sharylattkisson.substack.com/p/media-mistakes-in-reporting-on-donald,Original transcript/video,Appended correction line,first,"Could not verify against a primary source, move to the watch list",Watch list (unverified),Unverified,None confirmed (watch list),https://sharylattkisson.substack.com/p/media-mistakes-in-reporting-on-donald,n/a,"The outlet's own correction or editor's note was not loaded or seen. Evidence is only secondary (other outlets, Attkisson, iMediaEthics, Poynter, or fact-checkers).",,,,B,"Evidence weaker than the catalog stated: catalog Proof_Basis ""Original transcript/video"", but no primary proof could be confirmed.",Yes,2026-09-24 (MT)
"NBC reported Trump official's notes of Russian-lawyer meeting included the word 'donation' (implying campaign contributions); later corrected that 'donation' wasn't there (and Politico said 'donor' wasn't either).
Began: Aug 31, 2017 (NBC Ken Dilanian/Carol Lee) | Ended: Corrections through subsequent reporting",https://sharylattkisson.substack.com/p/media-mistakes-in-reporting-on-donald,NBC News,days to weeks,nonexistent word in notes,correction,243,Attkisson #27. Also: https://www.nbcnews.com/,Proven false,https://sharylattkisson.substack.com/p/media-mistakes-in-reporting-on-donald,Outlet's own correction,Appended correction line,first,"Could not verify against a primary source, move to the watch list",Watch list (unverified),Unverified,None confirmed (watch list),https://sharylattkisson.substack.com/p/media-mistakes-in-reporting-on-donald,n/a,"The outlet's own correction or editor's note was not loaded or seen. Evidence is only secondary (other outlets, Attkisson, iMediaEthics, Poynter, or fact-checkers).",,,,B,"Evidence weaker than the catalog stated: catalog Proof_Basis ""Outlet's own correction"", but no primary proof could be confirmed.",Yes,2026-09-24 (MT)
"Josh Rogin/WaPo reported State's entire senior administrative team resigned in protest of Trump; coverage was misleading/wrong.
Began: Jan 26, 2017 (WaPo Josh Rogin) | Ended: Jan 2017 (multiple outlets including Vox noted claim misleading/wrong)",https://sharylattkisson.substack.com/p/media-mistakes-in-reporting-on-donald,The Washington Post (Josh Rogin),days,overstated mass-resignation protest,walk-back / clarification,244,Attkisson #8. Career SES departures misframed as protest resignations. Also: https://www.washingtonpost.com/,Proven false,https://sharylattkisson.substack.com/p/media-mistakes-in-reporting-on-donald,Outlet's own correction,Appended correction line,first,"Could not verify against a primary source, move to the watch list",Watch list (unverified),Unverified,None confirmed (watch list),https://sharylattkisson.substack.com/p/media-mistakes-in-reporting-on-donald,n/a,"The outlet's own correction or editor's note was not loaded or seen. Evidence is only secondary (other outlets, Attkisson, iMediaEthics, Poynter, or fact-checkers).",,,,B,"Evidence weaker than the catalog stated: catalog Proof_Basis ""Outlet's own correction"", but no primary proof could be confirmed.",Yes,2026-09-24 (MT)
"CNBC's John Harwood reported DOJ 'had no input' on Trump's immigration EO; amended after colleagues contradicted.
Began: Jan 28, 2017 (CNBC) | Ended: Jan 2017 (Harwood amended: DOJ lawyers reportedly reviewed the order)",https://sharylattkisson.substack.com/p/media-mistakes-in-reporting-on-donald,CNBC (John Harwood),hours,false process claim,amendment / correction,245,Attkisson #9. Also: https://www.cnbc.com/,Proven false,https://sharylattkisson.substack.com/p/media-mistakes-in-reporting-on-donald,Outlet's own correction,Appended correction line,first,"Could not verify against a primary source, move to the watch list",Watch list (unverified),Unverified,None confirmed (watch list),https://sharylattkisson.substack.com/p/media-mistakes-in-reporting-on-donald,n/a,"The outlet's own correction or editor's note was not loaded or seen. Evidence is only secondary (other outlets, Attkisson, iMediaEthics, Poynter, or fact-checkers).",,,,B,"Evidence weaker than the catalog stated: catalog Proof_Basis ""Outlet's own correction"", but no primary proof could be confirmed.",Yes,2026-09-24 (MT)
"CNN and others reported nursing baby ripped from migrant mother's arms; CNN later acknowledged mother was not lactating.
Began: Aug 2019 (CNN/MSNBC and others) | Ended: Aug 2019 (CNN acknowledgment)",https://sharylattkisson.substack.com/p/media-mistakes-in-reporting-on-donald,CNN; MSNBC; other outlets,days,embellished family-separation anecdote,acknowledgment / correction,247,Attkisson #82. Also: https://www.cnn.com/,Proven false,https://sharylattkisson.substack.com/p/media-mistakes-in-reporting-on-donald,Outlet's own correction,On-air correction,first,"Could not verify against a primary source, move to the watch list",Watch list (unverified),Unverified,None confirmed (watch list),https://sharylattkisson.substack.com/p/media-mistakes-in-reporting-on-donald,n/a,"The outlet's own correction or editor's note was not loaded or seen. Evidence is only secondary (other outlets, Attkisson, iMediaEthics, Poynter, or fact-checkers).",,,,B,"Evidence weaker than the catalog stated: catalog Proof_Basis ""Outlet's own correction"", but no primary proof could be confirmed.",Yes,2026-09-24 (MT)
"Reuters and others cast Brian Harrison as a 'former Labradoodle breeder' plucked to lead U.S. pandemic task force; he never led the task force and had prior high-level government service.
Began: Apr 22, 2020 (Reuters and peers same-day) | Ended: Apr 2020 (clarifications of role and résumé)",https://sharylattkisson.substack.com/p/media-mistakes-in-reporting-on-donald,Reuters and other outlets,days,résumé smear / wrong title,clarification,248,Attkisson #127. Unfavorable to Trump HHS staffing. Also: https://www.reuters.com/,Proven false,https://sharylattkisson.substack.com/p/media-mistakes-in-reporting-on-donald,Outlet's own correction,Appended correction line,first,"Could not verify against a primary source, move to the watch list",Watch list (unverified),Unverified,None confirmed (watch list),https://sharylattkisson.substack.com/p/media-mistakes-in-reporting-on-donald,n/a,"The outlet's own correction or editor's note was not loaded or seen. Evidence is only secondary (other outlets, Attkisson, iMediaEthics, Poynter, or fact-checkers).",,,,B,"Evidence weaker than the catalog stated: catalog Proof_Basis ""Outlet's own correction"", but no primary proof could be confirmed.",Yes,2026-09-24 (MT)
"MSNBC wrongly reported up to 30 U.S. deaths after an Iranian rocket attack; no Americans were killed (Iranian figure).
Began: Jan 7, 2020 (MSNBC) | Ended: Jan 2020 (correction to zero U.S. deaths)",https://sharylattkisson.substack.com/p/media-mistakes-in-reporting-on-donald,MSNBC,hours to days,enemy casualty claim treated as fact,correction,249,Attkisson #110. Context of Trump Iran tensions after Soleimani. Also: https://www.msnbc.com/,Proven false,https://sharylattkisson.substack.com/p/media-mistakes-in-reporting-on-donald,Outlet's own correction,Appended correction line,first,"Could not verify against a primary source, move to the watch list",Watch list (unverified),Unverified,None confirmed (watch list),https://sharylattkisson.substack.com/p/media-mistakes-in-reporting-on-donald,n/a,"The outlet's own correction or editor's note was not loaded or seen. Evidence is only secondary (other outlets, Attkisson, iMediaEthics, Poynter, or fact-checkers).",,,,B,"Evidence weaker than the catalog stated: catalog Proof_Basis ""Outlet's own correction"", but no primary proof could be confirmed.",Yes,2026-09-24 (MT)
"CBS 60 Minutes tweeted Pompeo tried to resurrect a 'debunked' theory virus was man-made; Pompeo's full answers agreed with IC that it was not man-made/genetically modified.
Began: May 10, 2020 (CBS 60 Minutes tweet) | Ended: Full interview transcript contradiction",https://sharylattkisson.substack.com/p/media-mistakes-in-reporting-on-donald,CBS News / 60 Minutes,hours to days,inverted interview characterization,contradicted by transcript,250,Attkisson #133. Also: https://www.cbsnews.com/,Proven false,https://sharylattkisson.substack.com/p/media-mistakes-in-reporting-on-donald,Original transcript/video,Appended correction line,first,"Could not verify against a primary source, move to the watch list",Watch list (unverified),Unverified,None confirmed (watch list),https://sharylattkisson.substack.com/p/media-mistakes-in-reporting-on-donald,n/a,"The outlet's own correction or editor's note was not loaded or seen. Evidence is only secondary (other outlets, Attkisson, iMediaEthics, Poynter, or fact-checkers).",,,,B,"Evidence weaker than the catalog stated: catalog Proof_Basis ""Original transcript/video"", but no primary proof could be confirmed.",Yes,2026-09-24 (MT)
"HarperCollins UK's Entitled claimed Jeffrey Epstein facilitated Melania Trump's introduction to Donald Trump.
Began: Aug 2025 (book publicity) | Ended: Oct 8, 2025 (HarperCollins UK apology; retract passages / recall copies)",https://www.bbc.com/news/articles/c3ex07l1qvpo,HarperCollins UK publishing Andrew Lownie's Entitled,~2 months,unverified meeting-facilitation claim,publisher retraction,251,Distinct from Daily Beast Wolff retraction already in corpus. Melania memoir: Kit Kat Club 1998. BBC Apr 2026 Melania statement piece confirms Oct 2025 HarperCollins UK passage retraction. Also: https://thehill.com/homenews/administration/5544768-harpercollins-apologizes-melania-trump-epstein-claims/; https://www.axios.com/2025/10/08/harpercollins-uk-apologizes-melania-trump,Proven false,https://thehill.com/homenews/administration/5544768-harpercollins-apologizes-melania-trump-epstein-claims/,Outlet's own correction,Appended correction line,later,"Could not verify against a primary source, move to the watch list",Watch list (unverified),Unverified,None confirmed (watch list),https://thehill.com/homenews/administration/5544768-harpercollins-apologizes-melania-trump-epstein-claims/,n/a,"The outlet's own correction or editor's note was not loaded or seen. Evidence is only secondary (other outlets, Attkisson, iMediaEthics, Poynter, or fact-checkers). The Hill returned 403; BBC report of HarperCollins retraction is secondary.",,,,B,"Evidence weaker than the catalog stated: catalog Proof_Basis ""Outlet's own correction"", but no primary proof could be confirmed.",Yes,2026-09-24 (MT)
