funder,funder_ein,recipient,amount,year,period_end,purpose,source_type,source_url,status,note
American Action Network,,Congressional Leadership Fund (C00504530),29968273,2019-2020 cycle,,501(c)(4) contribution to super PAC,"FEC itemized receipts (bulk file indiv, Schedule A), summed by cycle",https://www.fec.gov/data/committee/C00504530/,documented (FEC filing),Totals computed from FEC bulk data file https://www.fec.gov/data/browse-data/?tab=bulk-data ; memo entries excluded
American Action Network,,Congressional Leadership Fund (C00504530),50677593,2021-2022 cycle,,501(c)(4) contribution to super PAC,"FEC itemized receipts (bulk file indiv, Schedule A), summed by cycle",https://www.fec.gov/data/committee/C00504530/,documented (FEC filing),Totals computed from FEC bulk data file https://www.fec.gov/data/browse-data/?tab=bulk-data ; memo entries excluded
American Action Network,,Congressional Leadership Fund (C00504530),43035000,2023-2024 cycle,,501(c)(4) contribution to super PAC,"FEC itemized receipts (bulk file indiv, Schedule A), summed by cycle",https://www.fec.gov/data/committee/C00504530/,documented (FEC filing),Totals computed from FEC bulk data file https://www.fec.gov/data/browse-data/?tab=bulk-data ; memo entries excluded
American Action Network,,Congressional Leadership Fund (C00504530),44266262,2025-2026 cycle (to date of FEC bulk file),,501(c)(4) contribution to super PAC,"FEC itemized receipts (bulk file indiv, Schedule A), summed by cycle",https://www.fec.gov/data/committee/C00504530/,documented (FEC filing),Totals computed from FEC bulk data file https://www.fec.gov/data/browse-data/?tab=bulk-data ; memo entries excluded
"Donald J. Trump for President, Inc. (C00580100)",,Gotham Government Relations and Communications,12000,2015,2015-10-08,"""EVENT CONSULTING"" (as reported to FEC)","FEC operating expenditure (Schedule B, 2015 year-end report)",https://www.fec.gov/data/committee/C00580100/,"documented payment; purpose (paid extras at June 2015 announcement) is reported, not confirmed by primary record",FEC bulk file oppexp16; image 201601319005280481
Future Forward USA Action,,Future Forward PAC (C00669259),61224428,2019-2020 cycle,,501(c)(4) contribution to super PAC,"FEC itemized receipts (bulk file indiv, Schedule A), summed by cycle",https://www.fec.gov/data/committee/C00669259/,documented (FEC filing),Totals computed from FEC bulk data file https://www.fec.gov/data/browse-data/?tab=bulk-data ; memo entries excluded
Future Forward USA Action,,Future Forward PAC (C00669259),16357722,2021-2022 cycle,,501(c)(4) contribution to super PAC,"FEC itemized receipts (bulk file indiv, Schedule A), summed by cycle",https://www.fec.gov/data/committee/C00669259/,documented (FEC filing),Totals computed from FEC bulk data file https://www.fec.gov/data/browse-data/?tab=bulk-data ; memo entries excluded
Future Forward USA Action,,Future Forward PAC (C00669259),266445349,2023-2024 cycle,,501(c)(4) contribution to affiliated super PAC,"FEC itemized receipts (bulk file indiv, Schedule A), summed by cycle",https://www.fec.gov/data/committee/C00669259/,documented (FEC filing),Totals computed from FEC bulk data file https://www.fec.gov/data/browse-data/?tab=bulk-data ; memo entries excluded
Future Forward USA Action,,Future Forward PAC (C00669259),495764,2025-2026 cycle (to date of FEC bulk file),,501(c)(4) contribution to super PAC,"FEC itemized receipts (bulk file indiv, Schedule A), summed by cycle",https://www.fec.gov/data/committee/C00669259/,documented (FEC filing),Totals computed from FEC bulk data file https://www.fec.gov/data/browse-data/?tab=bulk-data ; memo entries excluded
Indivisible Project,,Indivisible Action (C00678839),2816709,2019-2020 cycle,,501(c)(4) contribution to affiliated PAC,"FEC itemized receipts (bulk file indiv, Schedule A), summed by cycle",https://www.fec.gov/data/committee/C00678839/,documented (FEC filing),Totals computed from FEC bulk data file https://www.fec.gov/data/browse-data/?tab=bulk-data ; memo entries excluded
Indivisible Project,,Indivisible Action (C00678839),2500000,2023-2024 cycle,,501(c)(4) contribution to affiliated PAC,"FEC itemized receipts (bulk file indiv, Schedule A), summed by cycle",https://www.fec.gov/data/committee/C00678839/,documented (FEC filing),Totals computed from FEC bulk data file https://www.fec.gov/data/browse-data/?tab=bulk-data ; memo entries excluded
Majority Forward,,Senate Majority PAC (C00484642),51320000,2019-2020 cycle,,501(c)(4) contribution to super PAC,"FEC itemized receipts (bulk file indiv, Schedule A), summed by cycle",https://www.fec.gov/data/committee/C00484642/,documented (FEC filing),Totals computed from FEC bulk data file https://www.fec.gov/data/browse-data/?tab=bulk-data ; memo entries excluded
Majority Forward,,Senate Majority PAC (C00484642),72348000,2021-2022 cycle,,501(c)(4) contribution to super PAC,"FEC itemized receipts (bulk file indiv, Schedule A), summed by cycle",https://www.fec.gov/data/committee/C00484642/,documented (FEC filing),Totals computed from FEC bulk data file https://www.fec.gov/data/browse-data/?tab=bulk-data ; memo entries excluded
Majority Forward,,Senate Majority PAC (C00484642),81750000,2023-2024 cycle,,501(c)(4) contribution to super PAC,"FEC itemized receipts (bulk file indiv, Schedule A), summed by cycle",https://www.fec.gov/data/committee/C00484642/,documented (FEC filing),Totals computed from FEC bulk data file https://www.fec.gov/data/browse-data/?tab=bulk-data ; memo entries excluded
Majority Forward,,Senate Majority PAC (C00484642),61000000,2025-2026 cycle (to date of FEC bulk file),,501(c)(4) contribution to super PAC,"FEC itemized receipts (bulk file indiv, Schedule A), summed by cycle",https://www.fec.gov/data/committee/C00484642/,documented (FEC filing),Totals computed from FEC bulk data file https://www.fec.gov/data/browse-data/?tab=bulk-data ; memo entries excluded
North Fund,,Your Community PAC (C00886614),5700000,2023-2024 cycle,,501(c)(4) contribution to super PAC,"FEC itemized receipts (bulk file indiv, Schedule A), summed by cycle",https://www.fec.gov/data/committee/C00886614/,documented (FEC filing),Totals computed from FEC bulk data file https://www.fec.gov/data/browse-data/?tab=bulk-data ; memo entries excluded
One Nation,,Senate Leadership Fund (C00571703),22465000,2019-2020 cycle,,501(c)(4) contribution to super PAC,"FEC itemized receipts (bulk file indiv, Schedule A), summed by cycle",https://www.fec.gov/data/committee/C00571703/,documented (FEC filing),Totals computed from FEC bulk data file https://www.fec.gov/data/browse-data/?tab=bulk-data ; memo entries excluded
One Nation,,Senate Leadership Fund (C00571703),74975000,2021-2022 cycle,,501(c)(4) contribution to super PAC,"FEC itemized receipts (bulk file indiv, Schedule A), summed by cycle",https://www.fec.gov/data/committee/C00571703/,documented (FEC filing),Totals computed from FEC bulk data file https://www.fec.gov/data/browse-data/?tab=bulk-data ; memo entries excluded
One Nation,,Senate Leadership Fund (C00571703),35580000,2023-2024 cycle,,501(c)(4) contribution to super PAC,"FEC itemized receipts (bulk file indiv, Schedule A), summed by cycle",https://www.fec.gov/data/committee/C00571703/,documented (FEC filing),Totals computed from FEC bulk data file https://www.fec.gov/data/browse-data/?tab=bulk-data ; memo entries excluded
One Nation,,Senate Leadership Fund (C00571703),70740000,2025-2026 cycle (to date of FEC bulk file),,501(c)(4) contribution to super PAC,"FEC itemized receipts (bulk file indiv, Schedule A), summed by cycle",https://www.fec.gov/data/committee/C00571703/,documented (FEC filing),Totals computed from FEC bulk data file https://www.fec.gov/data/browse-data/?tab=bulk-data ; memo entries excluded
Open Society Policy Center,,Durham For All (C90019753),100000,2019-2020 cycle,,501(c)(4) contribution,"FEC itemized receipts (bulk file indiv, Schedule A), summed by cycle",https://www.fec.gov/data/committee/C90019753/,documented (FEC filing),Totals computed from FEC bulk data file https://www.fec.gov/data/browse-data/?tab=bulk-data ; memo entries excluded
"SOROS, GEORGE",,ColorOfChange PAC (C00428557),1000000,2021-2022 cycle,,Individual contributions to PAC,"FEC itemized receipts (bulk file indiv, Schedule A), summed by cycle",https://www.fec.gov/data/committee/C00428557/,documented (FEC filing),Totals computed from FEC bulk data file https://www.fec.gov/data/browse-data/?tab=bulk-data ; memo entries excluded
"SOROS, GEORGE",,Democracy PAC (C00693382),5820000,2019-2020 cycle,,Individual contributions to super PAC,"FEC itemized receipts (bulk file indiv, Schedule A), summed by cycle",https://www.fec.gov/data/committee/C00693382/,documented (FEC filing),Totals computed from FEC bulk data file https://www.fec.gov/data/browse-data/?tab=bulk-data ; memo entries excluded
"SOROS, GEORGE",,Democracy PAC II (C00786624),175000000,2021-2022 cycle,,Individual contributions to super PAC,"FEC itemized receipts (bulk file indiv, Schedule A), summed by cycle",https://www.fec.gov/data/committee/C00786624/,documented (FEC filing),Totals computed from FEC bulk data file https://www.fec.gov/data/browse-data/?tab=bulk-data ; memo entries excluded
"SOROS, GEORGE",,Harris Victory Fund (C00744946),1803000,2023-2024 cycle,,Contributions to joint fundraising committee,"FEC itemized receipts (bulk file indiv, Schedule A), summed by cycle",https://www.fec.gov/data/committee/C00744946/,documented (FEC filing),Totals computed from FEC bulk data file https://www.fec.gov/data/browse-data/?tab=bulk-data ; memo entries excluded
Sixteen Thirty Fund,,Future Forward PAC (C00669259),8915274,2019-2020 cycle,,501(c)(4) contribution to super PAC,"FEC itemized receipts (bulk file indiv, Schedule A), summed by cycle",https://www.fec.gov/data/committee/C00669259/,documented (FEC filing),Totals computed from FEC bulk data file https://www.fec.gov/data/browse-data/?tab=bulk-data ; memo entries excluded
Sixteen Thirty Fund,,LCV Victory Fund (C00486845),6787500,2019-2020 cycle,,501(c)(4) contribution to super PAC,"FEC itemized receipts (bulk file indiv, Schedule A), summed by cycle",https://www.fec.gov/data/committee/C00486845/,documented (FEC filing),Totals computed from FEC bulk data file https://www.fec.gov/data/browse-data/?tab=bulk-data ; memo entries excluded
Sixteen Thirty Fund,,Priorities USA Action (C00495861),4500000,2019-2020 cycle,,501(c)(4) contribution to super PAC,"FEC itemized receipts (bulk file indiv, Schedule A), summed by cycle",https://www.fec.gov/data/committee/C00495861/,documented (FEC filing),Totals computed from FEC bulk data file https://www.fec.gov/data/browse-data/?tab=bulk-data ; memo entries excluded
Sixteen Thirty Fund,,Victory 2020 (C00747246),7700000,2019-2020 cycle,,501(c)(4) contribution to super PAC,"FEC itemized receipts (bulk file indiv, Schedule A), summed by cycle",https://www.fec.gov/data/committee/C00747246/,documented (FEC filing),Totals computed from FEC bulk data file https://www.fec.gov/data/browse-data/?tab=bulk-data ; memo entries excluded
Sixteen Thirty Fund,,Your Community PAC (C00886614),6730363,2023-2024 cycle,,501(c)(4) contribution to super PAC,"FEC itemized receipts (bulk file indiv, Schedule A), summed by cycle",https://www.fec.gov/data/committee/C00886614/,documented (FEC filing),Totals computed from FEC bulk data file https://www.fec.gov/data/browse-data/?tab=bulk-data ; memo entries excluded
Sunrise Movement,,Sunrise PAC (C00674697),280000,2025-2026 cycle (to date),,501(c)(4) contribution to affiliated PAC,"FEC itemized receipts (bulk file indiv, Schedule A), summed by cycle",https://www.fec.gov/data/committee/C00674697/,documented (FEC filing),Totals computed from FEC bulk data file https://www.fec.gov/data/browse-data/?tab=bulk-data ; memo entries excluded
The Concord Fund,,Truth and Courage PAC (C00796045),2500000,2023-2024 cycle,,501(c)(4) contribution to super PAC,"FEC itemized receipts (bulk file indiv, Schedule A), summed by cycle",https://www.fec.gov/data/committee/C00796045/,documented (FEC filing),Totals computed from FEC bulk data file https://www.fec.gov/data/browse-data/?tab=bulk-data ; memo entries excluded
Working Families Organization,,Working Families Party PAC (C00606962),2080000,2023-2024 cycle,,501(c)(4) contribution to affiliated PAC,"FEC itemized receipts (bulk file indiv, Schedule A), summed by cycle",https://www.fec.gov/data/committee/C00606962/,documented (FEC filing),Totals computed from FEC bulk data file https://www.fec.gov/data/browse-data/?tab=bulk-data ; memo entries excluded
Borealis Philanthropy,464598642,Common Counsel Foundation,76000,2021,Dec. 2021,TO SUPPORT THE WORK OF ROADMAP CONSULTING,IRS Form 990 Schedule I (via ProPublica e-file render),https://projects.propublica.org/nonprofits/organizations/464598642/202202789349301725/full,documented (grantor filing),
Borealis Philanthropy,464598642,Common Counsel Foundation,116000,2022,Dec. 2022,TO SUPPORT THE WORK OF ROADMAP CONSULTING,IRS Form 990 Schedule I (via ProPublica e-file render),https://projects.propublica.org/nonprofits/organizations/464598642/202341999349301509/full,documented (grantor filing),
Borealis Philanthropy,464598642,Mijente,117000,2019,Dec. 2019,TO SUPPORT THE WORK OF MIJENTE SUPPORT COMMITTEE,IRS Form 990 Schedule I (via ProPublica e-file render),https://projects.propublica.org/nonprofits/organizations/464598642/202002879349300645/full,documented (grantor filing),
Borealis Philanthropy,464598642,Mijente,134000,2020,Dec. 2020,TO SUPPORT THE WORK OF MIJENTE SUPPORT COMMITTEE,IRS Form 990 Schedule I (via ProPublica e-file render),https://projects.propublica.org/nonprofits/organizations/464598642/202112119349300116/full,documented (grantor filing),
Borealis Philanthropy,464598642,Mijente,108000,2021,Dec. 2021,TO SUPPORT THE WORK OF MIJENTE SUPPORT COMMITTEE,IRS Form 990 Schedule I (via ProPublica e-file render),https://projects.propublica.org/nonprofits/organizations/464598642/202202789349301725/full,documented (grantor filing),
Borealis Philanthropy,464598642,Mijente,170200,2022,Dec. 2022,TO SUPPORT THE WORK OF MIJENTE SUPPORT COMMITTEE,IRS Form 990 Schedule I (via ProPublica e-file render),https://projects.propublica.org/nonprofits/organizations/464598642/202341999349301509/full,documented (grantor filing),
Borealis Philanthropy,464598642,Mijente,10000,2023,Dec. 2023,TO SUPPORT THE WORK OF MIJENTE SUPPORT COMMITTEE,IRS Form 990 Schedule I (via ProPublica e-file render),https://projects.propublica.org/nonprofits/organizations/464598642/202422539349300877/full,documented (grantor filing),
Borealis Philanthropy,464598642,United We Dream (+Action),100000,2019,Dec. 2019,TO SUPPORT THE WORK OF UNITED WE DREAM NETWORK,IRS Form 990 Schedule I (via ProPublica e-file render),https://projects.propublica.org/nonprofits/organizations/464598642/202002879349300645/full,documented (grantor filing),
Borealis Philanthropy,464598642,United We Dream (+Action),30000,2022,Dec. 2022,TO SUPPORT THE WORK OF DREAM ACTION OKLAHOMA,IRS Form 990 Schedule I (via ProPublica e-file render),https://projects.propublica.org/nonprofits/organizations/464598642/202341999349301509/full,documented (grantor filing),
Borealis Philanthropy,464598642,Women's March (various entities),10000,2023,Dec. 2023,TO SUPPORT THE WORK OF WOMEN'S MARCH NETWORK,IRS Form 990 Schedule I (via ProPublica e-file render),https://projects.propublica.org/nonprofits/organizations/464598642/202422539349300877/full,documented (grantor filing),
Borealis Philanthropy,464598642,Working Families Organization,11771,2021,Dec. 2021,TO SUPPORT THE WORK OF UNITED FORT WORTH,IRS Form 990 Schedule I (via ProPublica e-file render),https://projects.propublica.org/nonprofits/organizations/464598642/202202789349301725/full,documented (grantor filing),
CodePink Women for Peace,262823386,ETINA,50000,2019,March 2019,FUND FOREIGN POLICY THINK TANK,IRS Form 990 Schedule I (via ProPublica e-file render),https://projects.propublica.org/nonprofits/organizations/262823386/202030229349300248/full,documented (grantor filing),
CodePink Women for Peace,262823386,ETINA,1500000,2025,March 2025,FUND FOREIGN POLICY THINK TANK,IRS Form 990 Schedule I (via ProPublica e-file render),https://projects.propublica.org/nonprofits/organizations/262823386/202630449349301223/full,documented (grantor filing),
CodePink Women for Peace,262823386,The People's Forum,8350,2022,March 2022,HUMANITARIAN RELIEF IN LATIN AMERIC,IRS Form 990 Schedule I (via ProPublica e-file render),https://projects.propublica.org/nonprofits/organizations/262823386/202320459349301687/full,documented (grantor filing),
Common Counsel Foundation,943214166,Center for Popular Democracy (+Action),30000,2020,Dec. 2020,PROJECT SUPPORT TO FURTHER ORGANIZATIONAL MISSION,IRS Form 990 Schedule I (via ProPublica e-file render),https://projects.propublica.org/nonprofits/organizations/943214166/202143199349327369/full,documented (grantor filing),
Common Counsel Foundation,943214166,Center for Popular Democracy (+Action),15000,2021,Dec. 2021,GENERAL SUPPORT,IRS Form 990 Schedule I (via ProPublica e-file render),https://projects.propublica.org/nonprofits/organizations/943214166/202243219349301239/full,documented (grantor filing),
Common Counsel Foundation,943214166,Mijente,18500,2020,Dec. 2020,PROJECT SUPPORT TO FURTHER ORGANIZATIONAL MISSION,IRS Form 990 Schedule I (via ProPublica e-file render),https://projects.propublica.org/nonprofits/organizations/943214166/202143199349327369/full,documented (grantor filing),
Common Counsel Foundation,943214166,Mijente,20000,2021,Dec. 2021,PROJECT SUPPORT FOR SIEMBRA NC,IRS Form 990 Schedule I (via ProPublica e-file render),https://projects.propublica.org/nonprofits/organizations/943214166/202243219349301239/full,documented (grantor filing),
Common Counsel Foundation,943214166,Mijente,30000,2022,Dec. 2022,PROJECT SUPPORT FOR COMMUNITY ORGANIZING,IRS Form 990 Schedule I (via ProPublica e-file render),https://projects.propublica.org/nonprofits/organizations/943214166/202313139349305731/full,documented (grantor filing),
Common Counsel Foundation,943214166,Movement 4 Black Lives Inc,15817927,2024,Dec. 2024,FUND CLOSEOUT,IRS Form 990 Schedule I (via ProPublica e-file render),https://projects.propublica.org/nonprofits/organizations/943214166/202543219349327269/full,documented (grantor filing),
Common Counsel Foundation,943214166,WESPAC Foundation,25000,2021,Dec. 2021,PROJECT SUPPORT FOR SWEET FREEDOM FARM,IRS Form 990 Schedule I (via ProPublica e-file render),https://projects.propublica.org/nonprofits/organizations/943214166/202243219349301239/full,documented (grantor filing),
Common Counsel Foundation,943214166,WESPAC Foundation,35000,2022,Dec. 2022,PROJECT SUPPORT FOR SWEET FREEDOM FARM,IRS Form 990 Schedule I (via ProPublica e-file render),https://projects.propublica.org/nonprofits/organizations/943214166/202313139349305731/full,documented (grantor filing),
Common Counsel Foundation,943214166,WESPAC Foundation,30000,2023,Dec. 2023,PROJECT SUPPORT SWEET FREEDOM FARM,IRS Form 990 Schedule I (via ProPublica e-file render),https://projects.propublica.org/nonprofits/organizations/943214166/202433189349311003/full,documented (grantor filing),
Concord Fund,202303252,Heritage Action for America,1860000,2021,June 2021,General Operating,IRS Form 990 Schedule I (via ProPublica e-file render),https://projects.propublica.org/nonprofits/organizations/202303252/202211369349314701/full,documented (grantor filing),
Concord Fund,202303252,Heritage Action for America,1000000,2022,June 2022,General Operating,IRS Form 990 Schedule I (via ProPublica e-file render),https://projects.propublica.org/nonprofits/organizations/202303252/202331359349303658/full,documented (grantor filing),
Concord Fund,202303252,Heritage Action for America,1577883,2023,June 2023,General Operating,IRS Form 990 Schedule I (via ProPublica e-file render),https://projects.propublica.org/nonprofits/organizations/202303252/202411359349301886/full,documented (grantor filing),
Concord Fund,202303252,Heritage Action for America,750000,2024,June 2024,General Operating,IRS Form 990 Schedule I (via ProPublica e-file render),https://projects.propublica.org/nonprofits/organizations/202303252/202541359349307549/full,documented (grantor filing),
Concord Fund,202303252,One Nation,600000,2019,June 2019,general support,IRS Form 990 Schedule I (via ProPublica e-file render),https://projects.propublica.org/nonprofits/organizations/202303252/202021979349304367/full,documented (grantor filing),
Concord Fund,202303252,One Nation,9000000,2021,June 2021,General Operating,IRS Form 990 Schedule I (via ProPublica e-file render),https://projects.propublica.org/nonprofits/organizations/202303252/202211369349314701/full,documented (grantor filing),
Concord Fund,202303252,One Nation,3000000,2022,June 2022,General Operating,IRS Form 990 Schedule I (via ProPublica e-file render),https://projects.propublica.org/nonprofits/organizations/202303252/202331359349303658/full,documented (grantor filing),
Concord Fund,202303252,One Nation,2500000,2024,June 2024,General Operating,IRS Form 990 Schedule I (via ProPublica e-file render),https://projects.propublica.org/nonprofits/organizations/202303252/202541359349307549/full,documented (grantor filing),
Concord Fund,202303252,One Nation,1500000,2025,June 2025,General Operating,IRS Form 990 Schedule I (via ProPublica e-file render),https://projects.propublica.org/nonprofits/organizations/202303252/202641359349305274/full,documented (grantor filing),
Concord Fund,202303252,Protect Women Ohio Action,3000000,2023,June 2023,General Operating,IRS Form 990 Schedule I (via ProPublica e-file render),https://projects.propublica.org/nonprofits/organizations/202303252/202411359349301886/full,documented (grantor filing),
Concord Fund,202303252,Protect Women Ohio Action,17260000,2024,June 2024,General Operating,IRS Form 990 Schedule I (via ProPublica e-file render),https://projects.propublica.org/nonprofits/organizations/202303252/202541359349307549/full,documented (grantor filing),
Concord Fund,202303252,Republican Attorneys General Assn,2650000,2019,June 2019,general support,IRS Form 990 Schedule I (via ProPublica e-file render),https://projects.propublica.org/nonprofits/organizations/202303252/202021979349304367/full,documented (grantor filing),
Concord Fund,202303252,Republican Attorneys General Assn,4834000,2021,June 2021,General Operating,IRS Form 990 Schedule I (via ProPublica e-file render),https://projects.propublica.org/nonprofits/organizations/202303252/202211369349314701/full,documented (grantor filing),
Concord Fund,202303252,Republican Attorneys General Assn,1000000,2022,June 2022,General Operating,IRS Form 990 Schedule I (via ProPublica e-file render),https://projects.propublica.org/nonprofits/organizations/202303252/202331359349303658/full,documented (grantor filing),
Concord Fund,202303252,Republican Attorneys General Assn,4000000,2023,June 2023,General Operating,IRS Form 990 Schedule I (via ProPublica e-file render),https://projects.propublica.org/nonprofits/organizations/202303252/202411359349301886/full,documented (grantor filing),
Concord Fund,202303252,Republican Attorneys General Assn,2000000,2024,June 2024,General Operating,IRS Form 990 Schedule I (via ProPublica e-file render),https://projects.propublica.org/nonprofits/organizations/202303252/202541359349307549/full,documented (grantor filing),
Concord Fund,202303252,Republican Attorneys General Assn,1500000,2025,June 2025,General Operating,IRS Form 990 Schedule I (via ProPublica e-file render),https://projects.propublica.org/nonprofits/organizations/202303252/202641359349305274/full,documented (grantor filing),
Concord Fund,202303252,Republican Governors Association,500000,2021,June 2021,General Operating,IRS Form 990 Schedule I (via ProPublica e-file render),https://projects.propublica.org/nonprofits/organizations/202303252/202211369349314701/full,documented (grantor filing),
Concord Fund,202303252,Republican Governors Association,500000,2022,June 2022,General Operating,IRS Form 990 Schedule I (via ProPublica e-file render),https://projects.propublica.org/nonprofits/organizations/202303252/202331359349303658/full,documented (grantor filing),
Concord Fund,202303252,Republican Governors Association,6000000,2023,June 2023,General Operating,IRS Form 990 Schedule I (via ProPublica e-file render),https://projects.propublica.org/nonprofits/organizations/202303252/202411359349301886/full,documented (grantor filing),
Concord Fund,202303252,Republican Governors Association,1750000,2024,June 2024,General Operating,IRS Form 990 Schedule I (via ProPublica e-file render),https://projects.propublica.org/nonprofits/organizations/202303252/202541359349307549/full,documented (grantor filing),
Concord Fund,202303252,Susan B Anthony List,550000,2019,June 2019,general support,IRS Form 990 Schedule I (via ProPublica e-file render),https://projects.propublica.org/nonprofits/organizations/202303252/202021979349304367/full,documented (grantor filing),
Concord Fund,202303252,Susan B Anthony List,2254300,2021,June 2021,General Operating,IRS Form 990 Schedule I (via ProPublica e-file render),https://projects.propublica.org/nonprofits/organizations/202303252/202211369349314701/full,documented (grantor filing),
Concord Fund,202303252,Susan B Anthony List,895400,2022,June 2022,General Operating,IRS Form 990 Schedule I (via ProPublica e-file render),https://projects.propublica.org/nonprofits/organizations/202303252/202331359349303658/full,documented (grantor filing),
Concord Fund,202303252,Susan B Anthony List,8800000,2023,June 2023,General Operating,IRS Form 990 Schedule I (via ProPublica e-file render),https://projects.propublica.org/nonprofits/organizations/202303252/202411359349301886/full,documented (grantor filing),
Concord Fund,202303252,Susan B Anthony List,2000000,2024,June 2024,General Operating,IRS Form 990 Schedule I (via ProPublica e-file render),https://projects.propublica.org/nonprofits/organizations/202303252/202541359349307549/full,documented (grantor filing),
Ford Foundation,131684331,Center for Popular Democracy (+Action),3072950,2019,Dec. 2019,"General support and core support for institutional strengthening; Core support for Local Progress to build the capacity of a cohort of elected officials
                           to str; Core Support for the Step Up Louisiana project a statewide economic and educational
                           justice a",IRS Form 990 990-PF Part XV (via ProPublica e-file render),https://projects.propublica.org/nonprofits/organizations/131684331/202023189349104072/full,documented (grantor filing),
Ford Foundation,131684331,Center for Popular Democracy (+Action),7410000,2020,Dec. 2020,"General support core support for institutional strengthening; Core support for the Economic Justice program to provide strategic, policy, communications
                           an; Core support for Local Progress to build the capacity of local, municipal, and county
                           level e",IRS Form 990 990-PF Part XV (via ProPublica e-file render),https://projects.propublica.org/nonprofits/organizations/131684331/202123199349107292/full,documented (grantor filing),
Ford Foundation,131684331,Center for Popular Democracy (+Action),2665000,2021,Dec. 2021,"CORE SUPPORT FOR LOCAL PROGRESS TO BUILD THE CAPACITY OF LOCAL, MUNICIPAL, AND COUNTY-LEVEL ELECTED OFFICIALS TO STRENGT; CORE SUPPORT FOR THE ECONOMIC JUSTICE PROGRAM TO PROVIDE STRATEGIC, POLICY, COMMUNICATIONS AND FINANCIAL SUPPORT TO STAT; CORE SUPPORT FOR ORGANIZING WORKERS IN LOW-WAGE SECTORS IN PUERTO RICO.",IRS Form 990 990-PF Part XV (via ProPublica e-file render),https://projects.propublica.org/nonprofits/organizations/131684331/202203199349101880/full,documented (grantor filing),
Ford Foundation,131684331,Center for Popular Democracy (+Action),3920000,2022,Dec. 2022,"CORE SUPPORT FOR THE FORGE: ORGANIZING STRATEGY AND PRACTICE, AN ONLINE JOURNAL FOCUSED ON DOCUMENTING LEARNING FROM COM; CORE SUPPORT FOR ORGANIZING WORKERS IN LOW-WAGE SECTORS IN PUERTO RICO.; TO SUPPORT A DELEGATION TRIP TO CHILE TO LEARN ABOUT THE COUNTRY'S DEMOCRATIC PROCESSES",IRS Form 990 990-PF Part XV (via ProPublica e-file render),https://projects.propublica.org/nonprofits/organizations/131684331/202343199349104934/full,documented (grantor filing),
Ford Foundation,131684331,Center for Popular Democracy (+Action),2300000,2023,Dec. 2023,"ONE-TIME CORE SUPPORT FOR THE PEOPLE'S CONVENTION IN 2023; CORE SUPPORT FOR ORGANIZING WORKERS IN LOW-WAGE SECTORS IN PUERTO RICO.; CORE SUPPORT FOR THE FORGE: ORGANIZING STRATEGY AND PRACTICE, AN ONLINE JOURNAL FOCUSED
                           ON DO",IRS Form 990 990-PF Part XV (via ProPublica e-file render),https://projects.propublica.org/nonprofits/organizations/131684331/202423199349105557/full,documented (grantor filing),
Ford Foundation,131684331,Center for Popular Democracy (+Action),3054466,2024,Dec. 2024,GENERAL SUPPORT AND CORE SUPPORT FOR INSTITUTIONAL STRENGTHENING; FOR THE FORGE TO UNDERTAKE THE ACORN ORAL HISTORIES PROJECT TO GATHER AND SHARE LESSONS IN ORDER TO STRENGTHEN THE FIELD; GENERAL SUPPORT,IRS Form 990 990-PF Part XV (via ProPublica e-file render),https://projects.propublica.org/nonprofits/organizations/131684331/202513219349106006/full,documented (grantor filing),
Ford Foundation,131684331,Common Counsel Foundation,10000,2019,Dec. 2019,"Core support for Transform Finance to assess investors sentiments towards exploring
                           how racia",IRS Form 990 990-PF Part XV (via ProPublica e-file render),https://projects.propublica.org/nonprofits/organizations/131684331/202023189349104072/full,documented (grantor filing),
Ford Foundation,131684331,Common Counsel Foundation,1650000,2021,Dec. 2021,CORE SUPPORT FOR THE MOVEMENT FOR BLACK LIVES: A TRANSFORMATIONAL ECOSYSTEM AND MOVEMENT; CORE SUPPORT FOR THE COLOR CONGRESS INITIATIVE TO STRENGTHEN THE FIELD OF DOCUMENTARY ORGANIZATIONS LED BY AND SERVING C,IRS Form 990 990-PF Part XV (via ProPublica e-file render),https://projects.propublica.org/nonprofits/organizations/131684331/202203199349101880/full,documented (grantor filing),
Ford Foundation,131684331,Common Counsel Foundation,2450000,2022,Dec. 2022,"CORE SUPPORT FOR THE MOVEMENT FOR BLACK LIVES: A TRANSFORMATIONAL ECOSYSTEM AND MOVEMENT; CORE SUPPORT FOR THE COLOR CONGRESS INITIATIVE TO STRENGTHEN THE FIELD OF DOCUMENTARY ORGANIZATIONS LED BY AND SERVING C; CORE SUPPORT FOR THE NATIVE VOICES RISING COLLABORATIVE FOR RESEARCH, DONOR EDUCATION, RE-GRANTING, AND CAPACITY-BUILDIN",IRS Form 990 990-PF Part XV (via ProPublica e-file render),https://projects.propublica.org/nonprofits/organizations/131684331/202343199349104934/full,documented (grantor filing),
Ford Foundation,131684331,Common Counsel Foundation,1945000,2023,Dec. 2023,"CORE SUPPORT FOR THE NATIVE VOICES RISING COLLABORATIVE FOR RESEARCH, DONOR EDUCATION,
                           RE-GRA; CORE SUPPORT FOR THE COLOR CONGRESS INITIATIVE TO STRENGTHEN THE FIELD OF DOCUMENTARY
                           ORGANIZ; CORE SUPPORT FOR THE MOVEMENT FOR BLACK LIVES: A TRANSFORMATIONAL ECOSYSTEM AND MOVEMENT",IRS Form 990 990-PF Part XV (via ProPublica e-file render),https://projects.propublica.org/nonprofits/organizations/131684331/202423199349105557/full,documented (grantor filing),
Ford Foundation,131684331,Common Counsel Foundation,1615000,2024,Dec. 2024,CORE SUPPORT FOR THE MOVEMENT FOR BLACK LIVES: A TRANSFORMATIONAL ECOSYSTEM AND MOVEMENT; CORE SUPPORT FOR COLOR CONGRESS INITIATIVE TO ACTUALIZE A REIMAGINED DOCUMENTARY LANDSCAPE TOWARD ONE THAT STRENGTHENS P,IRS Form 990 990-PF Part XV (via ProPublica e-file render),https://projects.propublica.org/nonprofits/organizations/131684331/202513219349106006/full,documented (grantor filing),
Ford Foundation,131684331,IfNotNow,4800,2023,Dec. 2023,MATCHING GIFT,IRS Form 990 990-PF Part XV (via ProPublica e-file render),https://projects.propublica.org/nonprofits/organizations/131684331/202423199349105557/full,documented (grantor filing),
Ford Foundation,131684331,IfNotNow,300,2024,Dec. 2024,MATCHING GIFT,IRS Form 990 990-PF Part XV (via ProPublica e-file render),https://projects.propublica.org/nonprofits/organizations/131684331/202513219349106006/full,documented (grantor filing),
Ford Foundation,131684331,Mijente,280000,2019,Dec. 2019,"Core support for the Migrant Prosecutions Campaign to create a broad based public
                           mandate to ; General support; For support for the TakeBackTech summit to share analysis and strategies around the
                           role of t",IRS Form 990 990-PF Part XV (via ProPublica e-file render),https://projects.propublica.org/nonprofits/organizations/131684331/202023189349104072/full,documented (grantor filing),
Ford Foundation,131684331,Mijente,375150,2020,Dec. 2020,"General Support; General support and core support for the #NoTechFo rICE Campaign to develop expertise,
                           resear; Matching Gift",IRS Form 990 990-PF Part XV (via ProPublica e-file render),https://projects.propublica.org/nonprofits/organizations/131684331/202123199349107292/full,documented (grantor filing),
Ford Foundation,131684331,Mijente,575000,2021,Dec. 2021,"GENERAL SUPPORT; GENERAL SUPPORT AND CORE SUPPORT FOR THE #NOTECHFORICE CAMPAIGN TO DEVELOP EXPERTISE, RESEARCH AND ADVOCACY ON THE USE O",IRS Form 990 990-PF Part XV (via ProPublica e-file render),https://projects.propublica.org/nonprofits/organizations/131684331/202203199349101880/full,documented (grantor filing),
Ford Foundation,131684331,Mijente,550000,2022,Dec. 2022,GENERAL SUPPORT,IRS Form 990 990-PF Part XV (via ProPublica e-file render),https://projects.propublica.org/nonprofits/organizations/131684331/202343199349104934/full,documented (grantor filing),
Ford Foundation,131684331,Mijente,550000,2023,Dec. 2023,GENERAL SUPPORT,IRS Form 990 990-PF Part XV (via ProPublica e-file render),https://projects.propublica.org/nonprofits/organizations/131684331/202423199349105557/full,documented (grantor filing),
Ford Foundation,131684331,Mijente,315000,2024,Dec. 2024,GENERAL SUPPORT AND PROJECT SUPPORT FOR INSTITUTIONAL STRENGTHENING,IRS Form 990 990-PF Part XV (via ProPublica e-file render),https://projects.propublica.org/nonprofits/organizations/131684331/202513219349106006/full,documented (grantor filing),
Ford Foundation,131684331,MoveOn Education Fund,350000,2021,Dec. 2021,"CORE SUPPORT FOR THE FIGHT BACK TABLE TO COORDINATE NARRATIVE, STRATEGIC MESSAGING, AND CIVIC ENGAGEMENT ACTIVITIES OF N",IRS Form 990 990-PF Part XV (via ProPublica e-file render),https://projects.propublica.org/nonprofits/organizations/131684331/202203199349101880/full,documented (grantor filing),
Ford Foundation,131684331,MoveOn Education Fund,300000,2022,Dec. 2022,"CORE SUPPORT FOR THE FIGHT BACK TABLE TO COORDINATE NARRATIVE, STRATEGY, AND CIVIC ENGAGEMENT ACTIVITIES OF NATIONAL SOC",IRS Form 990 990-PF Part XV (via ProPublica e-file render),https://projects.propublica.org/nonprofits/organizations/131684331/202343199349104934/full,documented (grantor filing),
Ford Foundation,131684331,Movement 4 Black Lives Inc,6159,2020,Dec. 2020,Matching Gift,IRS Form 990 990-PF Part XV (via ProPublica e-file render),https://projects.propublica.org/nonprofits/organizations/131684331/202123199349107292/full,documented (grantor filing),
Ford Foundation,131684331,Public Citizen,55000,2019,Dec. 2019,"To raise understanding and awareness on internet policies and international trade
                           negotiation; For organizing the Transatlantic Consumers Dialogue 19th Annual Conference convening
                           public i",IRS Form 990 990-PF Part XV (via ProPublica e-file render),https://projects.propublica.org/nonprofits/organizations/131684331/202023189349104072/full,documented (grantor filing),
Ford Foundation,131684331,Public Citizen,366666,2020,Dec. 2020,"For the Digital Trade Alliance, a network of organizations advocating for international
                           trade; One time core support for the Declaration for American Democracy campaign to build
                           a democrac",IRS Form 990 990-PF Part XV (via ProPublica e-file render),https://projects.propublica.org/nonprofits/organizations/131684331/202123199349107292/full,documented (grantor filing),
Ford Foundation,131684331,Public Citizen,500000,2021,Dec. 2021,"FOR THE DIGITAL TRADE ALLIANCE, A NETWORK OF ORGANIZATIONS ADVOCATING FOR INTERNATIONAL TRADE RULES WITH A SOCIAL JUSTIC; CORE SUPPORT FOR THE DECLARATION FOR AMERICAN DEMOCRACY CAMPAIGN TO BUILD A DEMOCRACY WHERE EVERYONE PARTICIPATES, EVERY",IRS Form 990 990-PF Part XV (via ProPublica e-file render),https://projects.propublica.org/nonprofits/organizations/131684331/202203199349101880/full,documented (grantor filing),
Ford Foundation,131684331,Public Citizen,36334,2022,Dec. 2022,"FOR THE DIGITAL TRADE ALLIANCE, A NETWORK OF ORGANIZATIONS ADVOCATING FOR INTERNATIONAL TRADE RULES WITH A SOCIAL JUSTIC",IRS Form 990 990-PF Part XV (via ProPublica e-file render),https://projects.propublica.org/nonprofits/organizations/131684331/202343199349104934/full,documented (grantor filing),
Ford Foundation,131684331,Public Citizen,150000,2024,Dec. 2024,CORE SUPPORT TO THE DIGITAL TRADE ALLIANCE TO PROTECT AND PROMOTE HUMAN AND CONSUMER RIGHTS IN INTERNATIONAL TRADE OUTCO,IRS Form 990 990-PF Part XV (via ProPublica e-file render),https://projects.propublica.org/nonprofits/organizations/131684331/202513219349106006/full,documented (grantor filing),
Ford Foundation,131684331,Sunrise Movement Education Fund,125250,2020,Dec. 2020,General Support; Matching Gift,IRS Form 990 990-PF Part XV (via ProPublica e-file render),https://projects.propublica.org/nonprofits/organizations/131684331/202123199349107292/full,documented (grantor filing),
Ford Foundation,131684331,Sunrise Movement Education Fund,125000,2021,Dec. 2021,GENERAL SUPPORT,IRS Form 990 990-PF Part XV (via ProPublica e-file render),https://projects.propublica.org/nonprofits/organizations/131684331/202203199349101880/full,documented (grantor filing),
Ford Foundation,131684331,Sunrise Movement Education Fund,125000,2022,Dec. 2022,GENERAL SUPPORT,IRS Form 990 990-PF Part XV (via ProPublica e-file render),https://projects.propublica.org/nonprofits/organizations/131684331/202343199349104934/full,documented (grantor filing),
Ford Foundation,131684331,Sunrise Movement Education Fund,125000,2023,Dec. 2023,GENERAL SUPPORT,IRS Form 990 990-PF Part XV (via ProPublica e-file render),https://projects.propublica.org/nonprofits/organizations/131684331/202423199349105557/full,documented (grantor filing),
Ford Foundation,131684331,Sunrise Movement Education Fund,150000,2024,Dec. 2024,GENERAL SUPPORT,IRS Form 990 990-PF Part XV (via ProPublica e-file render),https://projects.propublica.org/nonprofits/organizations/131684331/202513219349106006/full,documented (grantor filing),
Ford Foundation,131684331,United We Dream (+Action),761650,2019,Dec. 2019,General support and core support for institutional strengthening; General support and core support for the Census Program; FORD FOUNDATION MATCHING GIFT PROGRAM,IRS Form 990 990-PF Part XV (via ProPublica e-file render),https://projects.propublica.org/nonprofits/organizations/131684331/202023189349104072/full,documented (grantor filing),
Ford Foundation,131684331,United We Dream (+Action),986850,2020,Dec. 2020,General support and core support for institutional strengthening; General support and core support for the Census Program; Matching Gift,IRS Form 990 990-PF Part XV (via ProPublica e-file render),https://projects.propublica.org/nonprofits/organizations/131684331/202123199349107292/full,documented (grantor filing),
Ford Foundation,131684331,United We Dream (+Action),4250000,2021,Dec. 2021,GENERAL SUPPORT AND CORE SUPPORT FOR INSTITUTIONAL STRENGTHENING; GENERAL SUPPORT,IRS Form 990 990-PF Part XV (via ProPublica e-file render),https://projects.propublica.org/nonprofits/organizations/131684331/202203199349101880/full,documented (grantor filing),
Ford Foundation,131684331,United We Dream (+Action),1550000,2022,Dec. 2022,GENERAL SUPPORT AND CORE SUPPORT FOR INSTITUTIONAL STRENGTHENING; GENERAL SUPPORT,IRS Form 990 990-PF Part XV (via ProPublica e-file render),https://projects.propublica.org/nonprofits/organizations/131684331/202343199349104934/full,documented (grantor filing),
Ford Foundation,131684331,United We Dream (+Action),1800000,2023,Dec. 2023,"CORE SUPPORT FOR THE DACA DEFENSE FUND TO DEVELOP AND IMPLEMENT A PLAN FOR RESPONDING
                           TO VARI; GENERAL SUPPORT AND CORE SUPPORT FOR INSTITUTIONAL STRENGTHENING",IRS Form 990 990-PF Part XV (via ProPublica e-file render),https://projects.propublica.org/nonprofits/organizations/131684331/202423199349105557/full,documented (grantor filing),
Ford Foundation,131684331,United We Dream (+Action),1555000,2024,Dec. 2024,GENERAL SUPPORT AND CORE SUPPORT FOR INSTITUTIONAL STRENGTHENING,IRS Form 990 990-PF Part XV (via ProPublica e-file render),https://projects.propublica.org/nonprofits/organizations/131684331/202513219349106006/full,documented (grantor filing),
Ford Foundation,131684331,WESPAC Foundation,150,2024,Dec. 2024,MATCHING GIFT,IRS Form 990 990-PF Part XV (via ProPublica e-file render),https://projects.propublica.org/nonprofits/organizations/131684331/202513219349106006/full,documented (grantor filing),
Ford Foundation,131684331,Women's March (various entities),375000,2022,Dec. 2022,"GENERAL SUPPORT; FOR WMN'S DIGITAL DEFENSE PROJECT, IN COLLABORATION WITH THE UNITED VISIONS COLLECTIVE, TO CHALLENGE MISOGYNIST AND RACI",IRS Form 990 990-PF Part XV (via ProPublica e-file render),https://projects.propublica.org/nonprofits/organizations/131684331/202343199349104934/full,documented (grantor filing),
Ford Foundation,131684331,Women's March (various entities),75000,2023,Dec. 2023,GENERAL SUPPORT,IRS Form 990 990-PF Part XV (via ProPublica e-file render),https://projects.propublica.org/nonprofits/organizations/131684331/202423199349105557/full,documented (grantor filing),
Ford Foundation,131684331,Women's March (various entities),100000,2024,Dec. 2024,GENERAL SUPPORT,IRS Form 990 990-PF Part XV (via ProPublica e-file render),https://projects.propublica.org/nonprofits/organizations/131684331/202513219349106006/full,documented (grantor filing),
Foundation to Promote Open Society,263753801,Center for Popular Democracy (+Action),1095000,2020,Dec. 2020,"to provide high quality training on core governance skills to incoming state and local
                           electe; to support Local Progress, a project of the Grantee, in its work to uplift local elected
                           voic; to support the Grantee's Healthcare Justice work",IRS Form 990 990-PF Part XV (via ProPublica e-file render),https://projects.propublica.org/nonprofits/organizations/263753801/202113519349100511/full,documented (grantor filing),
Foundation to Promote Open Society,263753801,Center for Popular Democracy (+Action),685000,2021,Dec. 2021,"to support Local Progress, a project of the Grantee, in advancing racial and economic justice; to support Communities United, a fiscally sponsored program of Center for Popular Democracy, to strengthen its organizin; to support the New Leader Boot Camp in training a cohort of freshman city council members in Baltimore on leadership ski",IRS Form 990 990-PF Part XV (via ProPublica e-file render),https://projects.propublica.org/nonprofits/organizations/263753801/202213209349101601/full,documented (grantor filing),
Foundation to Promote Open Society,263753801,Center for Popular Democracy (+Action),150000,2022,Dec. 2022,TO SUPPORT THE CENTER FOR POPULAR DEMOCRACY'S HEALTHCARE JUSTICE CAMPAIGN,IRS Form 990 990-PF Part XV (via ProPublica e-file render),https://projects.propublica.org/nonprofits/organizations/263753801/202303199349106215/full,documented (grantor filing),
Foundation to Promote Open Society,263753801,Common Counsel Foundation,3230047,2021,Dec. 2021,"to catalyze Black communities into the global movement for climate justice; to support The Movement for Black Lives, a project of the Grantee that creates alternative solutions to harmful institut",IRS Form 990 990-PF Part XV (via ProPublica e-file render),https://projects.propublica.org/nonprofits/organizations/263753801/202213209349101601/full,documented (grantor filing),
Foundation to Promote Open Society,263753801,Common Counsel Foundation,3000000,2022,Dec. 2022,"TO SUPPORT THE MOVEMENT FOR BLACK LIVES, A PROJECT OF THE GRANTEE THAT CREATES ALTERNATIVE SOLUTIONS TO HARMFUL INSTITUT",IRS Form 990 990-PF Part XV (via ProPublica e-file render),https://projects.propublica.org/nonprofits/organizations/263753801/202303199349106215/full,documented (grantor filing),
Foundation to Promote Open Society,263753801,Common Counsel Foundation,6000000,2023,Dec. 2023,"TO SUPPORT THE MOVEMENT FOR BLACK LIVES, A PROJECT OF THE GRANTEE THAT CREATES ALTERNATIVE SOLUTIONS TO HARMFUL INSTITUT",IRS Form 990 990-PF Part XV (via ProPublica e-file render),https://projects.propublica.org/nonprofits/organizations/263753801/202413199349105961/full,documented (grantor filing),
Foundation to Promote Open Society,263753801,IfNotNow,100000,2020,Dec. 2020,"to grow membership, visibility and impact around support to end occupation in the
                           Middle East",IRS Form 990 990-PF Part XV (via ProPublica e-file render),https://projects.propublica.org/nonprofits/organizations/263753801/202113519349100511/full,documented (grantor filing),
Foundation to Promote Open Society,263753801,IfNotNow,200000,2022,Dec. 2022,TO PROVIDE GENERAL SUPPORT,IRS Form 990 990-PF Part XV (via ProPublica e-file render),https://projects.propublica.org/nonprofits/organizations/263753801/202303199349106215/full,documented (grantor filing),
Foundation to Promote Open Society,263753801,IfNotNow,283888,2023,Dec. 2023,TO PROVIDE GENERAL SUPPORT,IRS Form 990 990-PF Part XV (via ProPublica e-file render),https://projects.propublica.org/nonprofits/organizations/263753801/202413199349105961/full,documented (grantor filing),
Foundation to Promote Open Society,263753801,Jewish Voice for Peace (c3),225000,2022,Dec. 2022,TO EDUCATE THE PUBLIC ABOUT MOVEMENT BUILDING ACROSS THE UNITED STATES,IRS Form 990 990-PF Part XV (via ProPublica e-file render),https://projects.propublica.org/nonprofits/organizations/263753801/202303199349106215/full,documented (grantor filing),
Foundation to Promote Open Society,263753801,Public Citizen,395333,2020,Dec. 2020,to provide general support; to support strategic litigation and training,IRS Form 990 990-PF Part XV (via ProPublica e-file render),https://projects.propublica.org/nonprofits/organizations/263753801/202113519349100511/full,documented (grantor filing),
Foundation to Promote Open Society,263753801,Public Citizen,130000,2021,Dec. 2021,to provide general support,IRS Form 990 990-PF Part XV (via ProPublica e-file render),https://projects.propublica.org/nonprofits/organizations/263753801/202213209349101601/full,documented (grantor filing),
Foundation to Promote Open Society,263753801,Public Citizen,250000,2022,Dec. 2022,TO SUPPORT PUBLIC CITIZEN FOUNDATION TO EDUCATE THE ADMINISTRATION AND KEY REGULATORS ON SPECIFIC CLIMATE-RELATED RISKS ,IRS Form 990 990-PF Part XV (via ProPublica e-file render),https://projects.propublica.org/nonprofits/organizations/263753801/202303199349106215/full,documented (grantor filing),
Foundation to Promote Open Society,263753801,Public Citizen,250000,2023,Dec. 2023,"TO PROVIDE SUPPORT FOR CONSUMER PROTECTION, TRANSPARENCY, AND INDUSTRY ACCOUNTABILITY IN THE USE OF AI TECHNOLOGY",IRS Form 990 990-PF Part XV (via ProPublica e-file render),https://projects.propublica.org/nonprofits/organizations/263753801/202413199349105961/full,documented (grantor filing),
Foundation to Promote Open Society,263753801,United We Dream (+Action),150000,2020,Dec. 2020,to provide general support,IRS Form 990 990-PF Part XV (via ProPublica e-file render),https://projects.propublica.org/nonprofits/organizations/263753801/202113519349100511/full,documented (grantor filing),
Goldman Sachs Charitable Gift Fund,113813663,Center for Popular Democracy (+Action),50000,2025,June 2025,COMMUNITY OUTREACH & ENRICHMENT PROGRAMS,IRS Form 990 Schedule I (via ProPublica e-file render),https://projects.propublica.org/nonprofits/organizations/113813663/202611249349302616/full,documented (grantor filing),Grants by a donor-advised-fund sponsor; underlying donor not named in filing
Goldman Sachs Philanthropy Fund (GS DAF Philanthropy Fund for Wealth Mgmt),311774905,Breakthrough BT Media,540000,2022,Dec. 2022,PUBLIC SERVICE,IRS Form 990 Schedule I (via ProPublica e-file render),https://projects.propublica.org/nonprofits/organizations/311774905/202312859349302266/full,documented (grantor filing),Grants by a donor-advised-fund sponsor; underlying donor not named in filing
Goldman Sachs Philanthropy Fund (GS DAF Philanthropy Fund for Wealth Mgmt),311774905,Breakthrough BT Media,558000,2023,Dec. 2023,MEDICAL / PUBLIC SERVICES,IRS Form 990 Schedule I (via ProPublica e-file render),https://projects.propublica.org/nonprofits/organizations/311774905/202413109349303336/full,documented (grantor filing),Grants by a donor-advised-fund sponsor; underlying donor not named in filing
Goldman Sachs Philanthropy Fund (GS DAF Philanthropy Fund for Wealth Mgmt),311774905,CHIRLA,100000,2019,Dec. 2019,COMMUNITY & HUMAN SERVICES,IRS Form 990 Schedule I (via ProPublica e-file render),https://projects.propublica.org/nonprofits/organizations/311774905/202022189349300322/full,documented (grantor filing),Grants by a donor-advised-fund sponsor; underlying donor not named in filing
Goldman Sachs Philanthropy Fund (GS DAF Philanthropy Fund for Wealth Mgmt),311774905,CHIRLA,100000,2022,Dec. 2022,HUMANITARIAN,IRS Form 990 Schedule I (via ProPublica e-file render),https://projects.propublica.org/nonprofits/organizations/311774905/202312859349302266/full,documented (grantor filing),Grants by a donor-advised-fund sponsor; underlying donor not named in filing
Goldman Sachs Philanthropy Fund (GS DAF Philanthropy Fund for Wealth Mgmt),311774905,CHIRLA,120000,2024,Dec. 2024,COMMUNITY & HUMAN SERVICES,IRS Form 990 Schedule I (via ProPublica e-file render),https://projects.propublica.org/nonprofits/organizations/311774905/202503109349303645/full,documented (grantor filing),Grants by a donor-advised-fund sponsor; underlying donor not named in filing
Goldman Sachs Philanthropy Fund (GS DAF Philanthropy Fund for Wealth Mgmt),311774905,Center for Popular Democracy (+Action),8500,2021,Dec. 2021,COMMUNITY & HUMAN SERVICES,IRS Form 990 Schedule I (via ProPublica e-file render),https://projects.propublica.org/nonprofits/organizations/311774905/202243089349301314/full,documented (grantor filing),Grants by a donor-advised-fund sponsor; underlying donor not named in filing
Goldman Sachs Philanthropy Fund (GS DAF Philanthropy Fund for Wealth Mgmt),311774905,Center for Popular Democracy (+Action),10000,2024,Dec. 2024,COMMUNITY & HUMAN SERVICES,IRS Form 990 Schedule I (via ProPublica e-file render),https://projects.propublica.org/nonprofits/organizations/311774905/202503109349303645/full,documented (grantor filing),Grants by a donor-advised-fund sponsor; underlying donor not named in filing
Goldman Sachs Philanthropy Fund (GS DAF Philanthropy Fund for Wealth Mgmt),311774905,CodePink,350000,2017,Dec. 2017,General Support,IRS Form 990 Schedule I (via ProPublica e-file render),https://projects.propublica.org/nonprofits/organizations/311774905/201832619349300328/full,documented (grantor filing),Grants by a donor-advised-fund sponsor; underlying donor not named in filing
Goldman Sachs Philanthropy Fund (GS DAF Philanthropy Fund for Wealth Mgmt),311774905,CodePink,150000,2018,Dec. 2018,GENERAL SUPPORT,IRS Form 990 Schedule I (via ProPublica e-file render),https://projects.propublica.org/nonprofits/organizations/311774905/201922279349300402/full,documented (grantor filing),Grants by a donor-advised-fund sponsor; underlying donor not named in filing
Goldman Sachs Philanthropy Fund (GS DAF Philanthropy Fund for Wealth Mgmt),311774905,CodePink,210000,2019,Dec. 2019,ENVIRONMENT & ANIMAL PROTECTION,IRS Form 990 Schedule I (via ProPublica e-file render),https://projects.propublica.org/nonprofits/organizations/311774905/202022189349300322/full,documented (grantor filing),Grants by a donor-advised-fund sponsor; underlying donor not named in filing
Goldman Sachs Philanthropy Fund (GS DAF Philanthropy Fund for Wealth Mgmt),311774905,CodePink,150000,2020,Dec. 2020,ENVIRONMENT & ANIMAL PROTECTION,IRS Form 990 Schedule I (via ProPublica e-file render),https://projects.propublica.org/nonprofits/organizations/311774905/202142779349300844/full,documented (grantor filing),Grants by a donor-advised-fund sponsor; underlying donor not named in filing
Goldman Sachs Philanthropy Fund (GS DAF Philanthropy Fund for Wealth Mgmt),311774905,CodePink,170000,2021,Dec. 2021,ENVIRONMENT & ANIMAL PROTECTION,IRS Form 990 Schedule I (via ProPublica e-file render),https://projects.propublica.org/nonprofits/organizations/311774905/202243089349301314/full,documented (grantor filing),Grants by a donor-advised-fund sponsor; underlying donor not named in filing
Goldman Sachs Philanthropy Fund (GS DAF Philanthropy Fund for Wealth Mgmt),311774905,CodePink,150000,2022,Dec. 2022,ENVIRONMENT & ANIMAL PROTECTION,IRS Form 990 Schedule I (via ProPublica e-file render),https://projects.propublica.org/nonprofits/organizations/311774905/202312859349302266/full,documented (grantor filing),Grants by a donor-advised-fund sponsor; underlying donor not named in filing
Goldman Sachs Philanthropy Fund (GS DAF Philanthropy Fund for Wealth Mgmt),311774905,CodePink,150000,2023,Dec. 2023,ENVIRONMENT & ANIMAL PROTECTION,IRS Form 990 Schedule I (via ProPublica e-file render),https://projects.propublica.org/nonprofits/organizations/311774905/202413109349303336/full,documented (grantor filing),Grants by a donor-advised-fund sponsor; underlying donor not named in filing
Goldman Sachs Philanthropy Fund (GS DAF Philanthropy Fund for Wealth Mgmt),311774905,IfNotNow,17500,2024,Dec. 2024,COMMUNITY & HUMAN SERVICES,IRS Form 990 Schedule I (via ProPublica e-file render),https://projects.propublica.org/nonprofits/organizations/311774905/202503109349303645/full,documented (grantor filing),Grants by a donor-advised-fund sponsor; underlying donor not named in filing
Goldman Sachs Philanthropy Fund (GS DAF Philanthropy Fund for Wealth Mgmt),311774905,Indivisible Civics,11000,2020,Dec. 2020,COMMUNITY & HUMAN SERVICES,IRS Form 990 Schedule I (via ProPublica e-file render),https://projects.propublica.org/nonprofits/organizations/311774905/202142779349300844/full,documented (grantor filing),Grants by a donor-advised-fund sponsor; underlying donor not named in filing
Goldman Sachs Philanthropy Fund (GS DAF Philanthropy Fund for Wealth Mgmt),311774905,Indivisible Civics,10000,2021,Dec. 2021,COMMUNITY & HUMAN SERVICES,IRS Form 990 Schedule I (via ProPublica e-file render),https://projects.propublica.org/nonprofits/organizations/311774905/202243089349301314/full,documented (grantor filing),Grants by a donor-advised-fund sponsor; underlying donor not named in filing
Goldman Sachs Philanthropy Fund (GS DAF Philanthropy Fund for Wealth Mgmt),311774905,Indivisible Civics,10000,2022,Dec. 2022,COMMUNITY & HUMAN SERVICES,IRS Form 990 Schedule I (via ProPublica e-file render),https://projects.propublica.org/nonprofits/organizations/311774905/202312859349302266/full,documented (grantor filing),Grants by a donor-advised-fund sponsor; underlying donor not named in filing
Goldman Sachs Philanthropy Fund (GS DAF Philanthropy Fund for Wealth Mgmt),311774905,Indivisible Civics,10000,2023,Dec. 2023,COMMUNITY & HUMAN SERVICES,IRS Form 990 Schedule I (via ProPublica e-file render),https://projects.propublica.org/nonprofits/organizations/311774905/202413109349303336/full,documented (grantor filing),Grants by a donor-advised-fund sponsor; underlying donor not named in filing
Goldman Sachs Philanthropy Fund (GS DAF Philanthropy Fund for Wealth Mgmt),311774905,Indivisible Civics,20000,2024,Dec. 2024,COMMUNITY & HUMAN SERVICES,IRS Form 990 Schedule I (via ProPublica e-file render),https://projects.propublica.org/nonprofits/organizations/311774905/202503109349303645/full,documented (grantor filing),Grants by a donor-advised-fund sponsor; underlying donor not named in filing
Goldman Sachs Philanthropy Fund (GS DAF Philanthropy Fund for Wealth Mgmt),311774905,Justice and Education Fund,5545000,2018,Dec. 2018,GENERAL SUPPORT,IRS Form 990 Schedule I (via ProPublica e-file render),https://projects.propublica.org/nonprofits/organizations/311774905/201922279349300402/full,documented (grantor filing),Grants by a donor-advised-fund sponsor; underlying donor not named in filing
Goldman Sachs Philanthropy Fund (GS DAF Philanthropy Fund for Wealth Mgmt),311774905,Justice and Education Fund,15255000,2019,Dec. 2019,COMMUNITY & HUMAN SERVICES,IRS Form 990 Schedule I (via ProPublica e-file render),https://projects.propublica.org/nonprofits/organizations/311774905/202022189349300322/full,documented (grantor filing),Grants by a donor-advised-fund sponsor; underlying donor not named in filing
Goldman Sachs Philanthropy Fund (GS DAF Philanthropy Fund for Wealth Mgmt),311774905,Justice and Education Fund,7650000,2020,Dec. 2020,COMMUNITY & HUMAN SERVICES,IRS Form 990 Schedule I (via ProPublica e-file render),https://projects.propublica.org/nonprofits/organizations/311774905/202142779349300844/full,documented (grantor filing),Grants by a donor-advised-fund sponsor; underlying donor not named in filing
Goldman Sachs Philanthropy Fund (GS DAF Philanthropy Fund for Wealth Mgmt),311774905,Justice and Education Fund,10025000,2021,Dec. 2021,COMMUNITY & HUMAN SERVICES,IRS Form 990 Schedule I (via ProPublica e-file render),https://projects.propublica.org/nonprofits/organizations/311774905/202243089349301314/full,documented (grantor filing),Grants by a donor-advised-fund sponsor; underlying donor not named in filing
Goldman Sachs Philanthropy Fund (GS DAF Philanthropy Fund for Wealth Mgmt),311774905,Justice and Education Fund,20630000,2022,Dec. 2022,COMMUNITY & HUMAN SERVICES,IRS Form 990 Schedule I (via ProPublica e-file render),https://projects.propublica.org/nonprofits/organizations/311774905/202312859349302266/full,documented (grantor filing),Grants by a donor-advised-fund sponsor; underlying donor not named in filing
Goldman Sachs Philanthropy Fund (GS DAF Philanthropy Fund for Wealth Mgmt),311774905,Justice and Education Fund,9668701,2023,Dec. 2023,COMMUNITY & HUMAN SERVICES,IRS Form 990 Schedule I (via ProPublica e-file render),https://projects.propublica.org/nonprofits/organizations/311774905/202413109349303336/full,documented (grantor filing),Grants by a donor-advised-fund sponsor; underlying donor not named in filing
Goldman Sachs Philanthropy Fund (GS DAF Philanthropy Fund for Wealth Mgmt),311774905,Mijente,75000,2022,Dec. 2022,COMMUNITY & HUMAN SERVICES,IRS Form 990 Schedule I (via ProPublica e-file render),https://projects.propublica.org/nonprofits/organizations/311774905/202312859349302266/full,documented (grantor filing),Grants by a donor-advised-fund sponsor; underlying donor not named in filing
Goldman Sachs Philanthropy Fund (GS DAF Philanthropy Fund for Wealth Mgmt),311774905,Sunrise Movement Education Fund,77000,2020,Dec. 2020,EDUCATION,IRS Form 990 Schedule I (via ProPublica e-file render),https://projects.propublica.org/nonprofits/organizations/311774905/202142779349300844/full,documented (grantor filing),Grants by a donor-advised-fund sponsor; underlying donor not named in filing
Goldman Sachs Philanthropy Fund (GS DAF Philanthropy Fund for Wealth Mgmt),311774905,Susan B Anthony List,7250,2023,Dec. 2023,EDUCATION,IRS Form 990 Schedule I (via ProPublica e-file render),https://projects.propublica.org/nonprofits/organizations/311774905/202413109349303336/full,documented (grantor filing),Grants by a donor-advised-fund sponsor; underlying donor not named in filing
Goldman Sachs Philanthropy Fund (GS DAF Philanthropy Fund for Wealth Mgmt),311774905,Susan B Anthony List,19750,2024,Dec. 2024,EDUCATION,IRS Form 990 Schedule I (via ProPublica e-file render),https://projects.propublica.org/nonprofits/organizations/311774905/202503109349303645/full,documented (grantor filing),Grants by a donor-advised-fund sponsor; underlying donor not named in filing
Goldman Sachs Philanthropy Fund (GS DAF Philanthropy Fund for Wealth Mgmt),311774905,The People's Forum,2500000,2017,Dec. 2017,General Support,IRS Form 990 Schedule I (via ProPublica e-file render),https://projects.propublica.org/nonprofits/organizations/311774905/201832619349300328/full,documented (grantor filing),Grants by a donor-advised-fund sponsor; underlying donor not named in filing
Goldman Sachs Philanthropy Fund (GS DAF Philanthropy Fund for Wealth Mgmt),311774905,The People's Forum,4400000,2018,Dec. 2018,GENERAL SUPPORT,IRS Form 990 Schedule I (via ProPublica e-file render),https://projects.propublica.org/nonprofits/organizations/311774905/201922279349300402/full,documented (grantor filing),Grants by a donor-advised-fund sponsor; underlying donor not named in filing
Goldman Sachs Philanthropy Fund (GS DAF Philanthropy Fund for Wealth Mgmt),311774905,The People's Forum,12000000,2019,Dec. 2019,COMMUNITY & HUMAN SERVICES,IRS Form 990 Schedule I (via ProPublica e-file render),https://projects.propublica.org/nonprofits/organizations/311774905/202022189349300322/full,documented (grantor filing),Grants by a donor-advised-fund sponsor; underlying donor not named in filing
Goldman Sachs Philanthropy Fund (GS DAF Philanthropy Fund for Wealth Mgmt),311774905,The People's Forum,3540000,2022,Dec. 2022,COMMUNITY & HUMAN SERVICES,IRS Form 990 Schedule I (via ProPublica e-file render),https://projects.propublica.org/nonprofits/organizations/311774905/202312859349302266/full,documented (grantor filing),Grants by a donor-advised-fund sponsor; underlying donor not named in filing
Goldman Sachs Philanthropy Fund (GS DAF Philanthropy Fund for Wealth Mgmt),311774905,Tricontinental,40000,2017,Dec. 2017,General Support,IRS Form 990 Schedule I (via ProPublica e-file render),https://projects.propublica.org/nonprofits/organizations/311774905/201832619349300328/full,documented (grantor filing),Grants by a donor-advised-fund sponsor; underlying donor not named in filing
Goldman Sachs Philanthropy Fund (GS DAF Philanthropy Fund for Wealth Mgmt),311774905,Tricontinental,860000,2018,Dec. 2018,GENERAL SUPPORT,IRS Form 990 Schedule I (via ProPublica e-file render),https://projects.propublica.org/nonprofits/organizations/311774905/201922279349300402/full,documented (grantor filing),Grants by a donor-advised-fund sponsor; underlying donor not named in filing
Goldman Sachs Philanthropy Fund (GS DAF Philanthropy Fund for Wealth Mgmt),311774905,Tricontinental,12450000,2019,Dec. 2019,COMMUNITY & HUMAN SERVICES,IRS Form 990 Schedule I (via ProPublica e-file render),https://projects.propublica.org/nonprofits/organizations/311774905/202022189349300322/full,documented (grantor filing),Grants by a donor-advised-fund sponsor; underlying donor not named in filing
Goldman Sachs Philanthropy Fund (GS DAF Philanthropy Fund for Wealth Mgmt),311774905,Tricontinental,3410000,2022,Dec. 2022,COMMUNITY & HUMAN SERVICES,IRS Form 990 Schedule I (via ProPublica e-file render),https://projects.propublica.org/nonprofits/organizations/311774905/202312859349302266/full,documented (grantor filing),Grants by a donor-advised-fund sponsor; underlying donor not named in filing
Heising-Simons Action Fund,844316553,Mijente,220000,2021,Dec. 2021,"FOR GENERAL SUPPORT AND FOR ASSISTANCE WITH LEGAL, ACCOUNTING, AND COMPLIANCE NEEDS",IRS Form 990 Schedule I (via ProPublica e-file render),https://projects.propublica.org/nonprofits/organizations/844316553/202233189349306673/full,documented (grantor filing),
Heising-Simons Action Fund,844316553,Mijente,200000,2022,Dec. 2022,FOR GENERAL SUPPORT,IRS Form 990 Schedule I (via ProPublica e-file render),https://projects.propublica.org/nonprofits/organizations/844316553/202333189349302593/full,documented (grantor filing),
Heising-Simons Action Fund,844316553,Mijente,200000,2023,Dec. 2023,FOR GENERAL SUPPORT,IRS Form 990 Schedule I (via ProPublica e-file render),https://projects.propublica.org/nonprofits/organizations/844316553/202402869349300400/full,documented (grantor filing),
Heising-Simons Action Fund,844316553,Mijente,200000,2024,Dec. 2024,FOR GENERAL SUPPORT,IRS Form 990 Schedule I (via ProPublica e-file render),https://projects.propublica.org/nonprofits/organizations/844316553/202513219349321916/full,documented (grantor filing),
Heising-Simons Action Fund,844316553,Sixteen Thirty Fund,2100000,2020,Dec. 2020,FOR THE CLIMATE EQUITY ACTION FUND AND THE CIVIC ACTION FUND,IRS Form 990 Schedule I (via ProPublica e-file render),https://projects.propublica.org/nonprofits/organizations/844316553/202113199349309596/full,documented (grantor filing),
Heising-Simons Action Fund,844316553,Sixteen Thirty Fund,500000,2022,Dec. 2022,FOR THE CLIMATE EQUITY ACTION FUND,IRS Form 990 Schedule I (via ProPublica e-file render),https://projects.propublica.org/nonprofits/organizations/844316553/202333189349302593/full,documented (grantor filing),
Heising-Simons Action Fund,844316553,Sixteen Thirty Fund,200000,2023,Dec. 2023,FOR CHILD CARE EVERY FAMILY ACTION,IRS Form 990 Schedule I (via ProPublica e-file render),https://projects.propublica.org/nonprofits/organizations/844316553/202402869349300400/full,documented (grantor filing),
Heising-Simons Action Fund,844316553,Sixteen Thirty Fund,575000,2024,Dec. 2024,FOR CHILD CARE FOR EVERY FAMILY ACTION; FOR CSME ACTION,IRS Form 990 Schedule I (via ProPublica e-file render),https://projects.propublica.org/nonprofits/organizations/844316553/202513219349321916/full,documented (grantor filing),
Heising-Simons Action Fund,844316553,Sunrise Movement,250000,2021,Dec. 2021,FOR GENERAL SUPPORT,IRS Form 990 Schedule I (via ProPublica e-file render),https://projects.propublica.org/nonprofits/organizations/844316553/202233189349306673/full,documented (grantor filing),
Heising-Simons Action Fund,844316553,Sunrise Movement,100000,2022,Dec. 2022,FOR GENERAL SUPPORT,IRS Form 990 Schedule I (via ProPublica e-file render),https://projects.propublica.org/nonprofits/organizations/844316553/202333189349302593/full,documented (grantor filing),
Heising-Simons Action Fund,844316553,Working Families Organization,200000,2020,Dec. 2020,FOR GENERAL SUPPORT,IRS Form 990 Schedule I (via ProPublica e-file render),https://projects.propublica.org/nonprofits/organizations/844316553/202113199349309596/full,documented (grantor filing),
Heising-Simons Action Fund,844316553,Working Families Organization,3120000,2021,Dec. 2021,"FOR GENERAL SUPPORT AND FOR UNITED FORT WORTH FOR ASSISTANCE WITH LEGAL, ACCOUNTING, AND COMPLIANCE NEEDS; FOR WORK IN C",IRS Form 990 Schedule I (via ProPublica e-file render),https://projects.propublica.org/nonprofits/organizations/844316553/202233189349306673/full,documented (grantor filing),
Heising-Simons Action Fund,844316553,Working Families Organization,200000,2022,Dec. 2022,FOR UNITED FORT WORTH,IRS Form 990 Schedule I (via ProPublica e-file render),https://projects.propublica.org/nonprofits/organizations/844316553/202333189349302593/full,documented (grantor filing),
Heising-Simons Action Fund,844316553,Working Families Organization,300000,2023,Dec. 2023,FOR UNITED FORT WORTH,IRS Form 990 Schedule I (via ProPublica e-file render),https://projects.propublica.org/nonprofits/organizations/844316553/202402869349300400/full,documented (grantor filing),
Heising-Simons Action Fund,844316553,Working Families Organization,300000,2024,Dec. 2024,FOR GENERAL SUPPORT,IRS Form 990 Schedule I (via ProPublica e-file render),https://projects.propublica.org/nonprofits/organizations/844316553/202513219349321916/full,documented (grantor filing),
Hopewell Fund,473681860,Center for Popular Democracy (+Action),10000,2023,Dec. 2023,"CIVIL RIGHTS, SOCIAL ACTION, ADVOCACY",IRS Form 990 Schedule I (via ProPublica e-file render),https://projects.propublica.org/nonprofits/organizations/473681860/202423179349304767/full,documented (grantor filing),
Hopewell Fund,473681860,Indivisible Civics,150000,2024,Dec. 2024,"CIVIL RIGHTS, SOCIAL ACTION, ADVOCACY",IRS Form 990 Schedule I (via ProPublica e-file render),https://projects.propublica.org/nonprofits/organizations/473681860/202543159349305889/full,documented (grantor filing),
Hopewell Fund,473681860,Sixteen Thirty Fund,3060248,2019,Dec. 2019,"CIVIL RIGHTS, SOCIAL ACTION, ADVOCACY",IRS Form 990 Schedule I (via ProPublica e-file render),https://projects.propublica.org/nonprofits/organizations/473681860/202013169349305671/full,documented (grantor filing),
Hopewell Fund,473681860,Sixteen Thirty Fund,3827001,2020,Dec. 2020,"CIVIL RIGHTS, SOCIAL ACTION, ADVOCACY",IRS Form 990 Schedule I (via ProPublica e-file render),https://projects.propublica.org/nonprofits/organizations/473681860/202143169349311614/full,documented (grantor filing),
Hopewell Fund,473681860,Sixteen Thirty Fund,3087645,2021,Dec. 2021,"CIVIL RIGHTS, SOCIAL ACTION, ADVOCACY",IRS Form 990 Schedule I (via ProPublica e-file render),https://projects.propublica.org/nonprofits/organizations/473681860/202203139349304855/full,documented (grantor filing),
Hopewell Fund,473681860,Sixteen Thirty Fund,7024000,2022,Dec. 2022,"CIVIL RIGHTS, SOCIAL ACTION, ADVOCACY",IRS Form 990 Schedule I (via ProPublica e-file render),https://projects.propublica.org/nonprofits/organizations/473681860/202333149349300038/full,documented (grantor filing),
Hopewell Fund,473681860,Sixteen Thirty Fund,250000,2023,Dec. 2023,"CIVIL RIGHTS, SOCIAL ACTION, ADVOCACY",IRS Form 990 Schedule I (via ProPublica e-file render),https://projects.propublica.org/nonprofits/organizations/473681860/202423179349304767/full,documented (grantor filing),
Hopewell Fund,473681860,Sixteen Thirty Fund,8296066,2024,Dec. 2024,"CIVIL RIGHTS, SOCIAL ACTION, ADVOCACY",IRS Form 990 Schedule I (via ProPublica e-file render),https://projects.propublica.org/nonprofits/organizations/473681860/202543159349305889/full,documented (grantor filing),
Hopewell Fund,473681860,Women's March (various entities),300000,2021,Dec. 2021,HEALTH,IRS Form 990 Schedule I (via ProPublica e-file render),https://projects.propublica.org/nonprofits/organizations/473681860/202203139349304855/full,documented (grantor filing),
Hopewell Fund,473681860,Women's March (various entities),7000,2022,Dec. 2022,"CIVIL RIGHTS, SOCIAL ACTION, ADVOCACY",IRS Form 990 Schedule I (via ProPublica e-file render),https://projects.propublica.org/nonprofits/organizations/473681860/202333149349300038/full,documented (grantor filing),
Indivisible Project,814944067,Indivisible Action (PAC),1000000,2019,Dec. 2019,GENERAL SUPPORT,IRS Form 990 Schedule I (via ProPublica e-file render),https://projects.propublica.org/nonprofits/organizations/814944067/202122259349301637/full,documented (grantor filing),
Indivisible Project,814944067,Indivisible Action (PAC),500000,2020,Dec. 2020,GENERAL SUPPORT,IRS Form 990 Schedule I (via ProPublica e-file render),https://projects.propublica.org/nonprofits/organizations/814944067/202102259349302300/full,documented (grantor filing),
Indivisible Project,814944067,Indivisible Action (PAC),560000,2022,Dec. 2022,GENERAL OPERATIONS SUPPORT,IRS Form 990 Schedule I (via ProPublica e-file render),https://projects.propublica.org/nonprofits/organizations/814944067/202302859349301005/full,documented (grantor filing),
Indivisible Project,814944067,Indivisible Action (PAC),1000000,2023,Dec. 2023,GENERAL OPERATIONS SUPPORT,IRS Form 990 Schedule I (via ProPublica e-file render),https://projects.propublica.org/nonprofits/organizations/814944067/202412859349301331/full,documented (grantor filing),
Indivisible Project,814944067,Indivisible Action (PAC),1500000,2024,Dec. 2024,GENERAL OPERATING SUPPORT,IRS Form 990 Schedule I (via ProPublica e-file render),https://projects.propublica.org/nonprofits/organizations/814944067/202512889349302441/full,documented (grantor filing),
Indivisible Project,814944067,Mijente,10000,2019,Dec. 2019,GENERAL SUPPORT,IRS Form 990 Schedule I (via ProPublica e-file render),https://projects.propublica.org/nonprofits/organizations/814944067/202122259349301637/full,documented (grantor filing),
Justice and Education Fund,824975378,Breakthrough BT Media,225092,2020,Dec. 2020,"CHARITABLE, RELIGIOUS, LITERARY OR EDUCATIONAL PURPOSES.",IRS Form 990 Schedule I (via ProPublica e-file render),https://projects.propublica.org/nonprofits/organizations/824975378/202103149349303320/full,documented (grantor filing),
Justice and Education Fund,824975378,Breakthrough BT Media,442657,2021,Dec. 2021,"CHARITABLE, RELIGIOUS, LITERARY OR EDUCATIONAL PURPOSES.",IRS Form 990 Schedule I (via ProPublica e-file render),https://projects.propublica.org/nonprofits/organizations/824975378/202242569349301534/full,documented (grantor filing),
Justice and Education Fund,824975378,Breakthrough BT Media,257936,2022,Dec. 2022,"CHARITABLE, RELIGIOUS, LITERARY OR EDUCATIONAL PURPOSES.",IRS Form 990 Schedule I (via ProPublica e-file render),https://projects.propublica.org/nonprofits/organizations/824975378/202333179349301938/full,documented (grantor filing),
Justice and Education Fund,824975378,Breakthrough BT Media,170000,2023,Dec. 2023,"CHARITABLE, RELIGIOUS, LITERARY OR EDUCATIONAL PURPOSES.",IRS Form 990 Schedule I (via ProPublica e-file render),https://projects.propublica.org/nonprofits/organizations/824975378/202413209349311861/full,documented (grantor filing),
Justice and Education Fund,824975378,Breakthrough BT Media,977000,2024,Dec. 2024,"CHARITABLE, RELIGIOUS, LITERARY OR EDUCATIONAL PURPOSES",IRS Form 990 Schedule I (via ProPublica e-file render),https://projects.propublica.org/nonprofits/organizations/824975378/202533109349300428/full,documented (grantor filing),
Justice and Education Fund,824975378,CodePink,130295,2020,Dec. 2020,"CHARITABLE, RELIGIOUS, LITERARY OR EDUCATIONAL PURPOSES.",IRS Form 990 Schedule I (via ProPublica e-file render),https://projects.propublica.org/nonprofits/organizations/824975378/202103149349303320/full,documented (grantor filing),
Justice and Education Fund,824975378,CodePink,250856,2021,Dec. 2021,"CHARITABLE, RELIGIOUS, LITERARY OR EDUCATIONAL PURPOSES.",IRS Form 990 Schedule I (via ProPublica e-file render),https://projects.propublica.org/nonprofits/organizations/824975378/202242569349301534/full,documented (grantor filing),
Justice and Education Fund,824975378,CodePink,109735,2022,Dec. 2022,"CHARITABLE, RELIGIOUS, LITERARY OR EDUCATIONAL PURPOSES.",IRS Form 990 Schedule I (via ProPublica e-file render),https://projects.propublica.org/nonprofits/organizations/824975378/202333179349301938/full,documented (grantor filing),
Justice and Education Fund,824975378,People's Dispatch,1264785,2023,Dec. 2023,"CHARITABLE, RELIGIOUS, LITERARY OR EDUCATIONAL PURPOSES.",IRS Form 990 Schedule I (via ProPublica e-file render),https://projects.propublica.org/nonprofits/organizations/824975378/202413209349311861/full,documented (grantor filing),
Justice and Education Fund,824975378,People's Dispatch,701659,2024,Dec. 2024,"CHARITABLE, RELIGIOUS, LITERARY OR EDUCATIONAL PURPOSES",IRS Form 990 Schedule I (via ProPublica e-file render),https://projects.propublica.org/nonprofits/organizations/824975378/202533109349300428/full,documented (grantor filing),
Justice and Education Fund,824975378,People's Welfare Association,876000,2019,Dec. 2019,CHARITABLE AND EDUCATIONAL PROGRAMS,IRS Form 990 Schedule I (via ProPublica e-file render),https://projects.propublica.org/nonprofits/organizations/824975378/202001969349303150/full,documented (grantor filing),
Justice and Education Fund,824975378,People's Welfare Association,3427000,2020,Dec. 2020,"CHARITABLE, RELIGIOUS, LITERARY OR EDUCATIONAL PURPOSES.",IRS Form 990 Schedule I (via ProPublica e-file render),https://projects.propublica.org/nonprofits/organizations/824975378/202103149349303320/full,documented (grantor filing),
Justice and Education Fund,824975378,People's Welfare Association,3845000,2021,Dec. 2021,"CHARITABLE, RELIGIOUS, LITERARY OR EDUCATIONAL PURPOSES.",IRS Form 990 Schedule I (via ProPublica e-file render),https://projects.propublica.org/nonprofits/organizations/824975378/202242569349301534/full,documented (grantor filing),
Justice and Education Fund,824975378,People's Welfare Association,1284000,2022,Dec. 2022,"CHARITABLE, RELIGIOUS, LITERARY OR EDUCATIONAL PURPOSES.",IRS Form 990 Schedule I (via ProPublica e-file render),https://projects.propublica.org/nonprofits/organizations/824975378/202333179349301938/full,documented (grantor filing),
Justice and Education Fund,824975378,People's Welfare Association,5749000,2023,Dec. 2023,"CHARITABLE, RELIGIOUS, LITERARY OR EDUCATIONAL PURPOSES.",IRS Form 990 Schedule I (via ProPublica e-file render),https://projects.propublica.org/nonprofits/organizations/824975378/202413209349311861/full,documented (grantor filing),
Justice and Education Fund,824975378,People's Welfare Association,2310000,2024,Dec. 2024,"CHARITABLE, RELIGIOUS, LITERARY OR EDUCATIONAL PURPOSES",IRS Form 990 Schedule I (via ProPublica e-file render),https://projects.propublica.org/nonprofits/organizations/824975378/202533109349300428/full,documented (grantor filing),
Justice and Education Fund,824975378,The People's Forum,64511,2020,Dec. 2020,"CHARITABLE, RELIGIOUS, LITERARY OR EDUCATIONAL PURPOSES.",IRS Form 990 Schedule I (via ProPublica e-file render),https://projects.propublica.org/nonprofits/organizations/824975378/202103149349303320/full,documented (grantor filing),
Justice and Education Fund,824975378,The People's Forum,66935,2021,Dec. 2021,"CHARITABLE, RELIGIOUS, LITERARY OR EDUCATIONAL PURPOSES.",IRS Form 990 Schedule I (via ProPublica e-file render),https://projects.propublica.org/nonprofits/organizations/824975378/202242569349301534/full,documented (grantor filing),
Justice and Education Fund,824975378,The People's Forum,17284,2023,Dec. 2023,"CHARITABLE, RELIGIOUS, LITERARY OR EDUCATIONAL PURPOSES.",IRS Form 990 Schedule I (via ProPublica e-file render),https://projects.propublica.org/nonprofits/organizations/824975378/202413209349311861/full,documented (grantor filing),
Justice and Education Fund,824975378,United Community Fund,8330000,2019,Dec. 2019,CHARITABLE AND EDUCATIONAL PROGRAMS,IRS Form 990 Schedule I (via ProPublica e-file render),https://projects.propublica.org/nonprofits/organizations/824975378/202001969349303150/full,documented (grantor filing),
Justice and Education Fund,824975378,United Community Fund,170000,2020,Dec. 2020,"CHARITABLE, RELIGIOUS, LITERARY OR EDUCATIONAL PURPOSES.",IRS Form 990 Schedule I (via ProPublica e-file render),https://projects.propublica.org/nonprofits/organizations/824975378/202103149349303320/full,documented (grantor filing),
Marble Freedom Trust,850784793,DonorsTrust,41100000,2021,April 2021,General Operating,IRS Form 990 Schedule I (via ProPublica e-file render),https://projects.propublica.org/nonprofits/organizations/850784793/202240749349301569/full,documented (grantor filing),
Marble Freedom Trust,850784793,Knights of Columbus Charitable Fund,7600000,2023,April 2023,General Operating,IRS Form 990 Schedule I (via ProPublica e-file render),https://projects.propublica.org/nonprofits/organizations/850784793/202400759349300735/full,documented (grantor filing),
Marble Freedom Trust,850784793,Knights of Columbus Charitable Fund,6700000,2024,April 2024,General Operating,IRS Form 990 Schedule I (via ProPublica e-file render),https://projects.propublica.org/nonprofits/organizations/850784793/202510769349300031/full,documented (grantor filing),
Marble Freedom Trust,850784793,Knights of Columbus Charitable Fund,500000,2025,April 2025,General Operating,IRS Form 990 Schedule I (via ProPublica e-file render),https://projects.propublica.org/nonprofits/organizations/850784793/202640759349300949/full,documented (grantor filing),
Marble Freedom Trust,850784793,Rule of Law Trust,153000000,2021,April 2021,General Operating,IRS Form 990 Schedule I (via ProPublica e-file render),https://projects.propublica.org/nonprofits/organizations/850784793/202240749349301569/full,documented (grantor filing),
Marble Freedom Trust,850784793,Rule of Law Trust,400000,2025,April 2025,General Operating,IRS Form 990 Schedule I (via ProPublica e-file render),https://projects.propublica.org/nonprofits/organizations/850784793/202640759349300949/full,documented (grantor filing),
Marble Freedom Trust,850784793,Schwab Charitable Fund,18000000,2021,April 2021,General Operating,IRS Form 990 Schedule I (via ProPublica e-file render),https://projects.propublica.org/nonprofits/organizations/850784793/202240749349301569/full,documented (grantor filing),
Marble Freedom Trust,850784793,Schwab Charitable Fund,153800000,2022,April 2022,GENERAL OPERATING,IRS Form 990 Schedule I (via ProPublica e-file render),https://projects.propublica.org/nonprofits/organizations/850784793/202340749349300509/full,documented (grantor filing),
Marble Freedom Trust,850784793,Schwab Charitable Fund,153750000,2023,April 2023,General Operating (DAF),IRS Form 990 Schedule I (via ProPublica e-file render),https://projects.propublica.org/nonprofits/organizations/850784793/202400759349300735/full,documented (grantor filing),
Marble Freedom Trust,850784793,Schwab Charitable Fund,122000000,2024,April 2024,To educate the public and support activities that highlight the relationship between structual limits on government powe,IRS Form 990 Schedule I (via ProPublica e-file render),https://projects.propublica.org/nonprofits/organizations/850784793/202510769349300031/full,documented (grantor filing),
Marble Freedom Trust,850784793,Schwab Charitable Fund,157650000,2025,April 2025,"To support organizations that promote limited government, freedom, and human dignity (DAF).",IRS Form 990 Schedule I (via ProPublica e-file render),https://projects.propublica.org/nonprofits/organizations/850784793/202640759349300949/full,documented (grantor filing),
Marble Freedom Trust,850784793,The Concord Fund,16500000,2021,April 2021,General Operating,IRS Form 990 Schedule I (via ProPublica e-file render),https://projects.propublica.org/nonprofits/organizations/850784793/202240749349301569/full,documented (grantor filing),
Marble Freedom Trust,850784793,The Concord Fund,28900000,2022,April 2022,GENERAL OPERATING,IRS Form 990 Schedule I (via ProPublica e-file render),https://projects.propublica.org/nonprofits/organizations/850784793/202340749349300509/full,documented (grantor filing),
Marble Freedom Trust,850784793,The Concord Fund,55500000,2023,April 2023,General Operating,IRS Form 990 Schedule I (via ProPublica e-file render),https://projects.propublica.org/nonprofits/organizations/850784793/202400759349300735/full,documented (grantor filing),
Marble Freedom Trust,850784793,The Concord Fund,60450000,2024,April 2024,"To promote the vision of liberty and justice in America, fidelity to the principles of federalism and the rule of law.",IRS Form 990 Schedule I (via ProPublica e-file render),https://projects.propublica.org/nonprofits/organizations/850784793/202510769349300031/full,documented (grantor filing),
Marble Freedom Trust,850784793,The Concord Fund,33450000,2025,April 2025,General Operating,IRS Form 990 Schedule I (via ProPublica e-file render),https://projects.propublica.org/nonprofits/organizations/850784793/202640759349300949/full,documented (grantor filing),
Marguerite Casey Foundation,912062197,CHIRLA,287500,2019,Dec. 2019,FOR GENERAL SUPPORT.,IRS Form 990 990-PF Part XV (via ProPublica e-file render),https://projects.propublica.org/nonprofits/organizations/912062197/202033199349100003/full,documented (grantor filing),
Marguerite Casey Foundation,912062197,CHIRLA,20000,2020,Dec. 2020,GENERAL SUPPORT FOR THE COVID-19 RESPONSE.,IRS Form 990 990-PF Part XV (via ProPublica e-file render),https://projects.propublica.org/nonprofits/organizations/912062197/202312579349101156/full,documented (grantor filing),
Marguerite Casey Foundation,912062197,CHIRLA,125000,2021,Dec. 2021,FOR GENERAL OPERATING SUPPORT.,IRS Form 990 990-PF Part XV (via ProPublica e-file render),https://projects.propublica.org/nonprofits/organizations/912062197/202203199349106530/full,documented (grantor filing),
Marguerite Casey Foundation,912062197,Center for Popular Democracy (+Action),175000,2019,Dec. 2019,FOR GENERAL SUPPORT.,IRS Form 990 990-PF Part XV (via ProPublica e-file render),https://projects.propublica.org/nonprofits/organizations/912062197/202033199349100003/full,documented (grantor filing),
Marguerite Casey Foundation,912062197,Center for Popular Democracy (+Action),122800,2021,Dec. 2021,SUPPORT COMMUNITIES MOST IMPACTED BY COVID WITH BASIC NECESSITIES.; FOR GENERAL OPERATING SUPPORT.,IRS Form 990 990-PF Part XV (via ProPublica e-file render),https://projects.propublica.org/nonprofits/organizations/912062197/202203199349106530/full,documented (grantor filing),
Marguerite Casey Foundation,912062197,Common Counsel Foundation,10000,2023,Dec. 2023,LEADERSHIP DEVELOPMENT,IRS Form 990 990-PF Part XV (via ProPublica e-file render),https://projects.propublica.org/nonprofits/organizations/912062197/202423209349100302/full,documented (grantor filing),
Marguerite Casey Foundation,912062197,Mijente,112500,2019,Dec. 2019,FOR GENERAL SUPPORT.,IRS Form 990 990-PF Part XV (via ProPublica e-file render),https://projects.propublica.org/nonprofits/organizations/912062197/202033199349100003/full,documented (grantor filing),
Marguerite Casey Foundation,912062197,Mijente,603600,2020,Dec. 2020,GENERAL SUPPORT.; PROJECT SUPPORT FOR SIEMBRA NORTH CAROLINA.; FOR GENERAL SUPPORT.,IRS Form 990 990-PF Part XV (via ProPublica e-file render),https://projects.propublica.org/nonprofits/organizations/912062197/202312579349101156/full,documented (grantor filing),
Marguerite Casey Foundation,912062197,Mijente,75000,2021,Dec. 2021,FOR GENERAL OPERATING SUPPORT.,IRS Form 990 990-PF Part XV (via ProPublica e-file render),https://projects.propublica.org/nonprofits/organizations/912062197/202203199349106530/full,documented (grantor filing),
Marguerite Casey Foundation,912062197,Mijente,150000,2022,Dec. 2022,GENERAL OPERATING SUPPORT,IRS Form 990 990-PF Part XV (via ProPublica e-file render),https://projects.propublica.org/nonprofits/organizations/912062197/202333189349106243/full,documented (grantor filing),
Marguerite Casey Foundation,912062197,Mijente,50000,2023,Dec. 2023,GENERAL OPERATING SUPPORT,IRS Form 990 990-PF Part XV (via ProPublica e-file render),https://projects.propublica.org/nonprofits/organizations/912062197/202423209349100302/full,documented (grantor filing),
Marguerite Casey Foundation,912062197,Mijente,250000,2024,Dec. 2024,GENERAL OPERATING SUPPORT,IRS Form 990 990-PF Part XV (via ProPublica e-file render),https://projects.propublica.org/nonprofits/organizations/912062197/202513189349105326/full,documented (grantor filing),
Marguerite Casey Foundation,912062197,United We Dream (+Action),150000,2019,Dec. 2019,FOR GENERAL SUPPORT.,IRS Form 990 990-PF Part XV (via ProPublica e-file render),https://projects.propublica.org/nonprofits/organizations/912062197/202033199349100003/full,documented (grantor filing),
Marguerite Casey Foundation,912062197,United We Dream (+Action),100000,2021,Dec. 2021,FOR GENERAL OPERATING SUPPORT.,IRS Form 990 990-PF Part XV (via ProPublica e-file render),https://projects.propublica.org/nonprofits/organizations/912062197/202203199349106530/full,documented (grantor filing),
Marguerite Casey Foundation,912062197,WESPAC Foundation,35000,2023,Dec. 2023,COMMUNITY ORGANIZING,IRS Form 990 990-PF Part XV (via ProPublica e-file render),https://projects.propublica.org/nonprofits/organizations/912062197/202423209349100302/full,documented (grantor filing),
MoveOn.org Civic Action,61553389,Women's March (various entities),10000,2021,Dec. 2021,support for October 2nd mobilization,IRS Form 990 Schedule I (via ProPublica e-file render),https://projects.propublica.org/nonprofits/organizations/61553389/202212249349300226/full,documented (grantor filing),
MoveOn.org Civic Action,61553389,Women's March (various entities),250000,2022,Dec. 2022,support policy advocacy on reproductive rights,IRS Form 990 Schedule I (via ProPublica e-file render),https://projects.propublica.org/nonprofits/organizations/61553389/202322139349300747/full,documented (grantor filing),
MoveOn.org Civic Action,61553389,Working Families Organization,50000,2022,Dec. 2022,supporting democracy reform,IRS Form 990 Schedule I (via ProPublica e-file render),https://projects.propublica.org/nonprofits/organizations/61553389/202322139349300747/full,documented (grantor filing),
NEO Philanthropy,133191113,Center for Popular Democracy (+Action),250000,2019,Dec. 2019,Program Grant,IRS Form 990 Schedule I (via ProPublica e-file render),https://projects.propublica.org/nonprofits/organizations/133191113/202033179349302648/full,documented (grantor filing),
NEO Philanthropy,133191113,Center for Popular Democracy (+Action),300000,2020,Dec. 2020,Program Grant,IRS Form 990 Schedule I (via ProPublica e-file render),https://projects.propublica.org/nonprofits/organizations/133191113/202113009349301746/full,documented (grantor filing),
NEO Philanthropy,133191113,Center for Popular Democracy (+Action),100000,2022,Dec. 2022,Program Grant,IRS Form 990 Schedule I (via ProPublica e-file render),https://projects.propublica.org/nonprofits/organizations/133191113/202323119349303087/full,documented (grantor filing),
NEO Philanthropy,133191113,Center for Popular Democracy (+Action),150000,2023,Dec. 2023,Program Grant,IRS Form 990 Schedule I (via ProPublica e-file render),https://projects.propublica.org/nonprofits/organizations/133191113/202413059349301031/full,documented (grantor filing),
NEO Philanthropy,133191113,Center for Popular Democracy (+Action),10000,2024,Dec. 2024,Program Grant,IRS Form 990 Schedule I (via ProPublica e-file render),https://projects.propublica.org/nonprofits/organizations/133191113/202523079349302822/full,documented (grantor filing),
NEO Philanthropy,133191113,Common Counsel Foundation,15000,2020,Dec. 2020,Program Grant,IRS Form 990 Schedule I (via ProPublica e-file render),https://projects.propublica.org/nonprofits/organizations/133191113/202113009349301746/full,documented (grantor filing),
NEO Philanthropy,133191113,Common Counsel Foundation,10000,2024,Dec. 2024,Program Grant,IRS Form 990 Schedule I (via ProPublica e-file render),https://projects.propublica.org/nonprofits/organizations/133191113/202523079349302822/full,documented (grantor filing),
NEO Philanthropy,133191113,IfNotNow,14600,2023,Dec. 2023,Program Grant,IRS Form 990 Schedule I (via ProPublica e-file render),https://projects.propublica.org/nonprofits/organizations/133191113/202413059349301031/full,documented (grantor filing),
NEO Philanthropy,133191113,Mijente,185000,2019,Dec. 2019,Program Grant,IRS Form 990 Schedule I (via ProPublica e-file render),https://projects.propublica.org/nonprofits/organizations/133191113/202033179349302648/full,documented (grantor filing),
NEO Philanthropy,133191113,Mijente,20000,2020,Dec. 2020,Program Grant,IRS Form 990 Schedule I (via ProPublica e-file render),https://projects.propublica.org/nonprofits/organizations/133191113/202113009349301746/full,documented (grantor filing),
NEO Philanthropy,133191113,Mijente,175000,2021,Dec. 2021,Program Grant,IRS Form 990 Schedule I (via ProPublica e-file render),https://projects.propublica.org/nonprofits/organizations/133191113/202203019349301105/full,documented (grantor filing),
NEO Philanthropy,133191113,Mijente,75000,2022,Dec. 2022,Program Grant,IRS Form 990 Schedule I (via ProPublica e-file render),https://projects.propublica.org/nonprofits/organizations/133191113/202323119349303087/full,documented (grantor filing),
NEO Philanthropy,133191113,MoveOn Education Fund,50000,2020,Dec. 2020,Program Grant,IRS Form 990 Schedule I (via ProPublica e-file render),https://projects.propublica.org/nonprofits/organizations/133191113/202113009349301746/full,documented (grantor filing),
NEO Philanthropy,133191113,Sixteen Thirty Fund,350000,2021,Dec. 2021,Program Grant,IRS Form 990 Schedule I (via ProPublica e-file render),https://projects.propublica.org/nonprofits/organizations/133191113/202203019349301105/full,documented (grantor filing),
NEO Philanthropy,133191113,Sunrise Movement Education Fund,50000,2020,Dec. 2020,Program Grant,IRS Form 990 Schedule I (via ProPublica e-file render),https://projects.propublica.org/nonprofits/organizations/133191113/202113009349301746/full,documented (grantor filing),
NEO Philanthropy,133191113,Sunrise Movement Education Fund,25000,2021,Dec. 2021,Program Grant,IRS Form 990 Schedule I (via ProPublica e-file render),https://projects.propublica.org/nonprofits/organizations/133191113/202203019349301105/full,documented (grantor filing),
NEO Philanthropy,133191113,Sunrise Movement Education Fund,25000,2022,Dec. 2022,Program Grant,IRS Form 990 Schedule I (via ProPublica e-file render),https://projects.propublica.org/nonprofits/organizations/133191113/202323119349303087/full,documented (grantor filing),
NEO Philanthropy,133191113,United We Dream (+Action),680000,2019,Dec. 2019,Program Grant,IRS Form 990 Schedule I (via ProPublica e-file render),https://projects.propublica.org/nonprofits/organizations/133191113/202033179349302648/full,documented (grantor filing),
NEO Philanthropy,133191113,United We Dream (+Action),708000,2020,Dec. 2020,Program Grant,IRS Form 990 Schedule I (via ProPublica e-file render),https://projects.propublica.org/nonprofits/organizations/133191113/202113009349301746/full,documented (grantor filing),
NEO Philanthropy,133191113,United We Dream (+Action),444325,2021,Dec. 2021,Program Grant,IRS Form 990 Schedule I (via ProPublica e-file render),https://projects.propublica.org/nonprofits/organizations/133191113/202203019349301105/full,documented (grantor filing),
NEO Philanthropy,133191113,United We Dream (+Action),275000,2022,Dec. 2022,Program Grant,IRS Form 990 Schedule I (via ProPublica e-file render),https://projects.propublica.org/nonprofits/organizations/133191113/202323119349303087/full,documented (grantor filing),
NEO Philanthropy,133191113,United We Dream (+Action),420000,2023,Dec. 2023,Program Grant,IRS Form 990 Schedule I (via ProPublica e-file render),https://projects.propublica.org/nonprofits/organizations/133191113/202413059349301031/full,documented (grantor filing),
NEO Philanthropy,133191113,United We Dream (+Action),140000,2024,Dec. 2024,Program Grant,IRS Form 990 Schedule I (via ProPublica e-file render),https://projects.propublica.org/nonprofits/organizations/133191113/202523079349302822/full,documented (grantor filing),
NEO Philanthropy,133191113,Women's March (various entities),10000,2024,Dec. 2024,Program Grant,IRS Form 990 Schedule I (via ProPublica e-file render),https://projects.propublica.org/nonprofits/organizations/133191113/202523079349302822/full,documented (grantor filing),
NEO Philanthropy,133191113,Working Families Organization,100000,2020,Dec. 2020,Program Grant,IRS Form 990 Schedule I (via ProPublica e-file render),https://projects.propublica.org/nonprofits/organizations/133191113/202113009349301746/full,documented (grantor filing),
NEO Philanthropy,133191113,Working Families Organization,140500,2022,Dec. 2022,Program Grant,IRS Form 990 Schedule I (via ProPublica e-file render),https://projects.propublica.org/nonprofits/organizations/133191113/202323119349303087/full,documented (grantor filing),
NEO Philanthropy,133191113,Working Families Organization,64000,2023,Dec. 2023,Program Grant,IRS Form 990 Schedule I (via ProPublica e-file render),https://projects.propublica.org/nonprofits/organizations/133191113/202413059349301031/full,documented (grantor filing),
NEO Philanthropy,133191113,Working Families Organization,70000,2024,Dec. 2024,Program Grant,IRS Form 990 Schedule I (via ProPublica e-file render),https://projects.propublica.org/nonprofits/organizations/133191113/202523079349302822/full,documented (grantor filing),
National Philanthropic Trust,237825575,CHIRLA,10000,2024,June 2024,HUMAN SERVICES,IRS Form 990 Schedule I (via ProPublica e-file render),https://projects.propublica.org/nonprofits/organizations/237825575/202511339349301311/full,documented (grantor filing),Grants by a donor-advised-fund sponsor; underlying donor not named in filing
National Philanthropic Trust,237825575,CHIRLA,236500,2025,June 2025,"PUBLIC, SOCIETAL BENEFIT",IRS Form 990 Schedule I (via ProPublica e-file render),https://projects.propublica.org/nonprofits/organizations/237825575/202601289349302480/full,documented (grantor filing),Grants by a donor-advised-fund sponsor; underlying donor not named in filing
National Philanthropic Trust,237825575,Center for Popular Democracy (+Action),31000,2019,June 2019,"PUBLIC, SOCIETAL BENEFIT",IRS Form 990 Schedule I (via ProPublica e-file render),https://projects.propublica.org/nonprofits/organizations/237825575/202011979349306246/full,documented (grantor filing),Grants by a donor-advised-fund sponsor; underlying donor not named in filing
National Philanthropic Trust,237825575,Center for Popular Democracy (+Action),22000,2020,June 2020,"PUBLIC, SOCIETAL BENEFIT",IRS Form 990 Schedule I (via ProPublica e-file render),https://projects.propublica.org/nonprofits/organizations/237825575/202121459349300307/full,documented (grantor filing),Grants by a donor-advised-fund sponsor; underlying donor not named in filing
National Philanthropic Trust,237825575,Center for Popular Democracy (+Action),95000,2021,June 2021,"PUBLIC, SOCIETAL BENEFIT",IRS Form 990 Schedule I (via ProPublica e-file render),https://projects.propublica.org/nonprofits/organizations/237825575/202231339349309863/full,documented (grantor filing),Grants by a donor-advised-fund sponsor; underlying donor not named in filing
National Philanthropic Trust,237825575,Center for Popular Democracy (+Action),230000,2022,June 2022,"PUBLIC, SOCIETAL BENEFIT",IRS Form 990 Schedule I (via ProPublica e-file render),https://projects.propublica.org/nonprofits/organizations/237825575/202311359349313966/full,documented (grantor filing),Grants by a donor-advised-fund sponsor; underlying donor not named in filing
National Philanthropic Trust,237825575,Center for Popular Democracy (+Action),25800,2023,June 2023,"PUBLIC, SOCIETAL BENEFIT",IRS Form 990 Schedule I (via ProPublica e-file render),https://projects.propublica.org/nonprofits/organizations/237825575/202431429349301368/full,documented (grantor filing),Grants by a donor-advised-fund sponsor; underlying donor not named in filing
National Philanthropic Trust,237825575,Center for Popular Democracy (+Action),15878,2024,June 2024,RELIGION,IRS Form 990 Schedule I (via ProPublica e-file render),https://projects.propublica.org/nonprofits/organizations/237825575/202511339349301311/full,documented (grantor filing),Grants by a donor-advised-fund sponsor; underlying donor not named in filing
National Philanthropic Trust,237825575,Center for Popular Democracy (+Action),31250,2025,June 2025,"PUBLIC, SOCIETAL BENEFIT",IRS Form 990 Schedule I (via ProPublica e-file render),https://projects.propublica.org/nonprofits/organizations/237825575/202601289349302480/full,documented (grantor filing),Grants by a donor-advised-fund sponsor; underlying donor not named in filing
National Philanthropic Trust,237825575,CodePink,75750,2024,June 2024,HUMAN SERVICES,IRS Form 990 Schedule I (via ProPublica e-file render),https://projects.propublica.org/nonprofits/organizations/237825575/202511339349301311/full,documented (grantor filing),Grants by a donor-advised-fund sponsor; underlying donor not named in filing
National Philanthropic Trust,237825575,CodePink,10000,2025,June 2025,EDUCATION,IRS Form 990 Schedule I (via ProPublica e-file render),https://projects.propublica.org/nonprofits/organizations/237825575/202601289349302480/full,documented (grantor filing),Grants by a donor-advised-fund sponsor; underlying donor not named in filing
National Philanthropic Trust,237825575,Common Counsel Foundation,5000000,2021,June 2021,HUMAN SERVICES,IRS Form 990 Schedule I (via ProPublica e-file render),https://projects.propublica.org/nonprofits/organizations/237825575/202231339349309863/full,documented (grantor filing),Grants by a donor-advised-fund sponsor; underlying donor not named in filing
National Philanthropic Trust,237825575,Common Counsel Foundation,671000,2022,June 2022,"PUBLIC, SOCIETAL BENEFIT",IRS Form 990 Schedule I (via ProPublica e-file render),https://projects.propublica.org/nonprofits/organizations/237825575/202311359349313966/full,documented (grantor filing),Grants by a donor-advised-fund sponsor; underlying donor not named in filing
National Philanthropic Trust,237825575,Common Counsel Foundation,241600,2023,June 2023,"PUBLIC, SOCIETAL BENEFIT",IRS Form 990 Schedule I (via ProPublica e-file render),https://projects.propublica.org/nonprofits/organizations/237825575/202431429349301368/full,documented (grantor filing),Grants by a donor-advised-fund sponsor; underlying donor not named in filing
National Philanthropic Trust,237825575,Common Counsel Foundation,12500,2024,June 2024,"ENVIRONMENT, ANIMALS",IRS Form 990 Schedule I (via ProPublica e-file render),https://projects.propublica.org/nonprofits/organizations/237825575/202511339349301311/full,documented (grantor filing),Grants by a donor-advised-fund sponsor; underlying donor not named in filing
National Philanthropic Trust,237825575,Common Counsel Foundation,27500,2025,June 2025,EDUCATION,IRS Form 990 Schedule I (via ProPublica e-file render),https://projects.propublica.org/nonprofits/organizations/237825575/202601289349302480/full,documented (grantor filing),Grants by a donor-advised-fund sponsor; underlying donor not named in filing
National Philanthropic Trust,237825575,IfNotNow,83500,2024,June 2024,HEALTH,IRS Form 990 Schedule I (via ProPublica e-file render),https://projects.propublica.org/nonprofits/organizations/237825575/202511339349301311/full,documented (grantor filing),Grants by a donor-advised-fund sponsor; underlying donor not named in filing
National Philanthropic Trust,237825575,IfNotNow,48500,2025,June 2025,INTERNATIONAL,IRS Form 990 Schedule I (via ProPublica e-file render),https://projects.propublica.org/nonprofits/organizations/237825575/202601289349302480/full,documented (grantor filing),Grants by a donor-advised-fund sponsor; underlying donor not named in filing
National Philanthropic Trust,237825575,Indivisible Civics,5437,2020,June 2020,"PUBLIC, SOCIETAL BENEFIT",IRS Form 990 Schedule I (via ProPublica e-file render),https://projects.propublica.org/nonprofits/organizations/237825575/202121459349300307/full,documented (grantor filing),Grants by a donor-advised-fund sponsor; underlying donor not named in filing
National Philanthropic Trust,237825575,Indivisible Civics,26000,2025,June 2025,"PUBLIC, SOCIETAL BENEFIT",IRS Form 990 Schedule I (via ProPublica e-file render),https://projects.propublica.org/nonprofits/organizations/237825575/202601289349302480/full,documented (grantor filing),Grants by a donor-advised-fund sponsor; underlying donor not named in filing
National Philanthropic Trust,237825575,Jewish Voice for Peace (c3),14000,2019,June 2019,INTERNATIONAL,IRS Form 990 Schedule I (via ProPublica e-file render),https://projects.propublica.org/nonprofits/organizations/237825575/202011979349306246/full,documented (grantor filing),Grants by a donor-advised-fund sponsor; underlying donor not named in filing
National Philanthropic Trust,237825575,Jewish Voice for Peace (c3),7800,2021,June 2021,INTERNATIONAL,IRS Form 990 Schedule I (via ProPublica e-file render),https://projects.propublica.org/nonprofits/organizations/237825575/202231339349309863/full,documented (grantor filing),Grants by a donor-advised-fund sponsor; underlying donor not named in filing
National Philanthropic Trust,237825575,Jewish Voice for Peace (c3),5500,2022,June 2022,INTERNATIONAL,IRS Form 990 Schedule I (via ProPublica e-file render),https://projects.propublica.org/nonprofits/organizations/237825575/202311359349313966/full,documented (grantor filing),Grants by a donor-advised-fund sponsor; underlying donor not named in filing
National Philanthropic Trust,237825575,Jewish Voice for Peace (c3),5350,2023,June 2023,INTERNATIONAL,IRS Form 990 Schedule I (via ProPublica e-file render),https://projects.propublica.org/nonprofits/organizations/237825575/202431429349301368/full,documented (grantor filing),Grants by a donor-advised-fund sponsor; underlying donor not named in filing
National Philanthropic Trust,237825575,Jewish Voice for Peace (c3),91800,2024,June 2024,INTERNATIONAL,IRS Form 990 Schedule I (via ProPublica e-file render),https://projects.propublica.org/nonprofits/organizations/237825575/202511339349301311/full,documented (grantor filing),Grants by a donor-advised-fund sponsor; underlying donor not named in filing
National Philanthropic Trust,237825575,Jewish Voice for Peace (c3),56500,2025,June 2025,INTERNATIONAL,IRS Form 990 Schedule I (via ProPublica e-file render),https://projects.propublica.org/nonprofits/organizations/237825575/202601289349302480/full,documented (grantor filing),Grants by a donor-advised-fund sponsor; underlying donor not named in filing
National Philanthropic Trust,237825575,Justice and Education Fund,8880000,2024,June 2024,"PUBLIC, SOCIETAL BENEFIT",IRS Form 990 Schedule I (via ProPublica e-file render),https://projects.propublica.org/nonprofits/organizations/237825575/202511339349301311/full,documented (grantor filing),Grants by a donor-advised-fund sponsor; underlying donor not named in filing
National Philanthropic Trust,237825575,MoveOn Education Fund,6250,2021,June 2021,"PUBLIC, SOCIETAL BENEFIT",IRS Form 990 Schedule I (via ProPublica e-file render),https://projects.propublica.org/nonprofits/organizations/237825575/202231339349309863/full,documented (grantor filing),Grants by a donor-advised-fund sponsor; underlying donor not named in filing
National Philanthropic Trust,237825575,Public Citizen,6500,2019,June 2019,"PUBLIC, SOCIETAL BENEFIT",IRS Form 990 Schedule I (via ProPublica e-file render),https://projects.propublica.org/nonprofits/organizations/237825575/202011979349306246/full,documented (grantor filing),Grants by a donor-advised-fund sponsor; underlying donor not named in filing
National Philanthropic Trust,237825575,Public Citizen,7750,2020,June 2020,"PUBLIC, SOCIETAL BENEFIT",IRS Form 990 Schedule I (via ProPublica e-file render),https://projects.propublica.org/nonprofits/organizations/237825575/202121459349300307/full,documented (grantor filing),Grants by a donor-advised-fund sponsor; underlying donor not named in filing
National Philanthropic Trust,237825575,Public Citizen,131000,2021,June 2021,"PUBLIC, SOCIETAL BENEFIT",IRS Form 990 Schedule I (via ProPublica e-file render),https://projects.propublica.org/nonprofits/organizations/237825575/202231339349309863/full,documented (grantor filing),Grants by a donor-advised-fund sponsor; underlying donor not named in filing
National Philanthropic Trust,237825575,Public Citizen,5750,2022,June 2022,"PUBLIC, SOCIETAL BENEFIT",IRS Form 990 Schedule I (via ProPublica e-file render),https://projects.propublica.org/nonprofits/organizations/237825575/202311359349313966/full,documented (grantor filing),Grants by a donor-advised-fund sponsor; underlying donor not named in filing
National Philanthropic Trust,237825575,Public Citizen,5250,2023,June 2023,"PUBLIC, SOCIETAL BENEFIT",IRS Form 990 Schedule I (via ProPublica e-file render),https://projects.propublica.org/nonprofits/organizations/237825575/202431429349301368/full,documented (grantor filing),Grants by a donor-advised-fund sponsor; underlying donor not named in filing
National Philanthropic Trust,237825575,Public Citizen,26500,2025,June 2025,"PUBLIC, SOCIETAL BENEFIT",IRS Form 990 Schedule I (via ProPublica e-file render),https://projects.propublica.org/nonprofits/organizations/237825575/202601289349302480/full,documented (grantor filing),Grants by a donor-advised-fund sponsor; underlying donor not named in filing
National Philanthropic Trust,237825575,Sunrise Movement Education Fund,7810,2020,June 2020,"ENVIRONMENT, ANIMALS",IRS Form 990 Schedule I (via ProPublica e-file render),https://projects.propublica.org/nonprofits/organizations/237825575/202121459349300307/full,documented (grantor filing),Grants by a donor-advised-fund sponsor; underlying donor not named in filing
National Philanthropic Trust,237825575,Sunrise Movement Education Fund,29650,2023,June 2023,"ENVIRONMENT, ANIMALS",IRS Form 990 Schedule I (via ProPublica e-file render),https://projects.propublica.org/nonprofits/organizations/237825575/202431429349301368/full,documented (grantor filing),Grants by a donor-advised-fund sponsor; underlying donor not named in filing
National Philanthropic Trust,237825575,Sunrise Movement Education Fund,12950,2024,June 2024,RELIGION,IRS Form 990 Schedule I (via ProPublica e-file render),https://projects.propublica.org/nonprofits/organizations/237825575/202511339349301311/full,documented (grantor filing),Grants by a donor-advised-fund sponsor; underlying donor not named in filing
National Philanthropic Trust,237825575,Sunrise Movement Education Fund,9350,2025,June 2025,"ENVIRONMENT, ANIMALS",IRS Form 990 Schedule I (via ProPublica e-file render),https://projects.propublica.org/nonprofits/organizations/237825575/202601289349302480/full,documented (grantor filing),Grants by a donor-advised-fund sponsor; underlying donor not named in filing
National Philanthropic Trust,237825575,Susan B Anthony List,85000,2021,June 2021,EDUCATION,IRS Form 990 Schedule I (via ProPublica e-file render),https://projects.propublica.org/nonprofits/organizations/237825575/202231339349309863/full,documented (grantor filing),Grants by a donor-advised-fund sponsor; underlying donor not named in filing
National Philanthropic Trust,237825575,Susan B Anthony List,114500,2022,June 2022,EDUCATION,IRS Form 990 Schedule I (via ProPublica e-file render),https://projects.propublica.org/nonprofits/organizations/237825575/202311359349313966/full,documented (grantor filing),Grants by a donor-advised-fund sponsor; underlying donor not named in filing
National Philanthropic Trust,237825575,Susan B Anthony List,42250,2023,June 2023,EDUCATION,IRS Form 990 Schedule I (via ProPublica e-file render),https://projects.propublica.org/nonprofits/organizations/237825575/202431429349301368/full,documented (grantor filing),Grants by a donor-advised-fund sponsor; underlying donor not named in filing
National Philanthropic Trust,237825575,Susan B Anthony List,51550,2024,June 2024,EDUCATION,IRS Form 990 Schedule I (via ProPublica e-file render),https://projects.propublica.org/nonprofits/organizations/237825575/202511339349301311/full,documented (grantor filing),Grants by a donor-advised-fund sponsor; underlying donor not named in filing
National Philanthropic Trust,237825575,Susan B Anthony List,63750,2025,June 2025,EDUCATION,IRS Form 990 Schedule I (via ProPublica e-file render),https://projects.propublica.org/nonprofits/organizations/237825575/202601289349302480/full,documented (grantor filing),Grants by a donor-advised-fund sponsor; underlying donor not named in filing
National Philanthropic Trust,237825575,United We Dream (+Action),50000,2021,June 2021,"PUBLIC, SOCIETAL BENEFIT",IRS Form 990 Schedule I (via ProPublica e-file render),https://projects.propublica.org/nonprofits/organizations/237825575/202231339349309863/full,documented (grantor filing),Grants by a donor-advised-fund sponsor; underlying donor not named in filing
National Philanthropic Trust,237825575,United We Dream (+Action),50000,2022,June 2022,"PUBLIC, SOCIETAL BENEFIT",IRS Form 990 Schedule I (via ProPublica e-file render),https://projects.propublica.org/nonprofits/organizations/237825575/202311359349313966/full,documented (grantor filing),Grants by a donor-advised-fund sponsor; underlying donor not named in filing
National Philanthropic Trust,237825575,United We Dream (+Action),82500,2023,June 2023,"PUBLIC, SOCIETAL BENEFIT",IRS Form 990 Schedule I (via ProPublica e-file render),https://projects.propublica.org/nonprofits/organizations/237825575/202431429349301368/full,documented (grantor filing),Grants by a donor-advised-fund sponsor; underlying donor not named in filing
New Venture Fund,205806345,CHIRLA,85000,2021,Dec. 2021,"CIVIL RIGHTS, SOCIAL ACTION, ADVOCACY",IRS Form 990 Schedule I (via ProPublica e-file render),https://projects.propublica.org/nonprofits/organizations/205806345/202243139349303999/full,documented (grantor filing),
New Venture Fund,205806345,CHIRLA,45000,2022,Dec. 2022,"CIVIL RIGHTS, SOCIAL ACTION, ADVOCACY",IRS Form 990 Schedule I (via ProPublica e-file render),https://projects.propublica.org/nonprofits/organizations/205806345/202323149349302362/full,documented (grantor filing),
New Venture Fund,205806345,Center for Popular Democracy (+Action),745000,2019,Dec. 2019,CAPACITY BUILDING,IRS Form 990 Schedule I (via ProPublica e-file render),https://projects.propublica.org/nonprofits/organizations/205806345/202043389349300039/full,documented (grantor filing),
New Venture Fund,205806345,Center for Popular Democracy (+Action),415000,2020,Dec. 2020,"CIVIL RIGHTS, SOCIAL ACTION, ADVOCACY",IRS Form 990 Schedule I (via ProPublica e-file render),https://projects.propublica.org/nonprofits/organizations/205806345/202113169349310971/full,documented (grantor filing),
New Venture Fund,205806345,Center for Popular Democracy (+Action),595250,2021,Dec. 2021,ENVIRONMENTAL PROGRAMS,IRS Form 990 Schedule I (via ProPublica e-file render),https://projects.propublica.org/nonprofits/organizations/205806345/202243139349303999/full,documented (grantor filing),
New Venture Fund,205806345,Center for Popular Democracy (+Action),760000,2022,Dec. 2022,"CIVIL RIGHTS, SOCIAL ACTION, ADVOCACY",IRS Form 990 Schedule I (via ProPublica e-file render),https://projects.propublica.org/nonprofits/organizations/205806345/202323149349302362/full,documented (grantor filing),
New Venture Fund,205806345,Center for Popular Democracy (+Action),100000,2023,Dec. 2023,YOUTH DEVELOPMENT AND EDUCATION,IRS Form 990 Schedule I (via ProPublica e-file render),https://projects.propublica.org/nonprofits/organizations/205806345/202433179349305393/full,documented (grantor filing),
New Venture Fund,205806345,Center for Popular Democracy (+Action),50000,2024,Dec. 2024,YOUTH DEVELOPMENT AND EDUCATION,IRS Form 990 Schedule I (via ProPublica e-file render),https://projects.propublica.org/nonprofits/organizations/205806345/202513159349305596/full,documented (grantor filing),
New Venture Fund,205806345,IfNotNow,15000,2024,Dec. 2024,"CIVIL RIGHTS, SOCIAL ACTION, ADVOCACY",IRS Form 990 Schedule I (via ProPublica e-file render),https://projects.propublica.org/nonprofits/organizations/205806345/202513159349305596/full,documented (grantor filing),
New Venture Fund,205806345,Mijente,24009,2019,Dec. 2019,"CIVIL RIGHTS, SOCIAL ACTION, ADVOCACY",IRS Form 990 Schedule I (via ProPublica e-file render),https://projects.propublica.org/nonprofits/organizations/205806345/202043389349300039/full,documented (grantor filing),
New Venture Fund,205806345,Mijente,20000,2020,Dec. 2020,"CIVIL RIGHTS, SOCIAL ACTION, ADVOCACY",IRS Form 990 Schedule I (via ProPublica e-file render),https://projects.propublica.org/nonprofits/organizations/205806345/202113169349310971/full,documented (grantor filing),
New Venture Fund,205806345,Mijente,180000,2021,Dec. 2021,ENVIRONMENTAL PROGRAMS,IRS Form 990 Schedule I (via ProPublica e-file render),https://projects.propublica.org/nonprofits/organizations/205806345/202243139349303999/full,documented (grantor filing),
New Venture Fund,205806345,MoveOn Education Fund,30000,2019,Dec. 2019,CAPACITY BUILDING,IRS Form 990 Schedule I (via ProPublica e-file render),https://projects.propublica.org/nonprofits/organizations/205806345/202043389349300039/full,documented (grantor filing),
New Venture Fund,205806345,Public Citizen,40000,2019,Dec. 2019,"CIVIL RIGHTS, SOCIAL ACTION, ADVOCACY",IRS Form 990 Schedule I (via ProPublica e-file render),https://projects.propublica.org/nonprofits/organizations/205806345/202043389349300039/full,documented (grantor filing),
New Venture Fund,205806345,Public Citizen,250000,2022,Dec. 2022,"CIVIL RIGHTS, SOCIAL ACTION, ADVOCACY",IRS Form 990 Schedule I (via ProPublica e-file render),https://projects.propublica.org/nonprofits/organizations/205806345/202323149349302362/full,documented (grantor filing),
New Venture Fund,205806345,Public Citizen,430000,2023,Dec. 2023,"CIVIL RIGHTS, SOCIAL ACTION, ADVOCACY",IRS Form 990 Schedule I (via ProPublica e-file render),https://projects.propublica.org/nonprofits/organizations/205806345/202433179349305393/full,documented (grantor filing),
New Venture Fund,205806345,Public Citizen,350000,2024,Dec. 2024,"CIVIL RIGHTS, SOCIAL ACTION, ADVOCACY",IRS Form 990 Schedule I (via ProPublica e-file render),https://projects.propublica.org/nonprofits/organizations/205806345/202513159349305596/full,documented (grantor filing),
New Venture Fund,205806345,Sixteen Thirty Fund,33013025,2019,Dec. 2019,CAPACITY BUILDING,IRS Form 990 Schedule I (via ProPublica e-file render),https://projects.propublica.org/nonprofits/organizations/205806345/202043389349300039/full,documented (grantor filing),
New Venture Fund,205806345,Sixteen Thirty Fund,86234295,2020,Dec. 2020,"CIVIL RIGHTS, SOCIAL ACTION, ADVOCACY",IRS Form 990 Schedule I (via ProPublica e-file render),https://projects.propublica.org/nonprofits/organizations/205806345/202113169349310971/full,documented (grantor filing),
New Venture Fund,205806345,Sixteen Thirty Fund,27270554,2021,Dec. 2021,"CIVIL RIGHTS, SOCIAL ACTION, ADVOCACY",IRS Form 990 Schedule I (via ProPublica e-file render),https://projects.propublica.org/nonprofits/organizations/205806345/202243139349303999/full,documented (grantor filing),
New Venture Fund,205806345,Sixteen Thirty Fund,34770000,2022,Dec. 2022,"CIVIL RIGHTS, SOCIAL ACTION, ADVOCACY",IRS Form 990 Schedule I (via ProPublica e-file render),https://projects.propublica.org/nonprofits/organizations/205806345/202323149349302362/full,documented (grantor filing),
New Venture Fund,205806345,Sixteen Thirty Fund,27601875,2023,Dec. 2023,"CIVIL RIGHTS, SOCIAL ACTION, ADVOCACY",IRS Form 990 Schedule I (via ProPublica e-file render),https://projects.propublica.org/nonprofits/organizations/205806345/202433179349305393/full,documented (grantor filing),
New Venture Fund,205806345,Sixteen Thirty Fund,58932923,2024,Dec. 2024,"CIVIL RIGHTS, SOCIAL ACTION, ADVOCACY",IRS Form 990 Schedule I (via ProPublica e-file render),https://projects.propublica.org/nonprofits/organizations/205806345/202513159349305596/full,documented (grantor filing),
New Venture Fund,205806345,United We Dream (+Action),325000,2019,Dec. 2019,"CIVIL RIGHTS, SOCIAL ACTION, ADVOCACY",IRS Form 990 Schedule I (via ProPublica e-file render),https://projects.propublica.org/nonprofits/organizations/205806345/202043389349300039/full,documented (grantor filing),
New Venture Fund,205806345,United We Dream (+Action),470000,2020,Dec. 2020,"CIVIL RIGHTS, SOCIAL ACTION, ADVOCACY",IRS Form 990 Schedule I (via ProPublica e-file render),https://projects.propublica.org/nonprofits/organizations/205806345/202113169349310971/full,documented (grantor filing),
New Venture Fund,205806345,United We Dream (+Action),510250,2021,Dec. 2021,"CIVIL RIGHTS, SOCIAL ACTION, ADVOCACY",IRS Form 990 Schedule I (via ProPublica e-file render),https://projects.propublica.org/nonprofits/organizations/205806345/202243139349303999/full,documented (grantor filing),
New Venture Fund,205806345,United We Dream (+Action),213000,2022,Dec. 2022,"CIVIL RIGHTS, SOCIAL ACTION, ADVOCACY",IRS Form 990 Schedule I (via ProPublica e-file render),https://projects.propublica.org/nonprofits/organizations/205806345/202323149349302362/full,documented (grantor filing),
New Venture Fund,205806345,Women's March (various entities),50000,2021,Dec. 2021,"CIVIL RIGHTS, SOCIAL ACTION, ADVOCACY",IRS Form 990 Schedule I (via ProPublica e-file render),https://projects.propublica.org/nonprofits/organizations/205806345/202243139349303999/full,documented (grantor filing),
New Venture Fund,205806345,Women's March (various entities),100000,2022,Dec. 2022,HEALTH,IRS Form 990 Schedule I (via ProPublica e-file render),https://projects.propublica.org/nonprofits/organizations/205806345/202323149349302362/full,documented (grantor filing),
New Venture Fund,205806345,Women's March (various entities),90000,2024,Dec. 2024,HEALTH,IRS Form 990 Schedule I (via ProPublica e-file render),https://projects.propublica.org/nonprofits/organizations/205806345/202513159349305596/full,documented (grantor filing),
New Venture Fund,205806345,Working Families Organization,14400,2023,Dec. 2023,YOUTH DEVELOPMENT AND EDUCATION,IRS Form 990 Schedule I (via ProPublica e-file render),https://projects.propublica.org/nonprofits/organizations/205806345/202433179349305393/full,documented (grantor filing),
North Fund,834011547,Sixteen Thirty Fund,800000,2020,Dec. 2020,"CIVIL RIGHTS, SOCIAL ACTION, ADVOCACY",IRS Form 990 Schedule I (via ProPublica e-file render),https://projects.propublica.org/nonprofits/organizations/834011547/202123349349300437/full,documented (grantor filing),
North Fund,834011547,Sixteen Thirty Fund,1900000,2021,Dec. 2021,"CIVIL RIGHTS, SOCIAL ACTION, ADVOCACY",IRS Form 990 Schedule I (via ProPublica e-file render),https://projects.propublica.org/nonprofits/organizations/834011547/202223139349305787/full,documented (grantor filing),
North Fund,834011547,Sixteen Thirty Fund,5650000,2022,Dec. 2022,"CIVIL RIGHTS, SOCIAL ACTION, ADVOCACY",IRS Form 990 Schedule I (via ProPublica e-file render),https://projects.propublica.org/nonprofits/organizations/834011547/202430509349300913/full,documented (grantor filing),
North Fund,834011547,Sixteen Thirty Fund,5425000,2023,Dec. 2023,"CIVIL RIGHTS, SOCIAL ACTION, ADVOCACY",IRS Form 990 Schedule I (via ProPublica e-file render),https://projects.propublica.org/nonprofits/organizations/834011547/202443179349308789/full,documented (grantor filing),
North Fund,834011547,Sixteen Thirty Fund,5291332,2024,Dec. 2024,"CIVIL RIGHTS, SOCIAL ACTION, ADVOCACY",IRS Form 990 Schedule I (via ProPublica e-file render),https://projects.propublica.org/nonprofits/organizations/834011547/202543159349306199/full,documented (grantor filing),
North Fund,834011547,Sunrise Movement,10000,2021,Dec. 2021,"CIVIL RIGHTS, SOCIAL ACTION, ADVOCACY",IRS Form 990 Schedule I (via ProPublica e-file render),https://projects.propublica.org/nonprofits/organizations/834011547/202223139349305787/full,documented (grantor filing),
One Nation,271937961,Susan B Anthony List,100000,2019,Dec. 2019,SOCIAL WELFARE,IRS Form 990 Schedule I (via ProPublica e-file render),https://projects.propublica.org/nonprofits/organizations/271937961/202003219349310230/full,documented (grantor filing),
Open Society Institute,137029285,Center for Popular Democracy (+Action),1650,2019,Dec. 2019,matching gift program,IRS Form 990 990-PF Part XV (via ProPublica e-file render),https://projects.propublica.org/nonprofits/organizations/137029285/202013219349105066/full,documented (grantor filing),
Open Society Institute,137029285,Center for Popular Democracy (+Action),900,2020,Dec. 2020,matching gift program,IRS Form 990 990-PF Part XV (via ProPublica e-file render),https://projects.propublica.org/nonprofits/organizations/137029285/202123529349100402/full,documented (grantor filing),
Open Society Institute,137029285,Center for Popular Democracy (+Action),6000,2021,Dec. 2021,matching gift program,IRS Form 990 990-PF Part XV (via ProPublica e-file render),https://projects.propublica.org/nonprofits/organizations/137029285/202233199349109788/full,documented (grantor filing),
Open Society Institute,137029285,Center for Popular Democracy (+Action),3750,2023,Dec. 2023,MATCHING GIFT PROGRAM,IRS Form 990 990-PF Part XV (via ProPublica e-file render),https://projects.propublica.org/nonprofits/organizations/137029285/202413209349102561/full,documented (grantor filing),
Open Society Institute,137029285,Center for Popular Democracy (+Action),3750,2024,Dec. 2024,MATCHING GIFT PROGRAM,IRS Form 990 990-PF Part XV (via ProPublica e-file render),https://projects.propublica.org/nonprofits/organizations/137029285/202543199349101234/full,documented (grantor filing),
Open Society Institute,137029285,CodePink,300,2019,Dec. 2019,matching gift program,IRS Form 990 990-PF Part XV (via ProPublica e-file render),https://projects.propublica.org/nonprofits/organizations/137029285/202013219349105066/full,documented (grantor filing),
Open Society Institute,137029285,Public Citizen,90003,2020,Dec. 2020,"to support the development of the Digital Trade Alliance, a global group of digital
                           and consu",IRS Form 990 990-PF Part XV (via ProPublica e-file render),https://projects.propublica.org/nonprofits/organizations/137029285/202123529349100402/full,documented (grantor filing),
Open Society Institute,137029285,Public Citizen,150000,2021,Dec. 2021,to support the Digital Rights Program to promote a global digital rights agenda,IRS Form 990 990-PF Part XV (via ProPublica e-file render),https://projects.propublica.org/nonprofits/organizations/137029285/202233199349109788/full,documented (grantor filing),
Open Society Institute,137029285,Public Citizen,90000,2022,Dec. 2022,"TO SUPPORT THE DEVELOPMENT OF THE DIGITAL TRADE ALLIANCE, A GLOBAL GROUP OF DIGITAL AND CONSUMER GROUPS THAT AIMS TO DEF",IRS Form 990 990-PF Part XV (via ProPublica e-file render),https://projects.propublica.org/nonprofits/organizations/137029285/202333199349105938/full,documented (grantor filing),
Open Society Policy Center,522028955,Center for Popular Democracy (+Action),625000,2020,Dec. 2020,SUPPORT POLICY ADVOCACY,IRS Form 990 Schedule I (via ProPublica e-file render),https://projects.propublica.org/nonprofits/organizations/522028955/202103479349301565/full,documented (grantor filing),
Open Society Policy Center,522028955,Center for Popular Democracy (+Action),1230000,2021,Dec. 2021,SUPPORT POLICY ADVOCACY,IRS Form 990 Schedule I (via ProPublica e-file render),https://projects.propublica.org/nonprofits/organizations/522028955/202223199349317682/full,documented (grantor filing),
Open Society Policy Center,522028955,Center for Popular Democracy (+Action),1015000,2022,Dec. 2022,SUPPORT POLICY ADVOCACY,IRS Form 990 Schedule I (via ProPublica e-file render),https://projects.propublica.org/nonprofits/organizations/522028955/202303199349322785/full,documented (grantor filing),
Open Society Policy Center,522028955,Center for Popular Democracy (+Action),700000,2023,Dec. 2023,TO SUPPORT THE GRANTEE'S WORK TO INCREASE PRIVATE CREDITOR PARTICIPATION IN DEBT RELIEF AND PROHIBIT VULTURE FUND BEHAVI; TO SUPPORT NONPARTISAN CIVIC ENGAGEMENT OF COMMUNITIES OF COLOR,IRS Form 990 Schedule I (via ProPublica e-file render),https://projects.propublica.org/nonprofits/organizations/522028955/202433199349319003/full,documented (grantor filing),
Open Society Policy Center,522028955,Indivisible Project,875000,2021,Dec. 2021,SUPPORT POLICY ADVOCACY,IRS Form 990 Schedule I (via ProPublica e-file render),https://projects.propublica.org/nonprofits/organizations/522028955/202223199349317682/full,documented (grantor filing),
Open Society Policy Center,522028955,Indivisible Project,1135000,2022,Dec. 2022,SUPPORT POLICY ADVOCACY,IRS Form 990 Schedule I (via ProPublica e-file render),https://projects.propublica.org/nonprofits/organizations/522028955/202303199349322785/full,documented (grantor filing),
Open Society Policy Center,522028955,Indivisible Project,3000000,2023,Dec. 2023,TO SUPPORT THE GRANTEE'S SOCIAL WELFARE ACTIVITIES,IRS Form 990 Schedule I (via ProPublica e-file render),https://projects.propublica.org/nonprofits/organizations/522028955/202433199349319003/full,documented (grantor filing),
Open Society Policy Center,522028955,Jewish Voice for Peace Action,150000,2021,Dec. 2021,SUPPORT POLICY ADVOCACY,IRS Form 990 Schedule I (via ProPublica e-file render),https://projects.propublica.org/nonprofits/organizations/522028955/202223199349317682/full,documented (grantor filing),
Open Society Policy Center,522028955,Jewish Voice for Peace Action,300000,2023,Dec. 2023,TO SUPPORT THE GRANTEE'S SOCIAL WELFARE ACTIVITIES,IRS Form 990 Schedule I (via ProPublica e-file render),https://projects.propublica.org/nonprofits/organizations/522028955/202433199349319003/full,documented (grantor filing),
Open Society Policy Center,522028955,Mijente,500000,2020,Dec. 2020,SUPPORT POLICY ADVOCACY,IRS Form 990 Schedule I (via ProPublica e-file render),https://projects.propublica.org/nonprofits/organizations/522028955/202103479349301565/full,documented (grantor filing),
Open Society Policy Center,522028955,Mijente,50000,2022,Dec. 2022,SUPPORT POLICY ADVOCACY,IRS Form 990 Schedule I (via ProPublica e-file render),https://projects.propublica.org/nonprofits/organizations/522028955/202303199349322785/full,documented (grantor filing),
Open Society Policy Center,522028955,Mijente,500000,2023,Dec. 2023,TO SUPPORT THE GRANTEES SOCIAL WELFARE ACTIVITIES,IRS Form 990 Schedule I (via ProPublica e-file render),https://projects.propublica.org/nonprofits/organizations/522028955/202433199349319003/full,documented (grantor filing),
Open Society Policy Center,522028955,Mijente,500000,2024,Dec. 2024,TO SUPPORT THE GRANTEES SOCIAL WELFARE ACTIVITIES,IRS Form 990 Schedule I (via ProPublica e-file render),https://projects.propublica.org/nonprofits/organizations/522028955/202523209349302257/full,documented (grantor filing),
Open Society Policy Center,522028955,MoveOn.org Civic Action,500000,2020,Dec. 2020,SUPPORT POLICY ADVOCACY,IRS Form 990 Schedule I (via ProPublica e-file render),https://projects.propublica.org/nonprofits/organizations/522028955/202103479349301565/full,documented (grantor filing),
Open Society Policy Center,522028955,MoveOn.org Civic Action,450000,2021,Dec. 2021,SUPPORT POLICY ADVOCACY,IRS Form 990 Schedule I (via ProPublica e-file render),https://projects.propublica.org/nonprofits/organizations/522028955/202223199349317682/full,documented (grantor filing),
Open Society Policy Center,522028955,MoveOn.org Civic Action,1250000,2022,Dec. 2022,SUPPORT POLICY ADVOCACY,IRS Form 990 Schedule I (via ProPublica e-file render),https://projects.propublica.org/nonprofits/organizations/522028955/202303199349322785/full,documented (grantor filing),
Open Society Policy Center,522028955,MoveOn.org Civic Action,1000000,2024,Dec. 2024,TO SUPPORT NON-PARTISAN POLICY ADVOCACY,IRS Form 990 Schedule I (via ProPublica e-file render),https://projects.propublica.org/nonprofits/organizations/522028955/202523209349302257/full,documented (grantor filing),
Open Society Policy Center,522028955,Public Citizen,650000,2020,Dec. 2020,SUPPORT POLICY ADVOCACY,IRS Form 990 Schedule I (via ProPublica e-file render),https://projects.propublica.org/nonprofits/organizations/522028955/202103479349301565/full,documented (grantor filing),
Open Society Policy Center,522028955,Public Citizen,750000,2021,Dec. 2021,SUPPORT POLICY ADVOCACY,IRS Form 990 Schedule I (via ProPublica e-file render),https://projects.propublica.org/nonprofits/organizations/522028955/202223199349317682/full,documented (grantor filing),
Open Society Policy Center,522028955,Sixteen Thirty Fund,16955000,2020,Dec. 2020,SUPPORT POLICY ADVOCACY,IRS Form 990 Schedule I (via ProPublica e-file render),https://projects.propublica.org/nonprofits/organizations/522028955/202103479349301565/full,documented (grantor filing),
Open Society Policy Center,522028955,Sixteen Thirty Fund,23780000,2021,Dec. 2021,SUPPORT POLICY ADVOCACY; TO WORK TOWARDS BUILDING A REFLECTIVE DEMOCRACY,IRS Form 990 Schedule I (via ProPublica e-file render),https://projects.propublica.org/nonprofits/organizations/522028955/202223199349317682/full,documented (grantor filing),
Open Society Policy Center,522028955,Sixteen Thirty Fund,9650000,2022,Dec. 2022,SUPPORT POLICY ADVOCACY,IRS Form 990 Schedule I (via ProPublica e-file render),https://projects.propublica.org/nonprofits/organizations/522028955/202303199349322785/full,documented (grantor filing),
Open Society Policy Center,522028955,Sixteen Thirty Fund,13615000,2023,Dec. 2023,TO SUPPORT NONPARTISAN POLICY ADVOCACY IN SUPPORT OF THE ASIAN AMERICAN AND PACIFIC ISLANDER COMMUNITY; TO SUPPORT NON-PARTISAN POLICY ADVOCACY ON ELECTION PROTECTION; TO SUPPORT POLICY ADVOCACY ON HEALTH CARE,IRS Form 990 Schedule I (via ProPublica e-file render),https://projects.propublica.org/nonprofits/organizations/522028955/202433199349319003/full,documented (grantor filing),
Open Society Policy Center,522028955,Sixteen Thirty Fund,4150000,2024,Dec. 2024,"TO SUPPORT NONPARTISAN POLICY ADVOCACY IN SUPPORT OF THE ASIAN AMERICAN AND PACIFIC ISLANDER COMMUNITY; TO SUPPORT NON-PARTISAN POLICY ADVOCACY ON RURAL ENGAGEMENT; TO SUPPORT FUTURE CURRENTS ACTION FUND, A PROJECT OF THE GRANTEE, IN THEIR WORK TO RESOURCE, ON A NONPARTISAN BASIS, HEA",IRS Form 990 Schedule I (via ProPublica e-file render),https://projects.propublica.org/nonprofits/organizations/522028955/202523209349302257/full,documented (grantor filing),
Open Society Policy Center,522028955,United We Dream (+Action),800000,2020,Dec. 2020,SUPPORT POLICY ADVOCACY,IRS Form 990 Schedule I (via ProPublica e-file render),https://projects.propublica.org/nonprofits/organizations/522028955/202103479349301565/full,documented (grantor filing),
Open Society Policy Center,522028955,United We Dream (+Action),750000,2021,Dec. 2021,SUPPORT POLICY ADVOCACY,IRS Form 990 Schedule I (via ProPublica e-file render),https://projects.propublica.org/nonprofits/organizations/522028955/202223199349317682/full,documented (grantor filing),
Open Society Policy Center,522028955,United We Dream (+Action),750000,2022,Dec. 2022,SUPPORT POLICY ADVOCACY,IRS Form 990 Schedule I (via ProPublica e-file render),https://projects.propublica.org/nonprofits/organizations/522028955/202303199349322785/full,documented (grantor filing),
Open Society Policy Center,522028955,United We Dream (+Action),750000,2023,Dec. 2023,TO SUPPORT POLICY ADVOCACY AND NONPARTISAN CIVIC ENGAGEMENT,IRS Form 990 Schedule I (via ProPublica e-file render),https://projects.propublica.org/nonprofits/organizations/522028955/202433199349319003/full,documented (grantor filing),
Open Society Policy Center,522028955,United We Dream (+Action),750000,2024,Dec. 2024,TO SUPPORT POLICY ADVOCACY AND NONPARTISAN CIVIC ENGAGEMENT,IRS Form 990 Schedule I (via ProPublica e-file render),https://projects.propublica.org/nonprofits/organizations/522028955/202523209349302257/full,documented (grantor filing),
Open Society Policy Center,522028955,Working Families Organization,9000000,2020,Dec. 2020,SUPPORT POLICY ADVOCACY,IRS Form 990 Schedule I (via ProPublica e-file render),https://projects.propublica.org/nonprofits/organizations/522028955/202103479349301565/full,documented (grantor filing),
Open Society Policy Center,522028955,Working Families Organization,1900000,2021,Dec. 2021,SUPPORT POLICY ADVOCACY,IRS Form 990 Schedule I (via ProPublica e-file render),https://projects.propublica.org/nonprofits/organizations/522028955/202223199349317682/full,documented (grantor filing),
Open Society Policy Center,522028955,Working Families Organization,1850000,2022,Dec. 2022,SUPPORT POLICY ADVOCACY,IRS Form 990 Schedule I (via ProPublica e-file render),https://projects.propublica.org/nonprofits/organizations/522028955/202303199349322785/full,documented (grantor filing),
Open Society Policy Center,522028955,Working Families Organization,5150000,2023,Dec. 2023,TO SUPPORT THE GRANTEES SOCIAL WELFARE ACTIVITIES; TO SUPPORT POLICY ADVOCACY ON ACCESS TO FEDERAL INFRASTRUCTURE FUNDING,IRS Form 990 Schedule I (via ProPublica e-file render),https://projects.propublica.org/nonprofits/organizations/522028955/202433199349319003/full,documented (grantor filing),
Open Society Policy Center,522028955,Working Families Organization,2165000,2024,Dec. 2024,"TO SUPPORT THE RESEARCH, DEVELOPMENT, AND FREE PUBLIC DISSEMINATION OF EDUCATIONAL RESOURCES ABOUT IMPROVED LABOR RELATI; TO SUPPORT POLICY ADVOCACY AND NONPARTISAN CIVIC ENGAGEMENT; TO SUPPORT ORGANIZED POWER IN NUMBERS, A PROJECT OF THE GRANTEE, TO EXPAND THEIR NONPARTISAN CIVIC ENGAGEMENT",IRS Form 990 Schedule I (via ProPublica e-file render),https://projects.propublica.org/nonprofits/organizations/522028955/202523209349302257/full,documented (grantor filing),
Peoples Forum,611844780,Justice and Education Fund,100000,2024,Dec. 2024,Disaster Response and Relief,IRS Form 990 Schedule I (via ProPublica e-file render),https://projects.propublica.org/nonprofits/organizations/611844780/202543169349301509/full,documented (grantor filing),
Peoples Forum,611844780,Progress Unity Fund,26356,2023,Dec. 2023,"PAYMENT FOR DONATIONS COLLECTED RE: NATIONAL MARCH ON WASHINGTON, 11.4.23",IRS Form 990 Schedule I (via ProPublica e-file render),https://projects.propublica.org/nonprofits/organizations/611844780/202433209349316443/full,documented (grantor filing),
Peoples Support Foundation,821202926,Justice and Education Fund,5370000,2024,Dec. 2024,"FOR CHARITABLE, RELIGIOUS, SCIENTIFIC, LITERARY, OR EDUCATIONAL PURPOSES, WITHIN THE MEANING OF SECTION 501(C)(3) OF THE",IRS Form 990 990-PF Part XV (via ProPublica e-file render),https://projects.propublica.org/nonprofits/organizations/821202926/202503149349103280/full,documented (grantor filing),
Peoples Support Foundation,821202926,People's Welfare Association,2487000,2019,Dec. 2019,"FOR CHARITABLE, RELIGIOUS, SCIENTIFIC, LITERARY, OR EDUCATIONAL PURPOSES, WITHIN THE MEANING OF SECTION 501(C)(3) OF THE",IRS Form 990 990-PF Part XV (via ProPublica e-file render),https://projects.propublica.org/nonprofits/organizations/821202926/202023189349100007/full,documented (grantor filing),
Peoples Support Foundation,821202926,People's Welfare Association,10338000,2020,Dec. 2020,"FOR CHARITABLE, RELIGIOUS, SCIENTIFIC, LITERARY, OR EDUCATIONAL PURPOSES, WITHIN THE MEANING OF SECTION 501(C)(3) OF THE",IRS Form 990 990-PF Part XV (via ProPublica e-file render),https://projects.propublica.org/nonprofits/organizations/821202926/202133199349104743/full,documented (grantor filing),
Peoples Support Foundation,821202926,People's Welfare Association,14354500,2021,Dec. 2021,"FOR CHARITABLE, RELIGIOUS, SCIENTIFIC, LITERARY, OR EDUCATIONAL PURPOSES, WITHIN THE MEANING OF SECTION 501(C)(3) OF THE",IRS Form 990 990-PF Part XV (via ProPublica e-file render),https://projects.propublica.org/nonprofits/organizations/821202926/202223189349100502/full,documented (grantor filing),
Peoples Support Foundation,821202926,People's Welfare Association,14886720,2022,Dec. 2022,"FOR CHARITABLE, RELIGIOUS, SCIENTIFIC, LITERARY, OR EDUCATIONAL PURPOSES, WITHIN THE MEANING OF SECTION 501(C)(3) OF THE",IRS Form 990 990-PF Part XV (via ProPublica e-file render),https://projects.propublica.org/nonprofits/organizations/821202926/202333159349100303/full,documented (grantor filing),
Peoples Support Foundation,821202926,People's Welfare Association,13938430,2023,Dec. 2023,"FOR CHARITABLE, RELIGIOUS, SCIENTIFIC, LITERARY, OR EDUCATIONAL PURPOSES, WITHIN THE MEANING OF SECTION 501(C)(3) OF THE",IRS Form 990 990-PF Part XV (via ProPublica e-file render),https://projects.propublica.org/nonprofits/organizations/821202926/202423199349102697/full,documented (grantor filing),
Peoples Support Foundation,821202926,People's Welfare Association,10471629,2024,Dec. 2024,"FOR CHARITABLE, RELIGIOUS, SCIENTIFIC, LITERARY, OR EDUCATIONAL PURPOSES, WITHIN THE MEANING OF SECTION 501(C)(3) OF THE",IRS Form 990 990-PF Part XV (via ProPublica e-file render),https://projects.propublica.org/nonprofits/organizations/821202926/202503149349103280/full,documented (grantor filing),
Peoples Support Foundation,821202926,The People's Forum,5000000,2024,Dec. 2024,"FOR CHARITABLE, RELIGIOUS, SCIENTIFIC, LITERARY, OR EDUCATIONAL PURPOSES, WITHIN THE MEANING OF SECTION 501(C)(3) OF THE",IRS Form 990 990-PF Part XV (via ProPublica e-file render),https://projects.propublica.org/nonprofits/organizations/821202926/202503149349103280/full,documented (grantor filing),
Peoples Support Foundation,821202926,United Community Fund,6710000,2019,Dec. 2019,"FOR CHARITABLE, RELIGIOUS, SCIENTIFIC, LITERARY, OR EDUCATIONAL PURPOSES, WITHIN THE MEANING OF SECTION 501(C)(3) OF THE",IRS Form 990 990-PF Part XV (via ProPublica e-file render),https://projects.propublica.org/nonprofits/organizations/821202926/202023189349100007/full,documented (grantor filing),
Peoples Support Foundation,821202926,United Community Fund,20000,2020,Dec. 2020,"FOR CHARITABLE, RELIGIOUS, SCIENTIFIC, LITERARY, OR EDUCATIONAL PURPOSES, WITHIN THE MEANING OF SECTION 501(C)(3) OF THE",IRS Form 990 990-PF Part XV (via ProPublica e-file render),https://projects.propublica.org/nonprofits/organizations/821202926/202133199349104743/full,documented (grantor filing),
Peoples Support Foundation,821202926,United Community Fund,100000,2023,Dec. 2023,"FOR CHARITABLE, RELIGIOUS, SCIENTIFIC, LITERARY, OR EDUCATIONAL PURPOSES, WITHIN THE MEANING OF SECTION 501(C)(3) OF THE",IRS Form 990 990-PF Part XV (via ProPublica e-file render),https://projects.propublica.org/nonprofits/organizations/821202926/202423199349102697/full,documented (grantor filing),
Peoples Support Foundation,821202926,United Community Fund,425000,2024,Dec. 2024,"FOR CHARITABLE, RELIGIOUS, SCIENTIFIC, LITERARY, OR EDUCATIONAL PURPOSES, WITHIN THE MEANING OF SECTION 501(C)(3) OF THE",IRS Form 990 990-PF Part XV (via ProPublica e-file render),https://projects.propublica.org/nonprofits/organizations/821202926/202503149349103280/full,documented (grantor filing),
Rockefeller Brothers Fund,131760106,Common Counsel Foundation,75000,2021,Dec. 2021,"FOR THE ELECTORAL JUSTICE PROJECT OF ITS PROJECT, THE MOVEMENT FOR BLACK LIVES",IRS Form 990 990-PF Part XV (via ProPublica e-file render),https://projects.propublica.org/nonprofits/organizations/131760106/202243189349102299/full,documented (grantor filing),
Rockefeller Brothers Fund,131760106,Common Counsel Foundation,75000,2022,Dec. 2022,"FOR THE ELECTORAL JUSTICE PROJECT OF ITS PROJECT, THE MOVEMENT FOR BLACK LIVES",IRS Form 990 990-PF Part XV (via ProPublica e-file render),https://projects.propublica.org/nonprofits/organizations/131760106/202323179349101577/full,documented (grantor filing),
Rockefeller Brothers Fund,131760106,Common Counsel Foundation,50000,2024,Dec. 2024,FOR THE ELECTORAL JUSTICE PROJECT,IRS Form 990 990-PF Part XV (via ProPublica e-file render),https://projects.propublica.org/nonprofits/organizations/131760106/202523149349101482/full,documented (grantor filing),
Rockefeller Brothers Fund,131760106,IfNotNow,40000,2020,Dec. 2020,FOR GENERAL SUPPORT,IRS Form 990 990-PF Part XV (via ProPublica e-file render),https://projects.propublica.org/nonprofits/organizations/131760106/202123129349101907/full,documented (grantor filing),
Rockefeller Brothers Fund,131760106,IfNotNow,30000,2021,Dec. 2021,FOR GENERAL SUPPORT,IRS Form 990 990-PF Part XV (via ProPublica e-file render),https://projects.propublica.org/nonprofits/organizations/131760106/202243189349102299/full,documented (grantor filing),
Rockefeller Brothers Fund,131760106,IfNotNow,30000,2022,Dec. 2022,FOR GENERAL SUPPORT,IRS Form 990 990-PF Part XV (via ProPublica e-file render),https://projects.propublica.org/nonprofits/organizations/131760106/202323179349101577/full,documented (grantor filing),
Rockefeller Brothers Fund,131760106,Jewish Voice for Peace (c3),100000,2020,Dec. 2020,FOR GENERAL SUPPORT,IRS Form 990 990-PF Part XV (via ProPublica e-file render),https://projects.propublica.org/nonprofits/organizations/131760106/202123129349101907/full,documented (grantor filing),
Rockefeller Brothers Fund,131760106,Jewish Voice for Peace (c3),90000,2021,Dec. 2021,FOR GENERAL SUPPORT,IRS Form 990 990-PF Part XV (via ProPublica e-file render),https://projects.propublica.org/nonprofits/organizations/131760106/202243189349102299/full,documented (grantor filing),
Rockefeller Brothers Fund,131760106,Jewish Voice for Peace (c3),75000,2022,Dec. 2022,FOR GENERAL SUPPORT,IRS Form 990 990-PF Part XV (via ProPublica e-file render),https://projects.propublica.org/nonprofits/organizations/131760106/202323179349101577/full,documented (grantor filing),
Rockefeller Brothers Fund,131760106,Jewish Voice for Peace (c3),50000,2023,Dec. 2023,FOR GENERAL SUPPORT,IRS Form 990 990-PF Part XV (via ProPublica e-file render),https://projects.propublica.org/nonprofits/organizations/131760106/202413189349103611/full,documented (grantor filing),
Rockefeller Brothers Fund,131760106,Jewish Voice for Peace (c3),50000,2024,Dec. 2024,FOR GENERAL SUPPORT,IRS Form 990 990-PF Part XV (via ProPublica e-file render),https://projects.propublica.org/nonprofits/organizations/131760106/202523149349101482/full,documented (grantor filing),
Rockefeller Brothers Fund,131760106,Public Citizen,150000,2020,Dec. 2020,FOR ITS WORK WITH THE CORPORATE REFORM COALITION; FOR ITS GLOBAL TRADE WATCH PROGRAM,IRS Form 990 990-PF Part XV (via ProPublica e-file render),https://projects.propublica.org/nonprofits/organizations/131760106/202123129349101907/full,documented (grantor filing),
Rockefeller Brothers Fund,131760106,Public Citizen,200000,2021,Dec. 2021,"FOR ITS PROJECT, THE CORPORATE REFORM COALITION; FOR ITS GLOBAL TRADE WATCH PROGRAM",IRS Form 990 990-PF Part XV (via ProPublica e-file render),https://projects.propublica.org/nonprofits/organizations/131760106/202243189349102299/full,documented (grantor filing),
Rockefeller Brothers Fund,131760106,Public Citizen,125000,2022,Dec. 2022,"FOR ITS PROJECT, THE CORPORATE REFORM COALITION; FOR ITS GLOBAL TRADE WATCH PROGRAM",IRS Form 990 990-PF Part XV (via ProPublica e-file render),https://projects.propublica.org/nonprofits/organizations/131760106/202323179349101577/full,documented (grantor filing),
Rockefeller Brothers Fund,131760106,Public Citizen,60000,2023,Dec. 2023,FOR ITS GLOBAL TRADE WATCH PROGRAM,IRS Form 990 990-PF Part XV (via ProPublica e-file render),https://projects.propublica.org/nonprofits/organizations/131760106/202413189349103611/full,documented (grantor filing),
Rockefeller Brothers Fund,131760106,Public Citizen,125000,2024,Dec. 2024,FOR ITS CORPORATE REFORM COALITION AND DECLARATION FOR AMERICAN DEMOCRACY PROJECTS; FOR ITS GLOBAL TRADE WATCH PROGRAM,IRS Form 990 990-PF Part XV (via ProPublica e-file render),https://projects.propublica.org/nonprofits/organizations/131760106/202523149349101482/full,documented (grantor filing),
Rule of Law Trust,831047727,DonorsTrust,5793800,2020,Dec. 2020,General Operating,IRS Form 990 Schedule I (via ProPublica e-file render),https://projects.propublica.org/nonprofits/organizations/831047727/202113199349330006/full,documented (grantor filing),
Rule of Law Trust,831047727,Fidelity Charitable,9000000,2020,Dec. 2020,General Operating,IRS Form 990 Schedule I (via ProPublica e-file render),https://projects.propublica.org/nonprofits/organizations/831047727/202113199349330006/full,documented (grantor filing),
Rule of Law Trust,831047727,Judicial Crisis Network,21500000,2020,Dec. 2020,General Operating,IRS Form 990 Schedule I (via ProPublica e-file render),https://projects.propublica.org/nonprofits/organizations/831047727/202113199349330006/full,documented (grantor filing),
Rule of Law Trust,831047727,Knights of Columbus Charitable Fund,2650000,2022,Dec. 2022,General Operating,IRS Form 990 Schedule I (via ProPublica e-file render),https://projects.propublica.org/nonprofits/organizations/831047727/202333199349307073/full,documented (grantor filing),
Rule of Law Trust,831047727,Knights of Columbus Charitable Fund,4050000,2023,Dec. 2023,General Operating,IRS Form 990 Schedule I (via ProPublica e-file render),https://projects.propublica.org/nonprofits/organizations/831047727/202413209349306556/full,documented (grantor filing),
Rule of Law Trust,831047727,Knights of Columbus Charitable Fund,1400000,2024,Dec. 2024,General Operating,IRS Form 990 Schedule I (via ProPublica e-file render),https://projects.propublica.org/nonprofits/organizations/831047727/202523219349303432/full,documented (grantor filing),
Rule of Law Trust,831047727,Schwab Charitable Fund,6000000,2022,Dec. 2022,General Operating,IRS Form 990 Schedule I (via ProPublica e-file render),https://projects.propublica.org/nonprofits/organizations/831047727/202333199349307073/full,documented (grantor filing),
Rule of Law Trust,831047727,Schwab Charitable Fund,24000000,2023,Dec. 2023,General Operating,IRS Form 990 Schedule I (via ProPublica e-file render),https://projects.propublica.org/nonprofits/organizations/831047727/202413209349306556/full,documented (grantor filing),
Rule of Law Trust,831047727,Schwab Charitable Fund,13750000,2024,Dec. 2024,General Operating (DAF),IRS Form 990 Schedule I (via ProPublica e-file render),https://projects.propublica.org/nonprofits/organizations/831047727/202523219349303432/full,documented (grantor filing),
Rule of Law Trust,831047727,The Concord Fund,3000000,2021,Dec. 2021,General Operating,IRS Form 990 Schedule I (via ProPublica e-file render),https://projects.propublica.org/nonprofits/organizations/831047727/202213199349301476/full,documented (grantor filing),
Sixteen Thirty Fund,264486735,CHIRLA,20000,2021,Dec. 2021,"CIVIL RIGHTS, SOCIAL ACTION, ADVOCACY",IRS Form 990 Schedule I (via ProPublica e-file render),https://projects.propublica.org/nonprofits/organizations/264486735/202243119349300829/full,documented (grantor filing),
Sixteen Thirty Fund,264486735,Center for Popular Democracy (+Action),92000,2019,Dec. 2019,"CIVIL RIGHTS, SOCIAL ACTION, ADVOCACY",IRS Form 990 Schedule I (via ProPublica e-file render),https://projects.propublica.org/nonprofits/organizations/264486735/202033179349303983/full,documented (grantor filing),
Sixteen Thirty Fund,264486735,Center for Popular Democracy (+Action),508799,2020,Dec. 2020,CAPACITY BUILDING,IRS Form 990 Schedule I (via ProPublica e-file render),https://projects.propublica.org/nonprofits/organizations/264486735/202103169349311225/full,documented (grantor filing),
Sixteen Thirty Fund,264486735,Center for Popular Democracy (+Action),25000,2022,Dec. 2022,"CIVIL RIGHTS, SOCIAL ACTION, ADVOCACY",IRS Form 990 Schedule I (via ProPublica e-file render),https://projects.propublica.org/nonprofits/organizations/264486735/202343149349301424/full,documented (grantor filing),
Sixteen Thirty Fund,264486735,Center for Popular Democracy (+Action),425000,2024,Dec. 2024,"CIVIL RIGHTS, SOCIAL ACTION, ADVOCACY",IRS Form 990 Schedule I (via ProPublica e-file render),https://projects.propublica.org/nonprofits/organizations/264486735/202533159349305888/full,documented (grantor filing),
Sixteen Thirty Fund,264486735,IfNotNow,12000,2020,Dec. 2020,"CIVIL RIGHTS, SOCIAL ACTION, ADVOCACY",IRS Form 990 Schedule I (via ProPublica e-file render),https://projects.propublica.org/nonprofits/organizations/264486735/202103169349311225/full,documented (grantor filing),
Sixteen Thirty Fund,264486735,IfNotNow,50000,2021,Dec. 2021,"CIVIL RIGHTS, SOCIAL ACTION, ADVOCACY",IRS Form 990 Schedule I (via ProPublica e-file render),https://projects.propublica.org/nonprofits/organizations/264486735/202243119349300829/full,documented (grantor filing),
Sixteen Thirty Fund,264486735,Indivisible Project,67000,2022,Dec. 2022,"CIVIL RIGHTS, SOCIAL ACTION, ADVOCACY",IRS Form 990 Schedule I (via ProPublica e-file render),https://projects.propublica.org/nonprofits/organizations/264486735/202343149349301424/full,documented (grantor filing),
Sixteen Thirty Fund,264486735,Indivisible Project,40000,2023,Dec. 2023,"CIVIL RIGHTS, SOCIAL ACTION, ADVOCACY",IRS Form 990 Schedule I (via ProPublica e-file render),https://projects.propublica.org/nonprofits/organizations/264486735/202413169349305461/full,documented (grantor filing),
Sixteen Thirty Fund,264486735,Mijente,170000,2020,Dec. 2020,"CIVIL RIGHTS, SOCIAL ACTION, ADVOCACY",IRS Form 990 Schedule I (via ProPublica e-file render),https://projects.propublica.org/nonprofits/organizations/264486735/202103169349311225/full,documented (grantor filing),
Sixteen Thirty Fund,264486735,Mijente,100000,2021,Dec. 2021,"CIVIL RIGHTS, SOCIAL ACTION, ADVOCACY",IRS Form 990 Schedule I (via ProPublica e-file render),https://projects.propublica.org/nonprofits/organizations/264486735/202243119349300829/full,documented (grantor filing),
Sixteen Thirty Fund,264486735,MoveOn.org Civic Action,140000,2023,Dec. 2023,"CIVIL RIGHTS, SOCIAL ACTION, ADVOCACY",IRS Form 990 Schedule I (via ProPublica e-file render),https://projects.propublica.org/nonprofits/organizations/264486735/202413169349305461/full,documented (grantor filing),
Sixteen Thirty Fund,264486735,MoveOn.org Civic Action,250000,2024,Dec. 2024,"CIVIL RIGHTS, SOCIAL ACTION, ADVOCACY",IRS Form 990 Schedule I (via ProPublica e-file render),https://projects.propublica.org/nonprofits/organizations/264486735/202533159349305888/full,documented (grantor filing),
Sixteen Thirty Fund,264486735,MoveOn.org Political Action,235000,2020,Dec. 2020,"CIVIL RIGHTS, SOCIAL ACTION, ADVOCACY",IRS Form 990 Schedule I (via ProPublica e-file render),https://projects.propublica.org/nonprofits/organizations/264486735/202103169349311225/full,documented (grantor filing),
Sixteen Thirty Fund,264486735,Public Citizen,50000,2024,Dec. 2024,"CIVIL RIGHTS, SOCIAL ACTION, ADVOCACY",IRS Form 990 Schedule I (via ProPublica e-file render),https://projects.propublica.org/nonprofits/organizations/264486735/202533159349305888/full,documented (grantor filing),
Sixteen Thirty Fund,264486735,United We Dream (+Action),125000,2020,Dec. 2020,"CIVIL RIGHTS, SOCIAL ACTION, ADVOCACY",IRS Form 990 Schedule I (via ProPublica e-file render),https://projects.propublica.org/nonprofits/organizations/264486735/202103169349311225/full,documented (grantor filing),
Sixteen Thirty Fund,264486735,United We Dream (+Action),300000,2021,Dec. 2021,"CIVIL RIGHTS, SOCIAL ACTION, ADVOCACY",IRS Form 990 Schedule I (via ProPublica e-file render),https://projects.propublica.org/nonprofits/organizations/264486735/202243119349300829/full,documented (grantor filing),
Sixteen Thirty Fund,264486735,United We Dream (+Action),100000,2022,Dec. 2022,"CIVIL RIGHTS, SOCIAL ACTION, ADVOCACY",IRS Form 990 Schedule I (via ProPublica e-file render),https://projects.propublica.org/nonprofits/organizations/264486735/202343149349301424/full,documented (grantor filing),
Sixteen Thirty Fund,264486735,United We Dream (+Action),100000,2023,Dec. 2023,"CIVIL RIGHTS, SOCIAL ACTION, ADVOCACY",IRS Form 990 Schedule I (via ProPublica e-file render),https://projects.propublica.org/nonprofits/organizations/264486735/202413169349305461/full,documented (grantor filing),
Sixteen Thirty Fund,264486735,Women's March (various entities),32015,2020,Dec. 2020,"CIVIL RIGHTS, SOCIAL ACTION, ADVOCACY",IRS Form 990 Schedule I (via ProPublica e-file render),https://projects.propublica.org/nonprofits/organizations/264486735/202103169349311225/full,documented (grantor filing),
Sixteen Thirty Fund,264486735,Women's March (various entities),30000,2022,Dec. 2022,"CIVIL RIGHTS, SOCIAL ACTION, ADVOCACY",IRS Form 990 Schedule I (via ProPublica e-file render),https://projects.propublica.org/nonprofits/organizations/264486735/202343149349301424/full,documented (grantor filing),
Sixteen Thirty Fund,264486735,Working Families Organization,150000,2020,Dec. 2020,"CIVIL RIGHTS, SOCIAL ACTION, ADVOCACY",IRS Form 990 Schedule I (via ProPublica e-file render),https://projects.propublica.org/nonprofits/organizations/264486735/202103169349311225/full,documented (grantor filing),
Sixteen Thirty Fund,264486735,Working Families Organization,153000,2021,Dec. 2021,CAPACITY BUILDING,IRS Form 990 Schedule I (via ProPublica e-file render),https://projects.propublica.org/nonprofits/organizations/264486735/202243119349300829/full,documented (grantor filing),
Sixteen Thirty Fund,264486735,Working Families Organization,100000,2022,Dec. 2022,"CIVIL RIGHTS, SOCIAL ACTION, ADVOCACY",IRS Form 990 Schedule I (via ProPublica e-file render),https://projects.propublica.org/nonprofits/organizations/264486735/202343149349301424/full,documented (grantor filing),
Sixteen Thirty Fund,264486735,Working Families Organization,50000,2023,Dec. 2023,CAPACITY BUILDING,IRS Form 990 Schedule I (via ProPublica e-file render),https://projects.propublica.org/nonprofits/organizations/264486735/202413169349305461/full,documented (grantor filing),
Sixteen Thirty Fund,264486735,Working Families Organization,425000,2024,Dec. 2024,"CIVIL RIGHTS, SOCIAL ACTION, ADVOCACY",IRS Form 990 Schedule I (via ProPublica e-file render),https://projects.propublica.org/nonprofits/organizations/264486735/202533159349305888/full,documented (grantor filing),
Sunrise Movement Education Fund,464773036,Sunrise Movement,150000,2022,Dec. 2022,TO SUPPORT SUNRISE MOVEMENT'S LOBBYING ACTIVITIES.,IRS Form 990 Schedule I (via ProPublica e-file render),https://projects.propublica.org/nonprofits/organizations/464773036/202333199349322698/full,documented (grantor filing),
Tides Center,943213100,BLM Global Network Foundation,10000,2020,Dec. 2020,"EQUALITY, HUMAN RIGHTS, AND ECONOMIC EMPOWERMENT",IRS Form 990 Schedule I (via ProPublica e-file render),https://projects.propublica.org/nonprofits/organizations/943213100/202103149349300610/full,documented (grantor filing),
Tides Center,943213100,CHIRLA,509000,2023,Dec. 2023,"EQUITY, HUMAN RIGHTS, AND ECONOMIC EMPOWERMENT",IRS Form 990 Schedule I (via ProPublica e-file render),https://projects.propublica.org/nonprofits/organizations/943213100/202412739349300301/full,documented (grantor filing),
Tides Center,943213100,CHIRLA,50000,2024,Dec. 2024,QUALITY EDUCATION,IRS Form 990 Schedule I (via ProPublica e-file render),https://projects.propublica.org/nonprofits/organizations/943213100/202513189349304201/full,documented (grantor filing),
Tides Center,943213100,Center for Popular Democracy (+Action),50000,2021,Dec. 2021,"EQUITY, HUMAN RIGHTS, AND ECONOMIC EMPOWERMENT",IRS Form 990 Schedule I (via ProPublica e-file render),https://projects.propublica.org/nonprofits/organizations/943213100/202203189349311670/full,documented (grantor filing),
Tides Center,943213100,Center for Popular Democracy (+Action),495000,2022,Dec. 2022,"EQUITY, HUMAN RIGHTS, AND ECONOMIC EMPOWERMENT",IRS Form 990 Schedule I (via ProPublica e-file render),https://projects.propublica.org/nonprofits/organizations/943213100/202440469349300404/full,documented (grantor filing),
Tides Center,943213100,Center for Popular Democracy (+Action),40000,2023,Dec. 2023,"EQUITY, HUMAN RIGHTS, AND ECONOMIC EMPOWERMENT",IRS Form 990 Schedule I (via ProPublica e-file render),https://projects.propublica.org/nonprofits/organizations/943213100/202412739349300301/full,documented (grantor filing),
Tides Center,943213100,Center for Popular Democracy (+Action),40000,2024,Dec. 2024,"EQUITY, HUMAN RIGHTS, AND ECONOMIC EMPOWERMENT",IRS Form 990 Schedule I (via ProPublica e-file render),https://projects.propublica.org/nonprofits/organizations/943213100/202513189349304201/full,documented (grantor filing),
Tides Center,943213100,Common Counsel Foundation,42500,2021,Dec. 2021,"EQUITY, HUMAN RIGHTS, AND ECONOMIC EMPOWERMENT",IRS Form 990 Schedule I (via ProPublica e-file render),https://projects.propublica.org/nonprofits/organizations/943213100/202203189349311670/full,documented (grantor filing),
Tides Center,943213100,Common Counsel Foundation,50000,2024,Dec. 2024,"EQUITY, HUMAN RIGHTS, AND ECONOMIC EMPOWERMENT",IRS Form 990 Schedule I (via ProPublica e-file render),https://projects.propublica.org/nonprofits/organizations/943213100/202513189349304201/full,documented (grantor filing),
Tides Center,943213100,Mijente,35000,2020,Dec. 2020,HEALTHY INDIVIDUALS AND COMMUNITIES,IRS Form 990 Schedule I (via ProPublica e-file render),https://projects.propublica.org/nonprofits/organizations/943213100/202103149349300610/full,documented (grantor filing),
Tides Center,943213100,Movement 4 Black Lives Inc,7500,2020,Dec. 2020,"EQUALITY, HUMAN RIGHTS, AND ECONOMIC EMPOWERMENT",IRS Form 990 Schedule I (via ProPublica e-file render),https://projects.propublica.org/nonprofits/organizations/943213100/202103149349300610/full,documented (grantor filing),
Tides Center,943213100,WESPAC Foundation,35000,2022,Dec. 2022,"EQUITY, HUMAN RIGHTS, AND ECONOMIC EMPOWERMENT",IRS Form 990 Schedule I (via ProPublica e-file render),https://projects.propublica.org/nonprofits/organizations/943213100/202440469349300404/full,documented (grantor filing),
Tides Center,943213100,WESPAC Foundation,17500,2024,Dec. 2024,"EQUITY, HUMAN RIGHTS, AND ECONOMIC EMPOWERMENT",IRS Form 990 Schedule I (via ProPublica e-file render),https://projects.propublica.org/nonprofits/organizations/943213100/202513189349304201/full,documented (grantor filing),
Tides Center,943213100,Women's March (various entities),9148,2020,Dec. 2020,"EQUALITY, HUMAN RIGHTS, AND ECONOMIC EMPOWERMENT",IRS Form 990 Schedule I (via ProPublica e-file render),https://projects.propublica.org/nonprofits/organizations/943213100/202103149349300610/full,documented (grantor filing),
Tides Foundation,510198509,BLM Global Network Foundation,125000,2021,Dec. 2021,"EQUITY, HUMAN RIGHTS, AND ECONOMIC EMPOWERMENT",IRS Form 990 Schedule I (via ProPublica e-file render),https://projects.propublica.org/nonprofits/organizations/510198509/202233189349313898/full,documented (grantor filing),Grants by a donor-advised-fund sponsor; underlying donor not named in filing
Tides Foundation,510198509,CHIRLA,9000,2019,Dec. 2019,PROJECT SUPPORT,IRS Form 990 Schedule I (via ProPublica e-file render),https://projects.propublica.org/nonprofits/organizations/510198509/202043149349304239/full,documented (grantor filing),Grants by a donor-advised-fund sponsor; underlying donor not named in filing
Tides Foundation,510198509,CHIRLA,300000,2021,Dec. 2021,"EQUITY, HUMAN RIGHTS, AND ECONOMIC EMPOWERMENT",IRS Form 990 Schedule I (via ProPublica e-file render),https://projects.propublica.org/nonprofits/organizations/510198509/202233189349313898/full,documented (grantor filing),Grants by a donor-advised-fund sponsor; underlying donor not named in filing
Tides Foundation,510198509,Center for Popular Democracy (+Action),354000,2019,Dec. 2019,PROJECT SUPPORT,IRS Form 990 Schedule I (via ProPublica e-file render),https://projects.propublica.org/nonprofits/organizations/510198509/202043149349304239/full,documented (grantor filing),Grants by a donor-advised-fund sponsor; underlying donor not named in filing
Tides Foundation,510198509,Center for Popular Democracy (+Action),1953000,2020,Dec. 2020,"EQUALITY, HUMAN RIGHTS, AND ECONOMIC EMPOWERMENT",IRS Form 990 Schedule I (via ProPublica e-file render),https://projects.propublica.org/nonprofits/organizations/510198509/202133149349300708/full,documented (grantor filing),Grants by a donor-advised-fund sponsor; underlying donor not named in filing
Tides Foundation,510198509,Center for Popular Democracy (+Action),92775,2021,Dec. 2021,"EQUITY, HUMAN RIGHTS, AND ECONOMIC EMPOWERMENT",IRS Form 990 Schedule I (via ProPublica e-file render),https://projects.propublica.org/nonprofits/organizations/510198509/202233189349313898/full,documented (grantor filing),Grants by a donor-advised-fund sponsor; underlying donor not named in filing
Tides Foundation,510198509,Center for Popular Democracy (+Action),1002883,2022,Dec. 2022,"HEALTHY INDIVIDUALS AND COMMUNITIES; EQUITY, HUMAN RIGHTS, AND ECONOMIC EMPOWERMENT",IRS Form 990 Schedule I (via ProPublica e-file render),https://projects.propublica.org/nonprofits/organizations/510198509/202400469349300305/full,documented (grantor filing),Grants by a donor-advised-fund sponsor; underlying donor not named in filing
Tides Foundation,510198509,Center for Popular Democracy (+Action),560000,2023,Dec. 2023,"EQUITY, HUMAN RIGHTS, AND ECONOMIC EMPOWERMENT",IRS Form 990 Schedule I (via ProPublica e-file render),https://projects.propublica.org/nonprofits/organizations/510198509/202412739349300401/full,documented (grantor filing),Grants by a donor-advised-fund sponsor; underlying donor not named in filing
Tides Foundation,510198509,Center for Popular Democracy (+Action),655000,2024,Dec. 2024,"EQUITY, HUMAN RIGHTS, AND ECONOMIC EMPOWERMENT",IRS Form 990 Schedule I (via ProPublica e-file render),https://projects.propublica.org/nonprofits/organizations/510198509/202523189349301347/full,documented (grantor filing),Grants by a donor-advised-fund sponsor; underlying donor not named in filing
Tides Foundation,510198509,CodePink,54500,2019,Dec. 2019,PROJECT SUPPORT,IRS Form 990 Schedule I (via ProPublica e-file render),https://projects.propublica.org/nonprofits/organizations/510198509/202043149349304239/full,documented (grantor filing),Grants by a donor-advised-fund sponsor; underlying donor not named in filing
Tides Foundation,510198509,CodePink,54500,2020,Dec. 2020,HEALTHY INDIVIDUALS AND COMMUNITIES,IRS Form 990 Schedule I (via ProPublica e-file render),https://projects.propublica.org/nonprofits/organizations/510198509/202133149349300708/full,documented (grantor filing),Grants by a donor-advised-fund sponsor; underlying donor not named in filing
Tides Foundation,510198509,CodePink,104500,2022,Dec. 2022,"EQUITY, HUMAN RIGHTS, AND ECONOMIC EMPOWERMENT",IRS Form 990 Schedule I (via ProPublica e-file render),https://projects.propublica.org/nonprofits/organizations/510198509/202400469349300305/full,documented (grantor filing),Grants by a donor-advised-fund sponsor; underlying donor not named in filing
Tides Foundation,510198509,CodePink,54500,2023,Dec. 2023,"EQUITY, HUMAN RIGHTS, AND ECONOMIC EMPOWERMENT",IRS Form 990 Schedule I (via ProPublica e-file render),https://projects.propublica.org/nonprofits/organizations/510198509/202412739349300401/full,documented (grantor filing),Grants by a donor-advised-fund sponsor; underlying donor not named in filing
Tides Foundation,510198509,CodePink,54500,2024,Dec. 2024,"EQUITY, HUMAN RIGHTS, AND ECONOMIC EMPOWERMENT",IRS Form 990 Schedule I (via ProPublica e-file render),https://projects.propublica.org/nonprofits/organizations/510198509/202523189349301347/full,documented (grantor filing),Grants by a donor-advised-fund sponsor; underlying donor not named in filing
Tides Foundation,510198509,Common Counsel Foundation,207500,2019,Dec. 2019,PROJECT SUPPORT,IRS Form 990 Schedule I (via ProPublica e-file render),https://projects.propublica.org/nonprofits/organizations/510198509/202043149349304239/full,documented (grantor filing),Grants by a donor-advised-fund sponsor; underlying donor not named in filing
Tides Foundation,510198509,Common Counsel Foundation,484000,2020,Dec. 2020,"EQUALITY, HUMAN RIGHTS, AND ECONOMIC EMPOWERMENT",IRS Form 990 Schedule I (via ProPublica e-file render),https://projects.propublica.org/nonprofits/organizations/510198509/202133149349300708/full,documented (grantor filing),Grants by a donor-advised-fund sponsor; underlying donor not named in filing
Tides Foundation,510198509,Common Counsel Foundation,648000,2021,Dec. 2021,HEALTHY INDIVIDUALS AND COMMUNITIES,IRS Form 990 Schedule I (via ProPublica e-file render),https://projects.propublica.org/nonprofits/organizations/510198509/202233189349313898/full,documented (grantor filing),Grants by a donor-advised-fund sponsor; underlying donor not named in filing
Tides Foundation,510198509,Common Counsel Foundation,76700,2022,Dec. 2022,"EQUITY, HUMAN RIGHTS, AND ECONOMIC EMPOWERMENT",IRS Form 990 Schedule I (via ProPublica e-file render),https://projects.propublica.org/nonprofits/organizations/510198509/202400469349300305/full,documented (grantor filing),Grants by a donor-advised-fund sponsor; underlying donor not named in filing
Tides Foundation,510198509,Common Counsel Foundation,2791187,2023,Dec. 2023,HEALTHY INDIVIDUALS AND COMMUNITIES,IRS Form 990 Schedule I (via ProPublica e-file render),https://projects.propublica.org/nonprofits/organizations/510198509/202412739349300401/full,documented (grantor filing),Grants by a donor-advised-fund sponsor; underlying donor not named in filing
Tides Foundation,510198509,Common Counsel Foundation,362500,2024,Dec. 2024,HEALTHY INDIVIDUALS AND COMMUNITIES,IRS Form 990 Schedule I (via ProPublica e-file render),https://projects.propublica.org/nonprofits/organizations/510198509/202523189349301347/full,documented (grantor filing),Grants by a donor-advised-fund sponsor; underlying donor not named in filing
Tides Foundation,510198509,IfNotNow,35000,2019,Dec. 2019,PROJECT SUPPORT,IRS Form 990 Schedule I (via ProPublica e-file render),https://projects.propublica.org/nonprofits/organizations/510198509/202043149349304239/full,documented (grantor filing),Grants by a donor-advised-fund sponsor; underlying donor not named in filing
Tides Foundation,510198509,IfNotNow,20000,2020,Dec. 2020,"EQUALITY, HUMAN RIGHTS, AND ECONOMIC EMPOWERMENT",IRS Form 990 Schedule I (via ProPublica e-file render),https://projects.propublica.org/nonprofits/organizations/510198509/202133149349300708/full,documented (grantor filing),Grants by a donor-advised-fund sponsor; underlying donor not named in filing
Tides Foundation,510198509,IfNotNow,45000,2021,Dec. 2021,"EQUITY, HUMAN RIGHTS, AND ECONOMIC EMPOWERMENT",IRS Form 990 Schedule I (via ProPublica e-file render),https://projects.propublica.org/nonprofits/organizations/510198509/202233189349313898/full,documented (grantor filing),Grants by a donor-advised-fund sponsor; underlying donor not named in filing
Tides Foundation,510198509,IfNotNow,41000,2022,Dec. 2022,"EQUITY, HUMAN RIGHTS, AND ECONOMIC EMPOWERMENT",IRS Form 990 Schedule I (via ProPublica e-file render),https://projects.propublica.org/nonprofits/organizations/510198509/202400469349300305/full,documented (grantor filing),Grants by a donor-advised-fund sponsor; underlying donor not named in filing
Tides Foundation,510198509,IfNotNow,207000,2023,Dec. 2023,"EQUITY, HUMAN RIGHTS, AND ECONOMIC EMPOWERMENT",IRS Form 990 Schedule I (via ProPublica e-file render),https://projects.propublica.org/nonprofits/organizations/510198509/202412739349300401/full,documented (grantor filing),Grants by a donor-advised-fund sponsor; underlying donor not named in filing
Tides Foundation,510198509,IfNotNow,32000,2024,Dec. 2024,HEALTHY INDIVIDUALS AND COMMUNITIES,IRS Form 990 Schedule I (via ProPublica e-file render),https://projects.propublica.org/nonprofits/organizations/510198509/202523189349301347/full,documented (grantor filing),Grants by a donor-advised-fund sponsor; underlying donor not named in filing
Tides Foundation,510198509,Indivisible Civics,20000,2020,Dec. 2020,HEALTHY INDIVIDUALS AND COMMUNITIES,IRS Form 990 Schedule I (via ProPublica e-file render),https://projects.propublica.org/nonprofits/organizations/510198509/202133149349300708/full,documented (grantor filing),Grants by a donor-advised-fund sponsor; underlying donor not named in filing
Tides Foundation,510198509,Indivisible Civics,20000,2021,Dec. 2021,HEALTHY INDIVIDUALS AND COMMUNITIES,IRS Form 990 Schedule I (via ProPublica e-file render),https://projects.propublica.org/nonprofits/organizations/510198509/202233189349313898/full,documented (grantor filing),Grants by a donor-advised-fund sponsor; underlying donor not named in filing
Tides Foundation,510198509,Indivisible Civics,20000,2022,Dec. 2022,HEALTHY INDIVIDUALS AND COMMUNITIES,IRS Form 990 Schedule I (via ProPublica e-file render),https://projects.propublica.org/nonprofits/organizations/510198509/202400469349300305/full,documented (grantor filing),Grants by a donor-advised-fund sponsor; underlying donor not named in filing
Tides Foundation,510198509,Indivisible Civics,20000,2023,Dec. 2023,HEALTHY INDIVIDUALS AND COMMUNITIES,IRS Form 990 Schedule I (via ProPublica e-file render),https://projects.propublica.org/nonprofits/organizations/510198509/202412739349300401/full,documented (grantor filing),Grants by a donor-advised-fund sponsor; underlying donor not named in filing
Tides Foundation,510198509,Indivisible Civics,20000,2024,Dec. 2024,HEALTHY INDIVIDUALS AND COMMUNITIES,IRS Form 990 Schedule I (via ProPublica e-file render),https://projects.propublica.org/nonprofits/organizations/510198509/202523189349301347/full,documented (grantor filing),Grants by a donor-advised-fund sponsor; underlying donor not named in filing
Tides Foundation,510198509,Indivisible Project,50000,2019,Dec. 2019,PROJECT SUPPORT,IRS Form 990 Schedule I (via ProPublica e-file render),https://projects.propublica.org/nonprofits/organizations/510198509/202043149349304239/full,documented (grantor filing),Grants by a donor-advised-fund sponsor; underlying donor not named in filing
Tides Foundation,510198509,Indivisible Project,230000,2020,Dec. 2020,"EQUALITY, HUMAN RIGHTS, AND ECONOMIC EMPOWERMENT",IRS Form 990 Schedule I (via ProPublica e-file render),https://projects.propublica.org/nonprofits/organizations/510198509/202133149349300708/full,documented (grantor filing),Grants by a donor-advised-fund sponsor; underlying donor not named in filing
Tides Foundation,510198509,Indivisible Project,145000,2022,Dec. 2022,HEALTHY INDIVIDUALS AND COMMUNITIES,IRS Form 990 Schedule I (via ProPublica e-file render),https://projects.propublica.org/nonprofits/organizations/510198509/202400469349300305/full,documented (grantor filing),Grants by a donor-advised-fund sponsor; underlying donor not named in filing
Tides Foundation,510198509,Indivisible Project,100000,2023,Dec. 2023,"EQUITY, HUMAN RIGHTS, AND ECONOMIC EMPOWERMENT",IRS Form 990 Schedule I (via ProPublica e-file render),https://projects.propublica.org/nonprofits/organizations/510198509/202412739349300401/full,documented (grantor filing),Grants by a donor-advised-fund sponsor; underlying donor not named in filing
Tides Foundation,510198509,Indivisible Project,150000,2024,Dec. 2024,"EQUITY, HUMAN RIGHTS, AND ECONOMIC EMPOWERMENT",IRS Form 990 Schedule I (via ProPublica e-file render),https://projects.propublica.org/nonprofits/organizations/510198509/202523189349301347/full,documented (grantor filing),Grants by a donor-advised-fund sponsor; underlying donor not named in filing
Tides Foundation,510198509,Jewish Voice for Peace (c3),75500,2019,Dec. 2019,PROJECT SUPPORT,IRS Form 990 Schedule I (via ProPublica e-file render),https://projects.propublica.org/nonprofits/organizations/510198509/202043149349304239/full,documented (grantor filing),Grants by a donor-advised-fund sponsor; underlying donor not named in filing
Tides Foundation,510198509,Jewish Voice for Peace (c3),61000,2022,Dec. 2022,HEALTHY INDIVIDUALS AND COMMUNITIES,IRS Form 990 Schedule I (via ProPublica e-file render),https://projects.propublica.org/nonprofits/organizations/510198509/202400469349300305/full,documented (grantor filing),Grants by a donor-advised-fund sponsor; underlying donor not named in filing
Tides Foundation,510198509,Jewish Voice for Peace (c3),76000,2023,Dec. 2023,HEALTHY INDIVIDUALS AND COMMUNITIES,IRS Form 990 Schedule I (via ProPublica e-file render),https://projects.propublica.org/nonprofits/organizations/510198509/202412739349300401/full,documented (grantor filing),Grants by a donor-advised-fund sponsor; underlying donor not named in filing
Tides Foundation,510198509,Jewish Voice for Peace (c3),36000,2024,Dec. 2024,HEALTHY INDIVIDUALS AND COMMUNITIES,IRS Form 990 Schedule I (via ProPublica e-file render),https://projects.propublica.org/nonprofits/organizations/510198509/202523189349301347/full,documented (grantor filing),Grants by a donor-advised-fund sponsor; underlying donor not named in filing
Tides Foundation,510198509,Justice and Education Fund,50000,2019,Dec. 2019,PROJECT SUPPORT,IRS Form 990 Schedule I (via ProPublica e-file render),https://projects.propublica.org/nonprofits/organizations/510198509/202043149349304239/full,documented (grantor filing),Grants by a donor-advised-fund sponsor; underlying donor not named in filing
Tides Foundation,510198509,Justice and Education Fund,50000,2020,Dec. 2020,"EQUALITY, HUMAN RIGHTS, AND ECONOMIC EMPOWERMENT",IRS Form 990 Schedule I (via ProPublica e-file render),https://projects.propublica.org/nonprofits/organizations/510198509/202133149349300708/full,documented (grantor filing),Grants by a donor-advised-fund sponsor; underlying donor not named in filing
Tides Foundation,510198509,Mijente,30000,2019,Dec. 2019,PROJECT SUPPORT,IRS Form 990 Schedule I (via ProPublica e-file render),https://projects.propublica.org/nonprofits/organizations/510198509/202043149349304239/full,documented (grantor filing),Grants by a donor-advised-fund sponsor; underlying donor not named in filing
Tides Foundation,510198509,Mijente,175000,2020,Dec. 2020,"EQUALITY, HUMAN RIGHTS, AND ECONOMIC EMPOWERMENT; HEALTHY INDIVIDUALS AND COMMUNITIES",IRS Form 990 Schedule I (via ProPublica e-file render),https://projects.propublica.org/nonprofits/organizations/510198509/202133149349300708/full,documented (grantor filing),Grants by a donor-advised-fund sponsor; underlying donor not named in filing
Tides Foundation,510198509,Mijente,75000,2021,Dec. 2021,HEALTHY INDIVIDUALS AND COMMUNITIES,IRS Form 990 Schedule I (via ProPublica e-file render),https://projects.propublica.org/nonprofits/organizations/510198509/202233189349313898/full,documented (grantor filing),Grants by a donor-advised-fund sponsor; underlying donor not named in filing
Tides Foundation,510198509,Mijente,600000,2022,Dec. 2022,HEALTHY INDIVIDUALS AND COMMUNITIES,IRS Form 990 Schedule I (via ProPublica e-file render),https://projects.propublica.org/nonprofits/organizations/510198509/202400469349300305/full,documented (grantor filing),Grants by a donor-advised-fund sponsor; underlying donor not named in filing
Tides Foundation,510198509,Mijente,200000,2023,Dec. 2023,"EQUITY, HUMAN RIGHTS, AND ECONOMIC EMPOWERMENT",IRS Form 990 Schedule I (via ProPublica e-file render),https://projects.propublica.org/nonprofits/organizations/510198509/202412739349300401/full,documented (grantor filing),Grants by a donor-advised-fund sponsor; underlying donor not named in filing
Tides Foundation,510198509,Mijente,150000,2024,Dec. 2024,"EQUITY, HUMAN RIGHTS, AND ECONOMIC EMPOWERMENT",IRS Form 990 Schedule I (via ProPublica e-file render),https://projects.propublica.org/nonprofits/organizations/510198509/202523189349301347/full,documented (grantor filing),Grants by a donor-advised-fund sponsor; underlying donor not named in filing
Tides Foundation,510198509,MoveOn Education Fund,58150,2019,Dec. 2019,PROJECT SUPPORT,IRS Form 990 Schedule I (via ProPublica e-file render),https://projects.propublica.org/nonprofits/organizations/510198509/202043149349304239/full,documented (grantor filing),Grants by a donor-advised-fund sponsor; underlying donor not named in filing
Tides Foundation,510198509,MoveOn Education Fund,700000,2022,Dec. 2022,HEALTHY INDIVIDUALS AND COMMUNITIES,IRS Form 990 Schedule I (via ProPublica e-file render),https://projects.propublica.org/nonprofits/organizations/510198509/202400469349300305/full,documented (grantor filing),Grants by a donor-advised-fund sponsor; underlying donor not named in filing
Tides Foundation,510198509,MoveOn.org Civic Action,185000,2020,Dec. 2020,HEALTHY INDIVIDUALS AND COMMUNITIES,IRS Form 990 Schedule I (via ProPublica e-file render),https://projects.propublica.org/nonprofits/organizations/510198509/202133149349300708/full,documented (grantor filing),Grants by a donor-advised-fund sponsor; underlying donor not named in filing
Tides Foundation,510198509,MoveOn.org Civic Action,50000,2021,Dec. 2021,HEALTHY INDIVIDUALS AND COMMUNITIES,IRS Form 990 Schedule I (via ProPublica e-file render),https://projects.propublica.org/nonprofits/organizations/510198509/202233189349313898/full,documented (grantor filing),Grants by a donor-advised-fund sponsor; underlying donor not named in filing
Tides Foundation,510198509,MoveOn.org Civic Action,150000,2023,Dec. 2023,HEALTHY INDIVIDUALS AND COMMUNITIES,IRS Form 990 Schedule I (via ProPublica e-file render),https://projects.propublica.org/nonprofits/organizations/510198509/202412739349300401/full,documented (grantor filing),Grants by a donor-advised-fund sponsor; underlying donor not named in filing
Tides Foundation,510198509,MoveOn.org Civic Action,310000,2024,Dec. 2024,HEALTHY INDIVIDUALS AND COMMUNITIES,IRS Form 990 Schedule I (via ProPublica e-file render),https://projects.propublica.org/nonprofits/organizations/510198509/202523189349301347/full,documented (grantor filing),Grants by a donor-advised-fund sponsor; underlying donor not named in filing
Tides Foundation,510198509,Public Citizen,200000,2019,Dec. 2019,PROJECT SUPPORT,IRS Form 990 Schedule I (via ProPublica e-file render),https://projects.propublica.org/nonprofits/organizations/510198509/202043149349304239/full,documented (grantor filing),Grants by a donor-advised-fund sponsor; underlying donor not named in filing
Tides Foundation,510198509,Public Citizen,2270000,2020,Dec. 2020,HEALTHY INDIVIDUALS AND COMMUNITIES,IRS Form 990 Schedule I (via ProPublica e-file render),https://projects.propublica.org/nonprofits/organizations/510198509/202133149349300708/full,documented (grantor filing),Grants by a donor-advised-fund sponsor; underlying donor not named in filing
Tides Foundation,510198509,Public Citizen,1080000,2021,Dec. 2021,HEALTHY INDIVIDUALS AND COMMUNITIES,IRS Form 990 Schedule I (via ProPublica e-file render),https://projects.propublica.org/nonprofits/organizations/510198509/202233189349313898/full,documented (grantor filing),Grants by a donor-advised-fund sponsor; underlying donor not named in filing
Tides Foundation,510198509,Public Citizen,170000,2022,Dec. 2022,HEALTHY INDIVIDUALS AND COMMUNITIES,IRS Form 990 Schedule I (via ProPublica e-file render),https://projects.propublica.org/nonprofits/organizations/510198509/202400469349300305/full,documented (grantor filing),Grants by a donor-advised-fund sponsor; underlying donor not named in filing
Tides Foundation,510198509,Public Citizen,175000,2023,Dec. 2023,HEALTHY INDIVIDUALS AND COMMUNITIES,IRS Form 990 Schedule I (via ProPublica e-file render),https://projects.propublica.org/nonprofits/organizations/510198509/202412739349300401/full,documented (grantor filing),Grants by a donor-advised-fund sponsor; underlying donor not named in filing
Tides Foundation,510198509,Public Citizen,790000,2024,Dec. 2024,HEALTHY INDIVIDUALS AND COMMUNITIES,IRS Form 990 Schedule I (via ProPublica e-file render),https://projects.propublica.org/nonprofits/organizations/510198509/202523189349301347/full,documented (grantor filing),Grants by a donor-advised-fund sponsor; underlying donor not named in filing
Tides Foundation,510198509,Sixteen Thirty Fund,162000,2023,Dec. 2023,"EQUITY, HUMAN RIGHTS, AND ECONOMIC EMPOWERMENT",IRS Form 990 Schedule I (via ProPublica e-file render),https://projects.propublica.org/nonprofits/organizations/510198509/202412739349300401/full,documented (grantor filing),Grants by a donor-advised-fund sponsor; underlying donor not named in filing
Tides Foundation,510198509,Sixteen Thirty Fund,650000,2024,Dec. 2024,"EQUITY, HUMAN RIGHTS, AND ECONOMIC EMPOWERMENT",IRS Form 990 Schedule I (via ProPublica e-file render),https://projects.propublica.org/nonprofits/organizations/510198509/202523189349301347/full,documented (grantor filing),Grants by a donor-advised-fund sponsor; underlying donor not named in filing
Tides Foundation,510198509,Sunrise Movement Education Fund,365000,2020,Dec. 2020,SUSTAINABLE ENVIRONMENT,IRS Form 990 Schedule I (via ProPublica e-file render),https://projects.propublica.org/nonprofits/organizations/510198509/202133149349300708/full,documented (grantor filing),Grants by a donor-advised-fund sponsor; underlying donor not named in filing
Tides Foundation,510198509,Sunrise Movement Education Fund,10000,2021,Dec. 2021,SUSTAINABLE ENVIRONMENT,IRS Form 990 Schedule I (via ProPublica e-file render),https://projects.propublica.org/nonprofits/organizations/510198509/202233189349313898/full,documented (grantor filing),Grants by a donor-advised-fund sponsor; underlying donor not named in filing
Tides Foundation,510198509,Sunrise Movement Education Fund,355000,2022,Dec. 2022,SUSTAINABLE ENVIRONMENT,IRS Form 990 Schedule I (via ProPublica e-file render),https://projects.propublica.org/nonprofits/organizations/510198509/202400469349300305/full,documented (grantor filing),Grants by a donor-advised-fund sponsor; underlying donor not named in filing
Tides Foundation,510198509,Sunrise Movement Education Fund,10000,2023,Dec. 2023,SUSTAINABLE ENVIRONMENT,IRS Form 990 Schedule I (via ProPublica e-file render),https://projects.propublica.org/nonprofits/organizations/510198509/202412739349300401/full,documented (grantor filing),Grants by a donor-advised-fund sponsor; underlying donor not named in filing
Tides Foundation,510198509,Sunrise Movement Education Fund,26000,2024,Dec. 2024,SUSTAINABLE ENVIRONMENT,IRS Form 990 Schedule I (via ProPublica e-file render),https://projects.propublica.org/nonprofits/organizations/510198509/202523189349301347/full,documented (grantor filing),Grants by a donor-advised-fund sponsor; underlying donor not named in filing
Tides Foundation,510198509,United We Dream (+Action),572500,2020,Dec. 2020,"EQUALITY, HUMAN RIGHTS, AND ECONOMIC EMPOWERMENT",IRS Form 990 Schedule I (via ProPublica e-file render),https://projects.propublica.org/nonprofits/organizations/510198509/202133149349300708/full,documented (grantor filing),Grants by a donor-advised-fund sponsor; underlying donor not named in filing
Tides Foundation,510198509,United We Dream (+Action),530500,2021,Dec. 2021,"EQUITY, HUMAN RIGHTS, AND ECONOMIC EMPOWERMENT; HEALTHY INDIVIDUALS AND COMMUNITIES",IRS Form 990 Schedule I (via ProPublica e-file render),https://projects.propublica.org/nonprofits/organizations/510198509/202233189349313898/full,documented (grantor filing),Grants by a donor-advised-fund sponsor; underlying donor not named in filing
Tides Foundation,510198509,United We Dream (+Action),480000,2022,Dec. 2022,HEALTHY INDIVIDUALS AND COMMUNITIES,IRS Form 990 Schedule I (via ProPublica e-file render),https://projects.propublica.org/nonprofits/organizations/510198509/202400469349300305/full,documented (grantor filing),Grants by a donor-advised-fund sponsor; underlying donor not named in filing
Tides Foundation,510198509,United We Dream (+Action),70000,2024,Dec. 2024,HEALTHY INDIVIDUALS AND COMMUNITIES,IRS Form 990 Schedule I (via ProPublica e-file render),https://projects.propublica.org/nonprofits/organizations/510198509/202523189349301347/full,documented (grantor filing),Grants by a donor-advised-fund sponsor; underlying donor not named in filing
Tides Foundation,510198509,WESPAC Foundation,97000,2022,Dec. 2022,HEALTHY INDIVIDUALS AND COMMUNITIES,IRS Form 990 Schedule I (via ProPublica e-file render),https://projects.propublica.org/nonprofits/organizations/510198509/202400469349300305/full,documented (grantor filing),Grants by a donor-advised-fund sponsor; underlying donor not named in filing
Tides Foundation,510198509,WESPAC Foundation,50000,2024,Dec. 2024,"EQUITY, HUMAN RIGHTS, AND ECONOMIC EMPOWERMENT",IRS Form 990 Schedule I (via ProPublica e-file render),https://projects.propublica.org/nonprofits/organizations/510198509/202523189349301347/full,documented (grantor filing),Grants by a donor-advised-fund sponsor; underlying donor not named in filing
Tides Foundation,510198509,Women's March (various entities),50000,2022,Dec. 2022,"EQUITY, HUMAN RIGHTS, AND ECONOMIC EMPOWERMENT",IRS Form 990 Schedule I (via ProPublica e-file render),https://projects.propublica.org/nonprofits/organizations/510198509/202400469349300305/full,documented (grantor filing),Grants by a donor-advised-fund sponsor; underlying donor not named in filing
Tides Foundation,510198509,Women's March (various entities),6410,2024,Dec. 2024,"EQUITY, HUMAN RIGHTS, AND ECONOMIC EMPOWERMENT",IRS Form 990 Schedule I (via ProPublica e-file render),https://projects.propublica.org/nonprofits/organizations/510198509/202523189349301347/full,documented (grantor filing),Grants by a donor-advised-fund sponsor; underlying donor not named in filing
Tides Foundation,510198509,Working Families Organization,4488120,2019,Dec. 2019,PROJECT SUPPORT,IRS Form 990 Schedule I (via ProPublica e-file render),https://projects.propublica.org/nonprofits/organizations/510198509/202043149349304239/full,documented (grantor filing),Grants by a donor-advised-fund sponsor; underlying donor not named in filing
Tides Foundation,510198509,Working Families Organization,10500400,2020,Dec. 2020,"EQUALITY, HUMAN RIGHTS, AND ECONOMIC EMPOWERMENT",IRS Form 990 Schedule I (via ProPublica e-file render),https://projects.propublica.org/nonprofits/organizations/510198509/202133149349300708/full,documented (grantor filing),Grants by a donor-advised-fund sponsor; underlying donor not named in filing
Tides Foundation,510198509,Working Families Organization,16425591,2021,Dec. 2021,"EQUITY, HUMAN RIGHTS, AND ECONOMIC EMPOWERMENT",IRS Form 990 Schedule I (via ProPublica e-file render),https://projects.propublica.org/nonprofits/organizations/510198509/202233189349313898/full,documented (grantor filing),Grants by a donor-advised-fund sponsor; underlying donor not named in filing
Tides Foundation,510198509,Working Families Organization,25453285,2022,Dec. 2022,"EQUITY, HUMAN RIGHTS, AND ECONOMIC EMPOWERMENT",IRS Form 990 Schedule I (via ProPublica e-file render),https://projects.propublica.org/nonprofits/organizations/510198509/202400469349300305/full,documented (grantor filing),Grants by a donor-advised-fund sponsor; underlying donor not named in filing
Tides Foundation,510198509,Working Families Organization,4555657,2023,Dec. 2023,"EQUITY, HUMAN RIGHTS, AND ECONOMIC EMPOWERMENT",IRS Form 990 Schedule I (via ProPublica e-file render),https://projects.propublica.org/nonprofits/organizations/510198509/202412739349300401/full,documented (grantor filing),Grants by a donor-advised-fund sponsor; underlying donor not named in filing
Tides Foundation,510198509,Working Families Organization,3254209,2024,Dec. 2024,"EQUITY, HUMAN RIGHTS, AND ECONOMIC EMPOWERMENT",IRS Form 990 Schedule I (via ProPublica e-file render),https://projects.propublica.org/nonprofits/organizations/510198509/202523189349301347/full,documented (grantor filing),Grants by a donor-advised-fund sponsor; underlying donor not named in filing
United Community Fund,371913339,The People's Forum,3015000,2019,Sept. 2019,GENERAL SUPPORT,IRS Form 990 Schedule I (via ProPublica e-file render),https://projects.propublica.org/nonprofits/organizations/371913339/202002309349300500/full,documented (grantor filing),
United Community Fund,371913339,Tricontinental,700000,2019,Sept. 2019,OPERATING COSTS,IRS Form 990 Schedule I (via ProPublica e-file render),https://projects.propublica.org/nonprofits/organizations/371913339/202002309349300500/full,documented (grantor filing),
WESPAC Foundation,133109400,Progress Unity Fund,62000,2024,Aug. 2024,"National March on Washington, DC",IRS Form 990 Schedule I (via ProPublica e-file render),https://projects.propublica.org/nonprofits/organizations/133109400/202501919349300940/full,documented (grantor filing),
Wallace Global Fund II,800424607,Center for Popular Democracy (+Action),100000,2019,Dec. 2019,SUPPORT TO PROTECT AND EXPAND DEMOCRATIC SYSTEMS,IRS Form 990 990-PF Part XV (via ProPublica e-file render),https://projects.propublica.org/nonprofits/organizations/800424607/202023189349100432/full,documented (grantor filing),
Wallace Global Fund II,800424607,Center for Popular Democracy (+Action),100000,2020,Dec. 2020,SUPPORT TO PROTECT AND EXPAND DEMOCRATIC SYSTEMS,IRS Form 990 990-PF Part XV (via ProPublica e-file render),https://projects.propublica.org/nonprofits/organizations/800424607/202143149349101359/full,documented (grantor filing),
Wallace Global Fund II,800424607,Center for Popular Democracy (+Action),100000,2021,Dec. 2021,SUPPORT TO PROTECT AND EXPAND DEMOCRATIC SYSTEMS,IRS Form 990 990-PF Part XV (via ProPublica e-file render),https://projects.propublica.org/nonprofits/organizations/800424607/202213149349103256/full,documented (grantor filing),
Wallace Global Fund II,800424607,Center for Popular Democracy (+Action),100000,2022,Dec. 2022,SUPPORT TO PROTECT AND EXPAND DEMOCRATIC SYSTEMS,IRS Form 990 990-PF Part XV (via ProPublica e-file render),https://projects.propublica.org/nonprofits/organizations/800424607/202343139349101549/full,documented (grantor filing),
Wallace Global Fund II,800424607,Center for Popular Democracy (+Action),100000,2023,Dec. 2023,SUPPORT TO PROTECT AND EXPAND DEMOCRATIC SYSTEMS,IRS Form 990 990-PF Part XV (via ProPublica e-file render),https://projects.propublica.org/nonprofits/organizations/800424607/202423209349105822/full,documented (grantor filing),
Wallace Global Fund II,800424607,Center for Popular Democracy (+Action),100000,2024,Dec. 2024,SUPPORT TO PROTECT AND EXPAND DEMOCRATIC SYSTEMS,IRS Form 990 990-PF Part XV (via ProPublica e-file render),https://projects.propublica.org/nonprofits/organizations/800424607/202543219349104254/full,documented (grantor filing),
Wallace Global Fund II,800424607,Common Counsel Foundation,25000,2019,Dec. 2019,SUPPORT FOR WORK ON GOVERNMENT AND CORPORATE ACCOUNTABILITY,IRS Form 990 990-PF Part XV (via ProPublica e-file render),https://projects.propublica.org/nonprofits/organizations/800424607/202023189349100432/full,documented (grantor filing),
Wallace Global Fund II,800424607,Common Counsel Foundation,100000,2022,Dec. 2022,SUPPORT FOR MOVEMENT FOR BLACK LIVES,IRS Form 990 990-PF Part XV (via ProPublica e-file render),https://projects.propublica.org/nonprofits/organizations/800424607/202343139349101549/full,documented (grantor filing),
Wallace Global Fund II,800424607,Common Counsel Foundation,100000,2024,Dec. 2024,SUPPORT TO PROTECT AND EXPAND DEMOCRATIC SYSTEMS,IRS Form 990 990-PF Part XV (via ProPublica e-file render),https://projects.propublica.org/nonprofits/organizations/800424607/202543219349104254/full,documented (grantor filing),
Wallace Global Fund II,800424607,Indivisible Civics,60000,2019,Dec. 2019,SUPPORT TO PROTECT AND EXPAND DEMOCRATIC SYSTEMS,IRS Form 990 990-PF Part XV (via ProPublica e-file render),https://projects.propublica.org/nonprofits/organizations/800424607/202023189349100432/full,documented (grantor filing),
Wallace Global Fund II,800424607,Indivisible Civics,100000,2020,Dec. 2020,SUPPORT TO PROTECT AND EXPAND DEMOCRATIC SYSTEMS,IRS Form 990 990-PF Part XV (via ProPublica e-file render),https://projects.propublica.org/nonprofits/organizations/800424607/202143149349101359/full,documented (grantor filing),
Wallace Global Fund II,800424607,Indivisible Civics,70000,2021,Dec. 2021,SUPPORT TO PROTECT AND EXPAND DEMOCRATIC SYSTEMS,IRS Form 990 990-PF Part XV (via ProPublica e-file render),https://projects.propublica.org/nonprofits/organizations/800424607/202213149349103256/full,documented (grantor filing),
Wallace Global Fund II,800424607,Indivisible Civics,100000,2022,Dec. 2022,SUPPORT TO PROTECT AND EXPAND DEMOCRATIC SYSTEMS,IRS Form 990 990-PF Part XV (via ProPublica e-file render),https://projects.propublica.org/nonprofits/organizations/800424607/202343139349101549/full,documented (grantor filing),
Wallace Global Fund II,800424607,Indivisible Civics,100000,2023,Dec. 2023,SUPPORT TO PROTECT AND EXPAND DEMOCRATIC SYSTEMS,IRS Form 990 990-PF Part XV (via ProPublica e-file render),https://projects.propublica.org/nonprofits/organizations/800424607/202423209349105822/full,documented (grantor filing),
Wallace Global Fund II,800424607,Indivisible Civics,100000,2024,Dec. 2024,SUPPORT TO PROTECT AND EXPAND DEMOCRATIC SYSTEMS,IRS Form 990 990-PF Part XV (via ProPublica e-file render),https://projects.propublica.org/nonprofits/organizations/800424607/202543219349104254/full,documented (grantor filing),
Wallace Global Fund II,800424607,Movement 4 Black Lives Inc,100000,2022,Dec. 2022,GENERAL SUPPORT,IRS Form 990 990-PF Part XV (via ProPublica e-file render),https://projects.propublica.org/nonprofits/organizations/800424607/202343139349101549/full,documented (grantor filing),
Wallace Global Fund II,800424607,Public Citizen,300000,2019,Dec. 2019,SUPPORT FOR WORK ON GOVERNMENT AND CORPORATE ACCOUNTABILITY-GLOBAL TRADE WATCH; SUPPORT FOR DEMOCRACY PROGRAM; SUPPORT TO PROTECT AND EXPAND DEMOCRATIC SYSTEMS,IRS Form 990 990-PF Part XV (via ProPublica e-file render),https://projects.propublica.org/nonprofits/organizations/800424607/202023189349100432/full,documented (grantor filing),
Wallace Global Fund II,800424607,Public Citizen,285000,2020,Dec. 2020,SUPPORT TO PROTECT AND EXPAND DEMOCRATIC SYSTEMS; SUPPORT FOR WORK ON GOVERNMENT AND CORPORATE ACCOUNTABILITY- GLOBAL TRADE WATCH,IRS Form 990 990-PF Part XV (via ProPublica e-file render),https://projects.propublica.org/nonprofits/organizations/800424607/202143149349101359/full,documented (grantor filing),
Wallace Global Fund II,800424607,Public Citizen,200000,2021,Dec. 2021,SUPPORT FOR WORK ON GOVERNMENT AND CORPORATE ACCOUNTABILITY,IRS Form 990 990-PF Part XV (via ProPublica e-file render),https://projects.propublica.org/nonprofits/organizations/800424607/202213149349103256/full,documented (grantor filing),
Wallace Global Fund II,800424607,Public Citizen,250000,2022,Dec. 2022,SUPPORT FOR WORK ON GOVERNMENT AND CORPORATE ACCOUNTABIITY; SUPPORT FOR WORK ON GOVERNMENT AND CORPORATE ACCOUNTABIITY - GLOBAL TRADE WATCH,IRS Form 990 990-PF Part XV (via ProPublica e-file render),https://projects.propublica.org/nonprofits/organizations/800424607/202343139349101549/full,documented (grantor filing),
Wallace Global Fund II,800424607,Public Citizen,225000,2023,Dec. 2023,SUPPORT TO PROTECT AND EXPAND DEMOCRATIC SYSTEMS,IRS Form 990 990-PF Part XV (via ProPublica e-file render),https://projects.propublica.org/nonprofits/organizations/800424607/202423209349105822/full,documented (grantor filing),
Wallace Global Fund II,800424607,Public Citizen,100000,2024,Dec. 2024,SUPPORT TO PROTECT AND EXPAND DEMOCRATIC SYSTEMS,IRS Form 990 990-PF Part XV (via ProPublica e-file render),https://projects.propublica.org/nonprofits/organizations/800424607/202543219349104254/full,documented (grantor filing),
Wallace Global Fund II,800424607,Sunrise Movement Education Fund,250000,2019,Dec. 2019,SUPPORT FOR CLIMATE MOVEMENT BUILDING WORK,IRS Form 990 990-PF Part XV (via ProPublica e-file render),https://projects.propublica.org/nonprofits/organizations/800424607/202023189349100432/full,documented (grantor filing),
Wallace Global Fund II,800424607,Sunrise Movement Education Fund,200000,2020,Dec. 2020,SUPPORT FOR CLIMATE MOVEMENT BUILDING WORK,IRS Form 990 990-PF Part XV (via ProPublica e-file render),https://projects.propublica.org/nonprofits/organizations/800424607/202143149349101359/full,documented (grantor filing),
Wallace Global Fund II,800424607,Sunrise Movement Education Fund,100000,2022,Dec. 2022,SUPPORT FOR CLIMATE MOVEMENT BUILDING WORK,IRS Form 990 990-PF Part XV (via ProPublica e-file render),https://projects.propublica.org/nonprofits/organizations/800424607/202343139349101549/full,documented (grantor filing),
Wallace Global Fund II,800424607,Sunrise Movement Education Fund,150000,2023,Dec. 2023,SUPPORT FOR CLIMATE MOVEMENT BUILDING WORK,IRS Form 990 990-PF Part XV (via ProPublica e-file render),https://projects.propublica.org/nonprofits/organizations/800424607/202423209349105822/full,documented (grantor filing),
Wallace Global Fund II,800424607,Sunrise Movement Education Fund,250000,2024,Dec. 2024,SUPPORT FOR CLIMATE MOVEMENT BUILDING WORK,IRS Form 990 990-PF Part XV (via ProPublica e-file render),https://projects.propublica.org/nonprofits/organizations/800424607/202543219349104254/full,documented (grantor filing),
Wallace Global Fund II,800424607,Women's March (various entities),25000,2020,Dec. 2020,"PROJECT SUPPORT TO ""MOBILIZE AND ASSEMBLE THE MOST IMPACTFUL ACTIONS TO DEFEND WOMEN'S HUMAN RIGHTS GLOBALLY""",IRS Form 990 990-PF Part XV (via ProPublica e-file render),https://projects.propublica.org/nonprofits/organizations/800424607/202143149349101359/full,documented (grantor filing),
Wallace Global Fund II,800424607,Women's March (various entities),50000,2022,Dec. 2022,SUPPORT FOR ADVANCING AND PROTECTING WOMEN'S HUMAN RIGHTS,IRS Form 990 990-PF Part XV (via ProPublica e-file render),https://projects.propublica.org/nonprofits/organizations/800424607/202343139349101549/full,documented (grantor filing),
Wallace Global Fund II,800424607,Women's March (various entities),50000,2023,Dec. 2023,SUPPORT FOR ADVANCING AND PROTECTING WOMEN'S HUMAN RIGHTS,IRS Form 990 990-PF Part XV (via ProPublica e-file render),https://projects.propublica.org/nonprofits/organizations/800424607/202423209349105822/full,documented (grantor filing),
Wallace Global Fund II,800424607,Women's March (various entities),50000,2024,Dec. 2024,SUPPORT FOR ADVANCING AND PROTECTING WOMEN'S HUMAN RIGHTS,IRS Form 990 990-PF Part XV (via ProPublica e-file render),https://projects.propublica.org/nonprofits/organizations/800424607/202543219349104254/full,documented (grantor filing),
Windward Fund,473522162,Center for Popular Democracy (+Action),60000,2020,Dec. 2020,ENVIRONMENTAL PROGRAMS,IRS Form 990 Schedule I (via ProPublica e-file render),https://projects.propublica.org/nonprofits/organizations/473522162/202143169349311234/full,documented (grantor filing),
Windward Fund,473522162,Sixteen Thirty Fund,500000,2020,Dec. 2020,ENVIRONMENTAL PROGRAMS,IRS Form 990 Schedule I (via ProPublica e-file render),https://projects.propublica.org/nonprofits/organizations/473522162/202143169349311234/full,documented (grantor filing),
Windward Fund,473522162,Sixteen Thirty Fund,500000,2021,Dec. 2021,ENVIRONMENTAL PROGRAMS,IRS Form 990 Schedule I (via ProPublica e-file render),https://projects.propublica.org/nonprofits/organizations/473522162/202203139349304570/full,documented (grantor filing),
Windward Fund,473522162,Sixteen Thirty Fund,500000,2023,Dec. 2023,ENVIRONMENTAL PROGRAMS,IRS Form 990 Schedule I (via ProPublica e-file render),https://projects.propublica.org/nonprofits/organizations/473522162/202423169349305292/full,documented (grantor filing),
Windward Fund,473522162,Sixteen Thirty Fund,1000000,2024,Dec. 2024,ENVIRONMENTAL PROGRAMS,IRS Form 990 Schedule I (via ProPublica e-file render),https://projects.propublica.org/nonprofits/organizations/473522162/202513159349305886/full,documented (grantor filing),
Windward Fund,473522162,Sunrise Movement Education Fund,310000,2020,Dec. 2020,ENVIRONMENTAL PROGRAMS,IRS Form 990 Schedule I (via ProPublica e-file render),https://projects.propublica.org/nonprofits/organizations/473522162/202143169349311234/full,documented (grantor filing),
Windward Fund,473522162,Sunrise Movement Education Fund,200000,2021,Dec. 2021,ENVIRONMENTAL PROGRAMS,IRS Form 990 Schedule I (via ProPublica e-file render),https://projects.propublica.org/nonprofits/organizations/473522162/202203139349304570/full,documented (grantor filing),
Windward Fund,473522162,Sunrise Movement Education Fund,100000,2023,Dec. 2023,ENVIRONMENTAL PROGRAMS,IRS Form 990 Schedule I (via ProPublica e-file render),https://projects.propublica.org/nonprofits/organizations/473522162/202423169349305292/full,documented (grantor filing),
Working Families Organization,204994004,Center for Popular Democracy (+Action),50000,2020,Dec. 2020,GNDN COORDINATING,IRS Form 990 Schedule I (via ProPublica e-file render),https://projects.propublica.org/nonprofits/organizations/204994004/202123199349313342/full,documented (grantor filing),
Working Families Organization,204994004,Common Counsel Foundation,146000,2021,Dec. 2021,M4BL FOR RISING MAJORITY FELLOWS,IRS Form 990 Schedule I (via ProPublica e-file render),https://projects.propublica.org/nonprofits/organizations/204994004/202300889349301105/full,documented (grantor filing),
Working Families Organization,204994004,Common Counsel Foundation,100000,2022,Dec. 2022,CONTRIBUTION-EXEC FOR: NATIVE VOICES RISING,IRS Form 990 Schedule I (via ProPublica e-file render),https://projects.propublica.org/nonprofits/organizations/204994004/202323199349310172/full,documented (grantor filing),
Working Families Organization,204994004,Common Counsel Foundation,25000,2023,Dec. 2023,CONTRIBUTION-EXEC FOR: NATIVE VOICES RISING,IRS Form 990 Schedule I (via ProPublica e-file render),https://projects.propublica.org/nonprofits/organizations/204994004/202443209349318689/full,documented (grantor filing),
Working Families Organization,204994004,Common Counsel Foundation,15000,2024,Dec. 2024,501(C)(3) GENERAL SUPPORT GRANT,IRS Form 990 Schedule I (via ProPublica e-file render),https://projects.propublica.org/nonprofits/organizations/204994004/202533219349306723/full,documented (grantor filing),
Working Families Organization,204994004,IfNotNow,30000,2024,Dec. 2024,501(C)(3) GENERAL SUPPORT GRANT,IRS Form 990 Schedule I (via ProPublica e-file render),https://projects.propublica.org/nonprofits/organizations/204994004/202533219349306723/full,documented (grantor filing),
Working Families Organization,204994004,Mijente,10000,2020,Dec. 2020,GENERAL SUPPORT CONTRIBUTION - SONG,IRS Form 990 Schedule I (via ProPublica e-file render),https://projects.propublica.org/nonprofits/organizations/204994004/202123199349313342/full,documented (grantor filing),
Working Families Organization,204994004,Mijente,40000,2022,Dec. 2022,CONTRIBUTION-EXEC.; CONTRIBUTION-UWU,IRS Form 990 Schedule I (via ProPublica e-file render),https://projects.propublica.org/nonprofits/organizations/204994004/202323199349310172/full,documented (grantor filing),
Working Families Organization,204994004,MoveOn.org Political Action,10000,2023,Dec. 2023,CONTRIBUTION-EXEC,IRS Form 990 Schedule I (via ProPublica e-file render),https://projects.propublica.org/nonprofits/organizations/204994004/202443209349318689/full,documented (grantor filing),
Working Families Organization,204994004,Women's March (various entities),10000,2024,Dec. 2024,501(C)(3) GENERAL SUPPORT GRANT,IRS Form 990 Schedule I (via ProPublica e-file render),https://projects.propublica.org/nonprofits/organizations/204994004/202533219349306723/full,documented (grantor filing),
Foundation to Promote Open Society (Open Society Foundations),,A Jewish Voice for Peace,300000,2017,,"to support the A Jewish Voice for Peace’s basebuilding project, which aims to strengthen data and communications systems for the organization and will increase the organization’s ability to deliver it",Open Society Foundations awarded-grants database (grant OR2017-35329; term 2 years),https://www.opensocietyfoundations.org/grants/past?filter_keyword=Jewish+Voice+for+Peace&grant_id=OR2017-35329,documented (funder database),May duplicate the same grant shown on OSF entity 990 Schedule I rows
Foundation to Promote Open Society (Open Society Foundations),,Common Counsel Foundation,15000000,2021,,"to support The Movement for Black Lives, a project of the Grantee that creates alternative solutions to harmful institutions, policies, and practices for all Black communities across the nation",Open Society Foundations awarded-grants database (grant OR2020-76047; term 5 years),https://www.opensocietyfoundations.org/grants/past?filter_keyword=Common+Counsel&grant_id=OR2020-76047,documented (funder database),May duplicate the same grant shown on OSF entity 990 Schedule I rows
Foundation to Promote Open Society (Open Society Foundations),,Jewish Voice for Peace,225000,2022,,to educate the public about movement building across the United States,Open Society Foundations awarded-grants database (grant OR2022-85879; term 18 months),https://www.opensocietyfoundations.org/grants/past?filter_keyword=Jewish+Voice+for+Peace&grant_id=OR2022-85879,documented (funder database),May duplicate the same grant shown on OSF entity 990 Schedule I rows
Foundation to Promote Open Society (Open Society Foundations),,"NEO Philanthropy, Inc.",3000000,2021,,"to support Blackbird, a project of the Grantee that provides communications, organizing, and policy support to the Movement for Black Lives",Open Society Foundations awarded-grants database (grant OR2020-76163; term 5 years),https://www.opensocietyfoundations.org/grants/past?filter_keyword=Blackbird&grant_id=OR2020-76163,documented (funder database),May duplicate the same grant shown on OSF entity 990 Schedule I rows
Fund for Policy Reform Inc. (Open Society Foundations),,Working Families Organization,500000,2016,,to provide general support,Open Society Foundations awarded-grants database (grant OR2016-30263; term 1 year),https://www.opensocietyfoundations.org/grants/past?filter_keyword=Working+Families&grant_id=OR2016-30263,documented (funder database),May duplicate the same grant shown on OSF entity 990 Schedule I rows
Fund for Policy Reform Inc. (Open Society Foundations),,Working Families Organization,1000000,2017,,to provide general operating support,Open Society Foundations awarded-grants database (grant OR2017-38831; term 1 year),https://www.opensocietyfoundations.org/grants/past?filter_keyword=Working+Families&grant_id=OR2017-38831,documented (funder database),May duplicate the same grant shown on OSF entity 990 Schedule I rows
Fund for Policy Reform Inc. (Open Society Foundations),,Working Families Organization,800000,2018,,to provide general operating support,Open Society Foundations awarded-grants database (grant OR2018-44841; term 1 year),https://www.opensocietyfoundations.org/grants/past?filter_keyword=Working+Families&grant_id=OR2018-44841,documented (funder database),May duplicate the same grant shown on OSF entity 990 Schedule I rows
Fund for Policy Reform Inc. (Open Society Foundations),,Working Families Organization,1000000,2019,,to provide general operating support,Open Society Foundations awarded-grants database (grant OR2019-61093; term 2 years),https://www.opensocietyfoundations.org/grants/past?filter_keyword=Working+Families&grant_id=OR2019-61093,documented (funder database),May duplicate the same grant shown on OSF entity 990 Schedule I rows
Open Society Action Fund (Open Society Foundations),,Indivisible Project,3000000,2023,,to support the grantee's social welfare activities,Open Society Foundations awarded-grants database (grant OR2023-89662; term 2 years),https://www.opensocietyfoundations.org/grants/past?filter_keyword=Indivisible&grant_id=OR2023-89662,documented (funder database),May duplicate the same grant shown on OSF entity 990 Schedule I rows
Open Society Action Fund (Open Society Foundations),,Jewish Voice for Peace Action Incorporated,300000,2023,,to support the Grantee's social welfare activities,Open Society Foundations awarded-grants database (grant OR2023-90011; term 3 years),https://www.opensocietyfoundations.org/grants/past?filter_keyword=Jewish+Voice+for+Peace&grant_id=OR2023-90011,documented (funder database),May duplicate the same grant shown on OSF entity 990 Schedule I rows
Open Society Action Fund (Open Society Foundations),,MoveOn.org Civic Action,1000000,2024,,to support non-partisan policy advocacy,Open Society Foundations awarded-grants database (grant OR2023-92110; term 15 months),https://www.opensocietyfoundations.org/grants/past?filter_keyword=MoveOn&grant_id=OR2023-92110,documented (funder database),May duplicate the same grant shown on OSF entity 990 Schedule I rows
Open Society Action Fund (Open Society Foundations),,Working Families Organization,1000000,2023,,to support policy advocacy on access to federal infrastructure funding,Open Society Foundations awarded-grants database (grant OR2023-90299; term 15 months),https://www.opensocietyfoundations.org/grants/past?filter_keyword=Working+Families&grant_id=OR2023-90299,documented (funder database),May duplicate the same grant shown on OSF entity 990 Schedule I rows
Open Society Action Fund (Open Society Foundations),,Working Families Organization,4150000,2023,,to support the grantee’s social welfare activities,Open Society Foundations awarded-grants database (grant OR2023-90277; term 2 years),https://www.opensocietyfoundations.org/grants/past?filter_keyword=Working+Families&grant_id=OR2023-90277,documented (funder database),May duplicate the same grant shown on OSF entity 990 Schedule I rows
Open Society Action Fund (Open Society Foundations),,Working Families Organization,165000,2024,,"to support Organized Power in Numbers, a project of the grantee, to expand their nonpartisan civic engagement",Open Society Foundations awarded-grants database (grant OR2024-95124; term 3 months),https://www.opensocietyfoundations.org/grants/past?filter_keyword=Working+Families&grant_id=OR2024-95124,documented (funder database),May duplicate the same grant shown on OSF entity 990 Schedule I rows
Open Society Action Fund (Open Society Foundations),,Working Families Organization,1500000,2024,,to support policy advocacy and nonpartisan civic engagement,Open Society Foundations awarded-grants database (grant OR2024-94796; term 4 months),https://www.opensocietyfoundations.org/grants/past?filter_keyword=Working+Families&grant_id=OR2024-94796,documented (funder database),May duplicate the same grant shown on OSF entity 990 Schedule I rows
Open Society Action Fund (Open Society Foundations),,Working Families Organization,500000,2024,,"to support the research, development, and free public dissemination of educational resources about improved labor relations practices and how these impact healthy civic engagement and the furthering o",Open Society Foundations awarded-grants database (grant OR2024-93943; term 1 year),https://www.opensocietyfoundations.org/grants/past?filter_keyword=Working+Families&grant_id=OR2024-93943,documented (funder database),May duplicate the same grant shown on OSF entity 990 Schedule I rows
Open Society Policy Center Inc. (Open Society Foundations),,Indivisible Project,500000,2018,,to provide organizational support,Open Society Foundations awarded-grants database (grant OR2018-45271; term 1 year),https://www.opensocietyfoundations.org/grants/past?filter_keyword=Indivisible&grant_id=OR2018-45271,documented (funder database),May duplicate the same grant shown on OSF entity 990 Schedule I rows
Open Society Policy Center Inc. (Open Society Foundations),,Indivisible Project,1750000,2019,,to provide organizational support,Open Society Foundations awarded-grants database (grant OR2019-60207; term 2 years),https://www.opensocietyfoundations.org/grants/past?filter_keyword=Indivisible&grant_id=OR2019-60207,documented (funder database),May duplicate the same grant shown on OSF entity 990 Schedule I rows
Open Society Policy Center Inc. (Open Society Foundations),,Indivisible Project,500000,2021,,to support policy advocacy related to democracy reform,Open Society Foundations awarded-grants database (grant OR2021-80861; term 7 months),https://www.opensocietyfoundations.org/grants/past?filter_keyword=Indivisible&grant_id=OR2021-80861,documented (funder database),May duplicate the same grant shown on OSF entity 990 Schedule I rows
Open Society Policy Center Inc. (Open Society Foundations),,Indivisible Project,375000,2021,,to support policy advocacy related to court and rules reforms,Open Society Foundations awarded-grants database (grant OR2021-83159; term 2 years),https://www.opensocietyfoundations.org/grants/past?filter_keyword=Indivisible&grant_id=OR2021-83159,documented (funder database),May duplicate the same grant shown on OSF entity 990 Schedule I rows
Open Society Policy Center Inc. (Open Society Foundations),,Indivisible Project,1135000,2022,,to support the grantee's social welfare activities,Open Society Foundations awarded-grants database (grant OR2022-86439; term 1 year),https://www.opensocietyfoundations.org/grants/past?filter_keyword=Indivisible&grant_id=OR2022-86439,documented (funder database),May duplicate the same grant shown on OSF entity 990 Schedule I rows
Open Society Policy Center Inc. (Open Society Foundations),,Jewish Voice for Peace Action Incorporated,200000,2019,,to support advocacy on U.S. policy on Israel/Palestine,Open Society Foundations awarded-grants database (grant OR2019-61426; term 18 months),https://www.opensocietyfoundations.org/grants/past?filter_keyword=Jewish+Voice+for+Peace&grant_id=OR2019-61426,documented (funder database),May duplicate the same grant shown on OSF entity 990 Schedule I rows
Open Society Policy Center Inc. (Open Society Foundations),,Jewish Voice for Peace Action Incorporated,150000,2021,,to support the grantee's social welfare activities,Open Society Foundations awarded-grants database (grant OR2021-81756; term 2 years),https://www.opensocietyfoundations.org/grants/past?filter_keyword=Jewish+Voice+for+Peace&grant_id=OR2021-81756,documented (funder database),May duplicate the same grant shown on OSF entity 990 Schedule I rows
Open Society Policy Center Inc. (Open Society Foundations),,MoveOn.org Civic Action,24995,2016,,To support policy advocacy on drug pricing,Open Society Foundations awarded-grants database (grant OR2016-31261; term 1 year),https://www.opensocietyfoundations.org/grants/past?filter_keyword=MoveOn&grant_id=OR2016-31261,documented (funder database),May duplicate the same grant shown on OSF entity 990 Schedule I rows
Open Society Policy Center Inc. (Open Society Foundations),,MoveOn.org Civic Action,50000,2018,,to support advocacy on executive nominations,Open Society Foundations awarded-grants database (grant OR2018-42612; term 1 month),https://www.opensocietyfoundations.org/grants/past?filter_keyword=MoveOn&grant_id=OR2018-42612,documented (funder database),May duplicate the same grant shown on OSF entity 990 Schedule I rows
Open Society Policy Center Inc. (Open Society Foundations),,MoveOn.org Civic Action,150000,2019,,to support policy advocacy on government accountability,Open Society Foundations awarded-grants database (grant OR2019-63384; term 6 months),https://www.opensocietyfoundations.org/grants/past?filter_keyword=MoveOn&grant_id=OR2019-63384,documented (funder database),May duplicate the same grant shown on OSF entity 990 Schedule I rows
Open Society Policy Center Inc. (Open Society Foundations),,MoveOn.org Civic Action,500000,2020,,to support policy advocacy on foreign policy,Open Society Foundations awarded-grants database (grant OR2020-69686; term 14 months),https://www.opensocietyfoundations.org/grants/past?filter_keyword=MoveOn&grant_id=OR2020-69686,documented (funder database),May duplicate the same grant shown on OSF entity 990 Schedule I rows
Open Society Policy Center Inc. (Open Society Foundations),,MoveOn.org Civic Action,250000,2021,,to support the social welfare activities of the grantee,Open Society Foundations awarded-grants database (grant OR2021-80950; term 1 year),https://www.opensocietyfoundations.org/grants/past?filter_keyword=MoveOn&grant_id=OR2021-80950,documented (funder database),May duplicate the same grant shown on OSF entity 990 Schedule I rows
Open Society Policy Center Inc. (Open Society Foundations),,MoveOn.org Civic Action,200000,2021,,to support policy advocacy on infrastructure and economic reforms,Open Society Foundations awarded-grants database (grant OR2021-83078; term 5 months),https://www.opensocietyfoundations.org/grants/past?filter_keyword=MoveOn&grant_id=OR2021-83078,documented (funder database),May duplicate the same grant shown on OSF entity 990 Schedule I rows
Open Society Policy Center Inc. (Open Society Foundations),,MoveOn.org Civic Action,250000,2022,,to support the grantee's social welfare activities,Open Society Foundations awarded-grants database (grant OR2022-86934; term 1 year),https://www.opensocietyfoundations.org/grants/past?filter_keyword=MoveOn&grant_id=OR2022-86934,documented (funder database),May duplicate the same grant shown on OSF entity 990 Schedule I rows
Open Society Policy Center Inc. (Open Society Foundations),,MoveOn.org Civic Action,1000000,2022,,to support policy advocacy on reproductive rights,Open Society Foundations awarded-grants database (grant OR2022-86712; term 9 months),https://www.opensocietyfoundations.org/grants/past?filter_keyword=MoveOn&grant_id=OR2022-86712,documented (funder database),May duplicate the same grant shown on OSF entity 990 Schedule I rows
Open Society Policy Center Inc. (Open Society Foundations),,Tides Advocacy,350000,2017,,to provide organizational support to The Indivisible Project,Open Society Foundations awarded-grants database (grant OR2017-37439; term 1 year),https://www.opensocietyfoundations.org/grants/past?filter_keyword=Indivisible&grant_id=OR2017-37439,documented (funder database),May duplicate the same grant shown on OSF entity 990 Schedule I rows
Open Society Policy Center Inc. (Open Society Foundations),,Working Families Organization,700000,2018,,to support policy advocacy on corporate accountability,Open Society Foundations awarded-grants database (grant OR2018-43812; term 1 year),https://www.opensocietyfoundations.org/grants/past?filter_keyword=Working+Families&grant_id=OR2018-43812,documented (funder database),May duplicate the same grant shown on OSF entity 990 Schedule I rows
Open Society Policy Center Inc. (Open Society Foundations),,Working Families Organization,300000,2018,,to support advocacy on fair workweek policies,Open Society Foundations awarded-grants database (grant OR2018-46106; term 2 years),https://www.opensocietyfoundations.org/grants/past?filter_keyword=Working+Families&grant_id=OR2018-46106,documented (funder database),May duplicate the same grant shown on OSF entity 990 Schedule I rows
Open Society Policy Center Inc. (Open Society Foundations),,Working Families Organization,500000,2018,,to support the recruitment and training of women candidates,Open Society Foundations awarded-grants database (grant OR2018-47110; term 2 years),https://www.opensocietyfoundations.org/grants/past?filter_keyword=Working+Families&grant_id=OR2018-47110,documented (funder database),May duplicate the same grant shown on OSF entity 990 Schedule I rows
Open Society Policy Center Inc. (Open Society Foundations),,Working Families Organization,1000000,2019,,to support advocacy on environmental policy,Open Society Foundations awarded-grants database (grant OR2019-62542; term 1 year),https://www.opensocietyfoundations.org/grants/past?filter_keyword=Working+Families&grant_id=OR2019-62542,documented (funder database),May duplicate the same grant shown on OSF entity 990 Schedule I rows
Open Society Policy Center Inc. (Open Society Foundations),,Working Families Organization,7000000,2020,,to organize unemployed and low wage workers and to mobilize new activists,Open Society Foundations awarded-grants database (grant OR2020-74966; term 2 years),https://www.opensocietyfoundations.org/grants/past?filter_keyword=Working+Families&grant_id=OR2020-74966,documented (funder database),May duplicate the same grant shown on OSF entity 990 Schedule I rows
Open Society Policy Center Inc. (Open Society Foundations),,Working Families Organization,2000000,2020,,to support nonpartisan policy advocacy on climate and economic justice,Open Society Foundations awarded-grants database (grant OR2020-71072; term 1 year),https://www.opensocietyfoundations.org/grants/past?filter_keyword=Working+Families&grant_id=OR2020-71072,documented (funder database),May duplicate the same grant shown on OSF entity 990 Schedule I rows
Open Society Policy Center Inc. (Open Society Foundations),,Working Families Organization,150000,2021,,"to support policy advocacy on climate change, the care economy, immigration, and related issues",Open Society Foundations awarded-grants database (grant OR2021-82317; term 1 year),https://www.opensocietyfoundations.org/grants/past?filter_keyword=Working+Families&grant_id=OR2021-82317,documented (funder database),May duplicate the same grant shown on OSF entity 990 Schedule I rows
Open Society Policy Center Inc. (Open Society Foundations),,Working Families Organization,750000,2021,,to support the grantee's non-partisan social welfare activities in Georgia,Open Society Foundations awarded-grants database (grant OR2020-77306; term 1 year),https://www.opensocietyfoundations.org/grants/past?filter_keyword=Working+Families&grant_id=OR2020-77306,documented (funder database),May duplicate the same grant shown on OSF entity 990 Schedule I rows
Open Society Policy Center Inc. (Open Society Foundations),,Working Families Organization,1000000,2021,,"to support policy advocacy on democracy reform and racial, economic, and climate justice",Open Society Foundations awarded-grants database (grant OR2021-80043; term 22 months),https://www.opensocietyfoundations.org/grants/past?filter_keyword=Working+Families&grant_id=OR2021-80043,documented (funder database),May duplicate the same grant shown on OSF entity 990 Schedule I rows
Open Society Policy Center Inc. (Open Society Foundations),,Working Families Organization,1850000,2022,,"to support nonpartisan policy advocacy on climate change, the care economy, immigration, and workers' rights",Open Society Foundations awarded-grants database (grant OR2022-86804; term 1 year),https://www.opensocietyfoundations.org/grants/past?filter_keyword=Working+Families&grant_id=OR2022-86804,documented (funder database),May duplicate the same grant shown on OSF entity 990 Schedule I rows
Department of Homeland Security (USCIS),,CHIRLA,250000,FY2022 (start 2021-10-01),,Citizenship and Integration Grant Program,USASpending.gov federal award record,https://www.usaspending.gov/award/ASST_NON_21CICET00204_070,documented (federal award),Federal grant for stated program; no record found that funds paid for protests
Department of Homeland Security (USCIS),,CHIRLA,250000,FY2023 (start 2022-10-01),,Citizenship and Integration Grant Program,USASpending.gov federal award record,https://www.usaspending.gov/award/ASST_NON_22CICET00277_070,documented (federal award),Federal grant for stated program; no record found that funds paid for protests
Department of Homeland Security (USCIS),,CHIRLA,450000,FY2024 (start 2023-10-01),,Citizenship and Integration Grant Program: citizenship instruction and naturalization services,USASpending.gov federal award record,https://www.usaspending.gov/award/ASST_NON_23CICET00327_070,documented (federal award),Federal grant for stated program; no record found that funds paid for protests
Small Business Administration,,American Muslims for Palestine,10000,2020,,Economic Injury Disaster Loan (EIDL) advance grant (COVID program),USASpending.gov federal award record,https://www.usaspending.gov/award/ASST_NON_EIDLGT:3303369636_073,documented (federal award),Federal grant for stated program; no record found that funds paid for protests
U.S. Agency for International Development,,Tides Center,24695784,2016 award,,Civil Society Innovation Initiative - fiscal agent (international),USASpending.gov federal award record,https://www.usaspending.gov/award/ASST_NON_AIDOAAA1600007_072,documented (federal award),Federal grant for stated program; no record found that funds paid for protests
